dGrainHBS,FaceCovMax,SwellLink,rResolBulk,DatomFissGBx,StickProb,fNucleate,vResol,rResolGBB,C1,C2,C3,C4,C5,C6,Porosity,Fuel_Swelling
6.69E-05,0.76601533,0.057398921,4.32E-09,14938.90999,3.60E-07,1.35E-09,2.85E-18,4.67E-07,10.91098222,0.041399034,3.73E-06,2.34E-13,7.01E-38,0,0.097020614,9.326678486
6.19E-05,0.594928538,0.019026218,2.35E-09,48171.60173,3.43E-07,1.42E-09,3.14E-18,6.35E-07,0.625174998,3.583967532,10.67109977,2.371335584,0.002050132,4.58E-12,1.496736655,10.9349095
4.39E-05,0.711814301,0.024910246,3.62E-09,36275.0408,2.31E-07,1.35E-09,1.33E-18,7.96E-07,0.547857203,1.482120614,6.280435841,7.810463229,0.502719926,7.71E-05,2.124242629,11.70099225
3.63E-05,0.753217478,0.075006564,9.37E-10,10153.06579,2.61E-07,1.90E-09,3.20E-18,9.38E-07,1.676783242,4.232378126,11.63320476,9.801633326,0.551640336,1.75E-06,3.118301491,12.96246636
5.51E-05,0.901750123,0.068948304,2.99E-09,8692.869526,3.51E-07,1.48E-09,3.82E-18,2.71E-07,7.475764894,0.003736631,4.31E-08,4.99E-28,0,0,0.005308253,9.226412778
9.69E-05,0.856855506,0.029056379,1.69E-09,27313.09417,1.64E-07,3.28E-10,1.86E-18,5.69E-07,0.205910205,0.450143941,1.052803015,2.663042793,4.900035577,2.381715508,5.220090946,15.75105516
7.25E-05,0.503197907,0.036758309,3.27E-09,14004.80932,3.30E-07,1.67E-09,3.61E-18,7.63E-07,11.9803758,0.041794485,9.36E-06,3.65E-07,4.43E-10,3.39E-34,0.29636062,9.545262404
1.44E-05,0.572685039,0.017561208,1.90E-09,9057.526374,5.92E-08,2.82E-09,1.70E-18,7.32E-07,2.600936101,5.243067328,10.53861105,5.983266083,0.275849179,7.74E-10,3.429205871,13.38964619
7.90E-05,0.546649014,0.045395092,8.68E-10,22347.36513,3.58E-07,7.94E-10,3.90E-18,5.59E-07,0.553605361,1.061977929,2.003915298,3.847849558,3.771527997,0.526316414,4.701081342,15.05967898
6.01E-05,0.798284307,0.041131792,1.05E-09,43710.50154,2.83E-07,3.54E-10,1.08E-18,6.80E-07,0.123345503,0.250390497,0.527394448,1.181996048,2.458717548,2.697861991,6.705727331,18.02939391
9.27E-05,0.817835673,0.065887838,2.71E-09,27690.67027,3.41E-07,4.74E-10,3.22E-18,9.38E-07,0.430868505,2.686097673,9.237194896,2.258274651,0.00250778,1.75E-10,1.238814646,10.63720239
5.63E-05,0.833132383,0.074555566,1.09E-09,33064.43795,8.08E-08,1.82E-09,1.30E-18,5.96E-07,0.551064978,1.05423237,2.167704426,4.501623714,5.227655539,1.959560882,6.523935529,17.63859407
6.72E-05,0.601061663,0.057435316,2.61E-09,32028.11949,2.59E-07,1.11E-09,3.33E-18,5.10E-07,0.899482118,9.213348104,8.784255311,0.167338046,1.54E-06,1.64E-27,0.830200271,10.22058185
2.37E-05,0.661854015,0.07172234,2.62E-09,39459.60768,2.46E-07,2.65E-09,2.21E-18,6.55E-07,1.120546706,5.976826829,12.93284282,1.922173467,0.000779245,4.61E-13,1.293278467,10.80379894
8.15E-05,0.535683949,0.069306611,3.36E-09,44656.21391,4.99E-08,9.13E-10,2.33E-18,8.54E-07,0.474178661,1.317921948,8.250485077,6.858591796,0.026718152,2.23E-07,2.052555935,11.59855862
8.54E-05,0.887150798,0.013858087,1.57E-09,41166.47819,9.89E-08,9.36E-10,1.42E-18,4.75E-07,0.30787302,0.664204283,1.520803059,3.599117465,5.445166996,2.518923709,5.948177189,16.76557774
3.41E-05,0.792278032,0.059610197,1.96E-09,26848.71077,2.76E-07,1.73E-09,1.40E-18,8.80E-07,0.661260191,1.581106682,4.205780041,8.54618085,3.847391189,0.06356703,3.485487199,13.4525646
5.01E-05,0.530770753,0.048540712,2.69E-09,13112.49396,2.55E-07,1.08E-09,2.98E-18,5.38E-07,5.981286779,16.16003241,2.71707932,0.001287357,1.62E-07,2.17E-29,0.331670558,9.785740279
7.61E-05,0.741944038,0.06796278,2.74E-09,8099.726118,1.92E-07,2.15E-09,2.29E-18,6.99E-07,17.5590068,16.99078325,0.465115565,1.97E-05,5.97E-25,0,0.130899363,9.532986025
5.07E-05,0.571271342,0.063200148,9.26E-10,39882.28773,2.26E-08,1.60E-09,3.34E-18,4.50E-07,0.753851835,1.363822108,2.215948722,3.197461636,3.360611478,1.114459393,6.188096888,17.03355425
6.13E-05,0.657779541,0.036986072,3.38E-09,47326.05451,1.44E-07,2.06E-09,3.44E-18,6.32E-07,8.197840052,13.44765084,0.344575679,2.10E-06,2.07E-26,0,0.215011013,9.609841965
5.10E-05,0.871577711,0.016411857,1.93E-09,33477.13012,7.22E-08,2.66E-09,1.65E-18,7.16E-07,0.905870824,2.189184006,5.829154416,11.30210715,3.222699976,0.003910221,3.858585732,13.90224523
7.75E-05,0.81308587,0.050007216,1.18E-09,39281.13245,2.03E-07,2.51E-09,2.21E-18,5.01E-07,0.668308958,1.513863291,3.825929411,7.978900452,5.138408833,0.263675032,4.499836029,14.77562944
2.25E-05,0.508114336,0.07650244,3.71E-09,32268.58332,3.20E-08,5.92E-10,2.27E-18,6.84E-07,0.457036704,1.241791852,7.972280898,6.720490553,0.009738213,7.45E-08,1.864239693,11.38126947
3.93E-05,0.687789685,0.066016926,1.99E-09,24191.29226,9.24E-08,1.93E-09,2.76E-18,3.13E-07,1.270947765,4.454562616,15.69131329,4.339985535,0.000885913,2.18E-13,1.927215978,11.47766871
2.53E-05,0.897635006,0.065048936,3.13E-09,49717.61194,1.82E-07,2.76E-09,3.67E-18,2.51E-07,13.44280614,9.935778947,0.04775715,1.45E-07,2.63E-28,0,0.004127001,9.399758691
6.42E-05,0.790041624,0.069209033,8.22E-10,13882.8489,5.54E-08,2.78E-09,1.14E-18,2.84E-07,1.39362113,2.382942421,4.11034276,6.278330728,4.497184773,1.022161094,6.854046397,18.07340541
5.94E-05,0.525112001,0.079865794,2.40E-09,35783.32394,3.69E-07,2.03E-09,1.68E-18,7.75E-07,0.71109958,1.730708889,5.968303664,6.732394612,0.995836945,0.000108496,2.450485453,12.12152846
8.69E-05,0.861812381,0.073200667,4.08E-09,36487.9067,3.33E-07,1.10E-09,1.57E-18,7.94E-07,0.557982922,2.626124962,9.407368249,3.032310784,0.018907726,3.63E-08,1.329884306,10.74918269
7.42E-05,0.591448152,0.072875971,3.45E-09,10768.87938,2.60E-07,2.42E-09,2.49E-18,3.05E-07,21.05728364,0.87070076,0.00032676,6.04E-11,1.64E-34,0,0.093248873,9.323591009
6.42E-05,0.747722168,0.019930821,4.50E-09,39139.15643,3.96E-07,2.75E-09,1.59E-18,7.12E-07,3.845826752,13.15554617,3.38176061,0.01969837,2.04E-07,4.48E-29,0.498466376,9.9527985
1.73E-05,0.604047368,0.061357678,3.48E-09,42055.74607,9.93E-08,2.53E-09,3.87E-18,8.45E-07,18.02701353,4.606159367,5.36E-05,5.64E-12,1.07E-35,0,0.000342422,9.250536067
4.64E-05,0.526476847,0.055792324,2.65E-09,48456.06163,2.92E-07,5.35E-10,3.39E-18,6.24E-07,0.292738473,0.924747078,7.098099504,4.550097309,0.042410317,2.43E-07,1.437500013,10.86987855
9.56E-05,0.616711641,0.010053912,4.81E-09,19646.27109,2.24E-07,9.53E-10,2.53E-18,3.01E-07,14.42646775,4.941595474,0.004930166,3.43E-08,4.88E-29,0,0.545887156,9.843881161
1.85E-05,0.811675172,0.02895296,2.10E-09,19993.93528,3.12E-08,2.35E-09,2.99E-18,2.99E-07,2.115145233,10.93024697,18.40295622,0.421974625,6.54E-08,1.64E-30,1.428292906,10.90171532
2.00E-05,0.712485526,0.010895492,2.58E-09,31352.87952,1.47E-07,1.29E-09,1.29E-18,5.35E-07,0.505709611,1.176438165,3.143717563,7.536409547,4.1624471,0.072804871,3.529445154,13.51083502
4.59E-05,0.524883395,0.012638586,4.38E-09,41416.03216,2.50E-07,2.77E-09,3.35E-18,3.84E-07,9.153002878,0.007902689,2.29E-05,3.52E-07,3.32E-28,0,0.242577159,9.486200059
1.00E-05,0.825239108,0.035445906,3.42E-09,9378.889289,3.17E-07,1.97E-09,3.65E-18,6.59E-07,0.408230412,7.22E-06,9.78E-12,1.12E-33,0,0,1.16E-05,9.220626922
8.44E-05,0.769628759,0.07563438,3.56E-09,23565.74639,3.46E-07,2.60E-09,2.26E-18,8.02E-07,14.11752293,10.73290414,0.191815496,3.73E-05,9.38E-17,0,0.089370801,9.52753272
7.97E-05,0.809400931,0.042142854,1.38E-09,29843.55757,5.98E-08,1.24E-09,1.78E-18,4.94E-07,0.514587134,1.044346735,2.326034646,5.184230924,5.856948941,1.359540952,5.777882705,16.49757922
5.22E-05,0.810016707,0.053495408,2.29E-09,11389.4874,2.99E-07,1.14E-09,1.68E-18,9.50E-07,1.15172128,3.297817723,11.67717732,6.748740197,0.111641237,8.05E-07,2.137104755,11.72135993
7.88E-05,0.768587281,0.029195046,2.54E-09,20084.59436,1.92E-07,1.89E-09,2.18E-18,3.42E-07,1.513038816,8.217039698,14.11832564,1.178599933,9.78E-05,1.86E-24,1.518933202,10.97209839
3.24E-05,0.839844775,0.073739486,6.79E-10,47524.4003,4.88E-08,2.62E-09,3.61E-18,4.18E-07,0.688161345,1.333770606,2.812349196,5.909946902,6.046974951,1.213923366,6.053623311,16.83927633
3.67E-05,0.572931175,0.044382618,4.04E-09,31748.00742,3.28E-07,2.41E-09,1.32E-18,3.55E-07,1.180213505,6.87210602,11.3810721,1.065329616,0.001258011,5.11E-12,1.067203304,10.52314499
2.18E-05,0.639442272,0.042331391,3.43E-09,26664.6976,2.96E-07,1.01E-09,3.98E-18,7.27E-07,13.94138548,4.748550464,0.0019739,4.19E-09,1.64E-30,0,0.000703054,9.334465571
1.12E-05,0.829212633,0.052405091,6.84E-10,14637.18647,3.80E-07,1.75E-09,3.46E-18,6.09E-07,1.041664499,2.399604648,6.038968566,10.03355966,3.812020143,0.045861375,4.175826436,14.35727811
9.79E-05,0.575461616,0.05412464,4.68E-09,40459.91401,1.34E-07,2.27E-09,3.10E-18,3.81E-07,16.31983715,0.813324183,5.56E-06,7.21E-14,1.32E-38,0,0.243458665,9.487169224
8.06E-05,0.904458887,0.066737629,2.29E-09,8228.645717,2.79E-07,4.09E-10,1.12E-18,6.80E-07,0.51865649,1.208750778,3.137226468,6.887921212,4.678913022,0.28255678,3.750941104,13.79852407
5.18E-05,0.849763863,0.044866759,2.04E-09,18151.87638,1.69E-07,2.53E-09,3.72E-18,8.85E-07,9.402110293,20.00204703,1.816737834,4.84E-05,2.76E-24,0,0.178494174,9.624400104
8.66E-05,0.727415508,0.050291368,4.19E-09,43199.7851,3.45E-08,2.94E-09,1.94E-18,6.98E-07,1.666780602,14.86299729,9.61986585,0.016229717,1.87E-09,3.92E-33,0.922976931,10.28560353
7.03E-05,0.577398958,0.010169099,1.81E-09,6653.904686,1.29E-07,2.77E-09,3.07E-18,5.40E-07,17.62344504,24.56353661,0.943032953,7.86E-06,6.86E-26,0,0.474651063,9.80966347
2.49E-05,0.717004781,0.050961414,1.48E-09,22257.54633,1.83E-07,1.90E-09,2.23E-18,5.18E-07,0.922350691,2.198157059,6.203196873,10.14151985,1.945016671,0.000641259,3.364530149,13.2867304
1.39E-05,0.569126668,0.034300521,2.03E-09,30176.90915,7.86E-08,1.97E-09,1.95E-18,8.14E-07,0.891673062,1.803023265,4.063930487,7.460305142,2.164059769,0.00882726,3.571643184,13.57024262
9.54E-05,0.709687588,0.063732089,4.18E-09,23131.65358,1.48E-07,8.06E-10,4.00E-18,7.19E-07,14.60376188,1.73030621,1.01E-06,5.61E-14,2.03E-38,0,0.179923409,9.417478667
2.30E-05,0.590915323,0.07336103,4.27E-09,38547.04929,6.65E-08,1.54E-09,2.37E-18,8.81E-07,2.218099034,14.37423309,5.123550443,0.001863568,1.45E-10,7.53E-35,0.377894224,9.891699628
7.00E-05,0.90101605,0.033508121,1.09E-09,42811.76318,2.47E-07,1.18E-09,2.23E-18,2.64E-07,0.355456602,0.782697404,1.853610644,4.417607977,5.847330328,1.774091534,5.175732423,15.71396104
9.08E-05,0.660168642,0.0144825,2.84E-09,15299.9128,8.61E-08,2.00E-09,1.05E-18,5.58E-07,1.235585552,2.84684987,7.612468032,8.999548455,1.342424455,0.000114145,3.769029295,13.78447339
1.50E-05,0.764459724,0.034104701,2.80E-09,40007.09662,2.53E-09,4.28E-10,3.76E-18,5.81E-07,0.349627399,0.91711195,5.725863527,8.84781026,0.002957392,6.64E-13,1.989561811,11.5167588
8.57E-05,0.845924912,0.037091618,1.33E-09,31125.88907,1.31E-07,2.72E-09,2.67E-18,4.42E-07,1.028501387,2.577926738,7.505787704,11.91050329,1.618838995,8.56E-05,3.578239545,13.516377
6.21E-05,0.716053745,0.050340893,3.50E-09,29377.96441,2.44E-07,8.00E-10,3.24E-18,7.21E-07,3.361739648,12.03624431,2.472854551,0.000889444,1.77E-10,2.58E-34,0.303633366,9.748279869
9.96E-05,0.903615343,0.067838972,1.93E-09,39416.6455,1.18E-07,2.98E-09,2.02E-18,8.18E-07,0.944480391,2.432946998,7.875220113,10.92456739,1.035870334,2.30E-05,3.087222325,12.90241647
8.13E-05,0.547335194,0.025039006,3.96E-09,34556.73174,3.36E-07,5.41E-10,2.54E-18,3.04E-07,0.463304135,5.279559771,7.801170518,0.319847774,6.21E-05,2.36E-09,1.018006752,10.37045643
5.90E-05,0.515739939,0.044486475,1.15E-09,44524.77861,1.97E-07,1.60E-09,3.79E-18,8.15E-07,0.625320905,1.216882678,2.372851356,4.823794062,3.180179837,0.149765736,3.971553876,14.06949339
8.95E-05,0.64920161,0.010426346,4.36E-09,41731.42414,8.45E-08,2.88E-09,2.63E-18,4.33E-07,16.62652742,8.517859804,0.00970643,6.52E-09,1.15E-30,0,0.465678314,9.74315094
1.15E-05,0.718769614,0.048328376,9.03E-10,16259.95761,9.11E-09,7.80E-10,3.68E-18,4.14E-07,0.774035739,1.440840941,2.686282852,5.339547257,5.322566276,0.689916032,5.645908845,16.22518314
1.30E-05,0.822570402,0.012387966,3.05E-09,12320.4978,3.63E-07,6.36E-10,3.67E-18,9.10E-07,13.01863876,8.047200874,0.039240964,8.06E-07,7.19E-27,0,0.004112782,9.432927643
7.42E-05,0.718746666,0.010626366,8.91E-10,40253.75306,1.85E-07,2.57E-09,1.68E-18,4.72E-07,0.639133007,1.179115185,2.237659011,4.299122842,4.493529338,1.440206264,6.645332467,17.76977617
5.23E-05,0.775585986,0.031612867,3.08E-09,17051.17581,8.85E-08,1.33E-09,3.20E-18,9.02E-07,9.461563201,17.17539819,0.58325072,1.69E-06,9.31E-27,0,0.140666377,9.537142228
5.60E-05,0.558926965,0.032014618,6.07E-10,23223.02271,1.57E-07,2.15E-09,1.37E-18,7.01E-07,0.920924184,1.573176593,2.348983036,2.996120963,2.746259694,1.130779518,8.005142621,20.00767507
9.68E-05,0.872609269,0.068409293,4.57E-09,32805.68865,2.29E-08,6.08E-10,1.62E-18,7.78E-07,0.42863317,1.128879492,5.480967636,9.386316384,0.399838325,1.47E-07,2.380707887,12.00001802
4.07E-05,0.558463417,0.018827106,1.32E-09,46342.25334,2.80E-07,2.23E-09,3.45E-18,5.91E-07,0.704688726,1.634083892,5.232738144,7.851956192,1.373542441,2.20E-05,3.043001707,12.86968559
8.70E-05,0.795162551,0.076725164,3.99E-09,28631.94436,1.58E-07,3.77E-10,1.08E-18,4.93E-07,0.22663526,0.527832113,1.390379469,4.373705091,4.80127833,0.358705667,3.317730427,13.21989241
8.74E-05,0.90581802,0.042086493,2.46E-09,33148.60314,4.42E-08,8.37E-10,2.91E-18,2.63E-07,0.552238002,1.490838827,7.74613688,8.975232589,0.068873423,5.33E-09,2.394208437,12.00804757
6.20E-05,0.681792589,0.02036035,3.70E-09,38439.6478,8.25E-08,1.87E-09,2.68E-18,7.30E-07,3.612090949,15.5562705,3.908135963,0.000427588,6.18E-14,0,0.540979224,9.897120969
8.91E-05,0.586164491,0.051486595,3.40E-09,42773.06083,2.19E-07,3.70E-10,3.76E-18,4.61E-07,0.320722114,3.669410793,8.139272511,0.533917945,1.03E-05,7.33E-26,0.971827865,10.31816921
1.08E-05,0.770956334,0.023418403,3.91E-09,7439.054264,2.18E-07,6.03E-10,3.55E-18,8.67E-07,11.01667016,0.01872493,7.50E-08,2.35E-19,0,0,0.000200943,9.224355273
3.99E-05,0.553692332,0.038363464,2.55E-09,46458.19043,2.68E-07,1.78E-09,3.02E-18,6.01E-07,0.859837084,6.64149921,11.07333769,0.668238523,4.16E-05,5.31E-25,1.014126996,10.45378618
8.64E-05,0.73575487,0.041456321,3.67E-09,48632.07583,1.02E-07,1.15E-09,2.10E-18,8.87E-07,0.529659151,2.065556335,10.33287032,4.072424551,0.006438871,4.20E-10,1.741165403,11.22235459
8.11E-05,0.758413951,0.044695356,2.42E-09,29442.39941,6.51E-08,1.40E-09,1.11E-18,5.72E-07,0.555565796,1.180483074,2.818706449,6.280549405,5.454836011,0.570653036,4.842195755,15.23914548
4.97E-05,0.744071345,0.038487385,6.25E-10,18951.82918,1.16E-07,2.59E-09,1.97E-18,5.90E-07,1.143222226,1.992245524,3.418062324,5.498648812,4.409717266,1.078906375,6.790466946,17.98998121
3.55E-05,0.811172131,0.015558024,2.67E-09,40366.89194,1.03E-07,2.01E-09,1.96E-18,7.80E-07,0.786733205,2.17259214,9.571026242,8.258508224,0.141116986,1.33E-07,2.229501293,11.83341987
1.03E-05,0.500666791,0.018085196,2.51E-09,21942.1305,3.98E-07,9.29E-10,2.55E-18,8.28E-07,0.780917108,4.364642674,11.13059543,2.191324091,0.002857484,8.64E-09,1.209877447,10.70463469
7.66E-05,0.816806283,0.067094391,2.17E-09,30236.5116,1.33E-07,1.26E-09,3.50E-18,7.67E-07,0.910485365,5.49669182,13.19391948,1.702678152,3.12E-05,2.52E-25,1.365534058,10.80303648
2.61E-05,0.643153022,0.031855222,7.96E-10,17093.24374,5.76E-08,2.30E-09,3.47E-18,9.87E-07,1.49017553,2.653621149,4.562018978,6.703128856,3.329046004,0.136971207,5.264454128,15.78576395
7.40E-05,0.637119966,0.023024398,1.27E-09,31736.43324,7.96E-08,7.28E-10,2.48E-18,4.20E-07,0.411579113,0.785232528,1.465550446,2.95623235,4.244894892,1.522277895,6.029379409,16.83352604
7.30E-05,0.84243643,0.010741388,2.23E-09,42377.12736,3.19E-07,1.47E-09,3.50E-18,4.88E-07,0.785801559,5.780496999,11.21423847,0.907148994,7.58E-05,1.65E-24,1.268896119,10.67136153
1.82E-05,0.87950027,0.05296005,3.93E-09,37736.96615,2.01E-07,2.74E-09,1.22E-18,8.92E-07,1.007878924,3.849776901,12.06109548,3.89177299,0.020845794,1.58E-08,1.587905295,11.09175067
1.59E-05,0.505602312,0.041037824,1.03E-09,16940.63565,1.66E-07,1.30E-09,2.35E-18,3.35E-07,0.975540783,1.729443182,2.696694645,3.546937105,2.765087092,0.590156204,5.457514031,16.18673911
7.73E-05,0.632596847,0.069332953,3.94E-09,31864.82538,2.22E-07,5.83E-10,3.64E-18,9.79E-07,4.707929879,10.87962368,0.624123423,8.66E-06,6.28E-17,0,0.184470246,9.608671655
8.20E-05,0.722601995,0.072518411,1.45E-09,16319.5879,2.72E-07,2.67E-09,3.81E-18,6.97E-07,2.89937292,17.21477853,10.92893883,0.099147787,9.32E-08,3.58E-30,0.924538065,10.37094672
4.48E-05,0.706987523,0.02268738,3.22E-09,14241.612,1.72E-07,1.35E-09,3.48E-18,9.57E-07,19.23072994,3.822170922,0.000334403,8.81E-11,7.51E-34,0,0.089741324,9.338870258
7.06E-05,0.634672795,0.057252278,4.65E-09,46713.19307,2.85E-07,1.47E-09,3.01E-18,4.96E-07,12.66791561,4.288278595,0.002254605,1.41E-08,1.76E-29,0,0.148709273,9.464266634
6.95E-05,0.585249086,0.011979991,3.14E-09,26100.36668,3.62E-07,4.27E-10,3.88E-18,7.20E-07,1.311342207,9.824713418,3.816755017,0.007659339,1.55E-08,1.14E-30,0.653522547,10.02248214
2.55E-05,0.894296895,0.064607367,4.75E-09,8047.584868,2.23E-07,2.47E-09,1.51E-18,7.76E-07,22.83157578,1.988490552,0.003573647,5.64E-09,4.05E-31,0,0.000506403,9.266171918
8.38E-05,0.804374547,0.017904779,6.59E-10,33730.65961,2.61E-07,2.82E-09,2.39E-18,8.13E-07,0.731452636,1.43949474,3.103308193,6.028727541,5.235499383,1.160945313,6.105529842,16.98797092
7.14E-05,0.885472182,0.01205376,4.98E-09,15152.41444,2.11E-07,6.22E-10,3.58E-18,6.74E-07,7.648570255,0.001544189,9.09E-10,1.25E-22,0,0,0.239445329,9.482762947
9.53E-05,0.652048136,0.016378887,6.63E-10,45291.22361,1.06E-08,2.14E-09,3.44E-18,8.91E-07,0.789331698,1.412200355,2.269212147,3.350377992,3.704187398,1.506859746,8.59319191,20.29338293
5.58E-05,0.800929222,0.026378794,4.56E-09,18637.48805,2.14E-07,2.28E-09,1.25E-18,7.40E-07,3.135197057,14.95331833,6.697581697,0.084792092,1.32E-06,8.17E-28,0.64455844,10.08691158
1.62E-05,0.541933825,0.040486731,4.44E-09,26754.60714,3.90E-07,1.83E-09,1.19E-18,3.91E-07,1.051406098,5.994708572,10.84394221,1.219919548,0.002693781,6.51E-11,1.016498997,10.49275264
9.82E-05,0.889691293,0.051389069,3.99E-09,16179.22,1.27E-07,1.48E-09,1.93E-18,7.64E-07,5.699348388,16.80916753,3.332785714,0.001841838,1.05E-10,2.10E-35,0.447419481,9.870630613
1.35E-05,0.812843123,0.015784876,5.00E-09,47672.07057,3.10E-07,2.92E-09,3.71E-18,6.94E-07,0.303793641,5.89E-08,5.07E-14,2.79E-36,0,0,4.02E-06,9.220652969
8.79E-05,0.728408458,0.073440958,2.01E-09,46181.80508,2.48E-07,7.36E-10,1.57E-18,9.56E-07,0.239939389,0.531480094,1.291696978,3.342139882,5.217149174,1.380188921,4.38777267,14.65451776
2.15E-05,0.723131247,0.021088178,2.38E-09,45995.3652,1.32E-07,1.93E-09,1.50E-18,4.43E-07,0.538106102,1.273818741,3.467144232,8.400022114,3.746722121,0.029132179,3.458361753,13.41173066
2.13E-05,0.714672995,0.018433512,4.65E-09,21847.55329,2.96E-07,3.25E-10,1.41E-18,6.13E-07,0.297138361,0.818348727,4.763805798,6.096509005,0.352462969,9.04E-05,1.579693339,11.06349856
6.27E-05,0.581467291,0.027871384,4.40E-09,34397.28105,2.24E-07,2.31E-09,2.65E-18,2.96E-07,16.25299942,3.520234505,0.001304104,2.85E-09,6.01E-31,0,0.268067371,9.542420935
5.32E-05,0.661700245,0.02831852,2.96E-09,19337.22142,2.83E-08,1.88E-09,3.93E-18,4.27E-07,20.75811271,11.10628833,0.0001799,7.99E-12,4.87E-36,0,0.169663346,9.406232672
7.85E-05,0.509140575,0.064096017,4.73E-09,12548.05055,2.21E-07,2.52E-09,1.60E-18,9.76E-07,20.59173834,5.326850843,0.018740091,8.56E-07,2.66E-09,8.92E-33,0.163310061,9.456132581
6.76E-05,0.538163629,0.042902324,2.70E-09,38862.9083,3.16E-07,2.05E-09,2.22E-18,6.87E-07,0.911511759,4.877331442,11.84501425,2.196930468,0.002359703,1.14E-08,1.500985026,10.94703026
4.28E-05,0.54705435,0.037786727,4.80E-09,34085.95636,2.20E-07,2.29E-09,1.91E-18,5.08E-07,9.576925203,12.26413102,0.358558751,9.42E-05,9.33E-15,0,0.137874327,9.6107281
2.74E-05,0.609138628,0.037906704,4.81E-09,42162.89235,1.48E-07,1.96E-09,3.40E-18,8.68E-07,12.74347817,0.056577335,3.33E-08,1.07E-21,0,0,5.73E-05,9.22742244
1.02E-05,0.774700452,0.047607015,1.10E-09,37944.90903,2.26E-07,1.64E-09,3.49E-18,8.70E-07,0.594112007,1.432606502,3.920491919,9.624153716,3.62130777,0.00873513,3.541056265,13.50505692
6.53E-05,0.752046582,0.020322959,4.61E-09,32884.81368,1.56E-07,2.19E-09,3.58E-18,8.20E-07,6.459859597,0.000229136,7.94E-11,3.09E-32,0,0,0.246113096,9.490081132
9.13E-05,0.520065031,0.069448043,3.37E-09,26717.78811,1.36E-07,2.46E-09,3.83E-18,7.46E-07,18.95835905,0.503678685,2.00E-05,1.19E-06,2.17E-09,7.64E-33,0.152863391,9.387826164
3.30E-05,0.739013558,0.035325659,9.42E-10,23927.92986,1.30E-07,8.74E-10,2.97E-18,8.95E-07,0.496408157,0.989647758,2.139276204,4.800705667,5.498225557,1.072698552,5.273183522,15.83819412
2.38E-05,0.555636346,0.018154059,3.64E-09,8537.86544,5.86E-08,7.68E-10,2.59E-18,7.83E-07,9.562764903,18.3356354,0.754185722,1.02E-05,1.59E-25,0,0.057757928,9.494171169
9.41E-05,0.536709015,0.046441169,4.97E-09,8444.449624,1.26E-08,1.09E-09,3.84E-18,9.63E-07,1.219521911,0.000183559,1.21E-05,1.04E-24,0,0,0.301342232,9.550736146
1.77E-05,0.829720314,0.076466379,4.72E-09,10102.70394,2.41E-07,1.21E-09,3.57E-18,3.50E-07,0.001261745,6.13E-10,5.36E-17,2.07E-41,0,0,1.25E-05,9.220632802
3.61E-05,0.702044593,0.029293618,2.07E-09,16748.49085,2.73E-07,5.32E-10,2.01E-18,2.55E-07,0.456234117,1.124322629,3.355572383,8.492713098,2.770834829,0.010130783,2.912668254,12.7026422
4.57E-05,0.68536085,0.060766402,4.07E-09,42260.63308,3.22E-07,6.20E-10,1.48E-18,6.43E-07,0.279120625,0.734495786,3.487092586,6.714225788,0.944796672,0.000905281,1.861382357,11.38591358
1.80E-05,0.875164179,0.074786891,1.60E-09,42543.66476,1.55E-07,6.44E-10,3.19E-18,4.05E-07,0.293636507,0.691010034,1.849279682,6.080440764,5.139955513,0.090427053,3.425974949,13.35410108
7.37E-05,0.555307659,0.077400037,4.95E-09,25215.74287,9.76E-08,2.22E-09,1.45E-18,6.37E-07,3.466672194,16.02144899,5.558397691,0.017304609,1.04E-07,5.38E-30,0.505618191,9.989972806
7.48E-05,0.708913957,0.018664742,4.15E-09,35635.27462,3.35E-07,2.94E-09,3.15E-18,3.87E-07,10.0277625,0.020754301,7.03E-07,3.23E-18,0,0,0.329528025,9.581716508
7.60E-05,0.615919462,0.052831871,4.49E-09,48298.23731,1.95E-08,1.77E-09,3.36E-18,9.72E-07,10.87600577,12.9611695,0.003858305,7.26E-11,6.19E-34,0,0.194535894,9.449153724
4.36E-05,0.645675784,0.033105159,3.10E-09,7151.14733,1.97E-08,1.20E-09,2.06E-18,4.87E-07,3.181481562,21.1406827,11.37187628,0.003023216,1.34E-12,1.16E-41,0.916545518,10.30014663
2.52E-05,0.614046113,0.078038588,1.94E-09,16798.03619,3.29E-07,5.50E-10,1.35E-18,7.17E-07,0.400721856,0.828930916,1.867221003,4.273714424,4.318039394,0.74758776,4.104167393,14.30768538
6.51E-05,0.681180417,0.074201298,4.78E-09,7022.068168,1.33E-07,9.86E-10,3.08E-18,2.99E-07,1.284335237,6.36E-07,2.34E-13,3.72E-36,0,0,0.059401,9.285525269
5.27E-05,0.677483986,0.026012118,3.83E-09,12826.76072,2.22E-07,3.97E-10,2.91E-18,8.92E-07,4.230640907,12.36469081,1.900675226,0.000441627,3.88E-11,1.45E-35,0.289904926,9.740517095
4.62E-05,0.739479025,0.042236935,4.72E-09,8741.287318,3.16E-07,8.45E-10,2.32E-18,2.67E-07,16.02587015,0.47523169,0.00015397,1.48E-10,3.84E-33,0,0.038647725,9.293393192
3.81E-05,0.699655349,0.061249851,4.69E-09,32767.75752,7.03E-08,1.15E-09,2.68E-18,9.39E-07,6.518041518,14.02920526,0.655831706,1.31E-06,8.03E-27,0,0.049520881,9.504536526
7.36E-05,0.589136091,0.04022969,3.82E-09,35900.66394,9.57E-08,2.44E-09,1.36E-18,7.77E-07,1.013873506,3.591037,12.80022044,4.56632719,0.011736301,1.11E-09,2.056232849,11.60566384
3.73E-05,0.877510278,0.075175918,4.26E-09,36210.1175,6.85E-08,2.84E-09,1.64E-18,6.66E-07,1.651281979,13.22495556,10.31843611,0.122147072,1.82E-07,1.87E-29,0.781210014,10.31551193
4.63E-05,0.759475034,0.079791011,3.03E-09,35415.97037,3.07E-08,2.40E-09,3.59E-18,4.80E-07,7.363273324,19.25307019,1.544522433,2.08E-07,1.82E-28,0,0.114901641,9.450155398
7.89E-05,0.684590932,0.041617618,2.14E-09,32457.65821,2.35E-07,5.79E-10,2.79E-18,5.22E-07,0.345874707,0.884279563,3.538992644,8.234890448,1.534858198,0.000347411,2.602853982,12.27836886
4.00E-05,0.843581479,0.061718495,2.39E-09,28044.31437,3.81E-07,2.56E-09,2.39E-18,3.46E-07,1.542497396,10.27590862,11.21534559,0.48276715,4.69E-05,5.80E-25,0.912190961,10.44446034
8.96E-05,0.697334788,0.016845696,4.35E-09,28978.95455,1.85E-07,2.05E-09,1.36E-18,7.69E-07,1.221227246,7.832058847,11.61961205,0.804792816,0.000234448,1.26E-14,1.403290063,10.82572871
9.97E-05,0.510767992,0.072327575,3.58E-09,29919.02931,2.94E-07,1.31E-09,2.91E-18,9.02E-07,6.815438592,12.67790021,0.580151443,0.000102052,8.02E-08,1.38E-10,0.214260974,9.67549606
7.69E-05,0.834187459,0.017473996,4.92E-09,27509.90042,1.76E-07,1.88E-09,1.69E-18,7.10E-07,5.773532073,14.57397216,2.069258419,0.001819742,3.30E-10,2.96E-34,0.444872258,9.890474247
3.32E-05,0.582946402,0.075817173,4.06E-09,28275.91856,2.31E-07,2.96E-09,3.90E-18,5.09E-07,1.125638469,5.25E-07,3.32E-13,1.36E-35,0,0,7.64E-06,9.220622132
7.12E-05,0.763825069,0.018540771,1.63E-09,27730.69153,3.94E-07,1.53E-09,2.87E-18,9.48E-07,0.779989229,2.154918549,8.95940874,7.910772843,0.228650427,2.27E-06,2.428858101,12.05729885
5.72E-05,0.67088356,0.073931951,6.53E-10,23823.31466,3.90E-07,6.89E-10,1.43E-18,8.18E-07,0.338473804,0.619402987,1.113765443,2.155725306,3.241854868,2.057542552,6.634319091,17.90913154
2.42E-05,0.786804879,0.032552603,2.67E-09,6943.644078,3.39E-09,1.18E-09,1.73E-18,8.72E-07,2.229315123,6.207248949,20.62657341,6.276301069,6.81E-05,5.83E-25,2.6966557,12.38332733
6.34E-05,0.823415321,0.031786323,2.56E-09,35096.47566,1.62E-07,2.69E-09,3.12E-18,5.04E-07,3.604415564,16.59529835,5.213861318,0.004480652,5.12E-10,4.19E-34,0.547333151,9.951229746
6.54E-05,0.851746965,0.076222145,3.57E-09,46653.34053,3.92E-07,8.11E-10,2.15E-18,9.68E-07,0.387439554,1.83050282,8.250784204,3.07262673,0.021611609,5.39E-08,1.18979584,10.62790305
1.81E-05,0.541087654,0.033740226,4.43E-09,45475.31595,2.57E-07,6.87E-10,2.22E-18,9.98E-07,0.43081857,4.121082325,8.576976951,0.658699598,0.000204604,7.02E-09,0.747554294,10.23827159
3.84E-05,0.804152123,0.028153753,4.16E-09,29236.01748,1.46E-07,1.59E-09,2.82E-18,7.88E-07,14.46126035,8.070712189,0.019347155,5.61E-08,6.30E-29,0,0.002118034,9.373978367
6.39E-05,0.545815281,0.060078564,1.94E-09,33599.84055,2.03E-07,2.75E-09,2.94E-18,9.79E-07,1.314429086,6.678201302,13.70498772,2.126222272,0.000169414,6.14E-09,1.588548067,11.06532217
3.39E-05,0.733140434,0.015774458,3.96E-09,36659.19677,8.73E-08,1.13E-09,1.93E-18,9.64E-07,0.679520004,3.62069856,11.67719588,2.670191158,0.0006429,1.67E-13,1.332624768,10.83056307
4.21E-05,0.855006763,0.075995846,2.28E-09,33004.45434,3.15E-07,1.16E-09,2.80E-18,9.46E-07,0.652648914,2.565081658,10.67662912,4.0723341,0.016164439,4.49E-09,1.515594344,11.01602152
1.55E-05,0.691554652,0.035875644,3.60E-09,11314.73179,3.61E-07,2.35E-09,3.74E-18,7.23E-07,0.008954412,9.94E-08,3.55E-14,2.00E-37,0,0,5.03E-06,9.220616608
8.82E-05,0.730062619,0.032441684,1.25E-09,49837.50535,2.51E-07,1.63E-09,2.61E-18,6.85E-07,0.434962756,0.964338278,2.430049387,6.066002378,5.289960473,0.390540758,4.4064709,14.63319541
3.71E-05,0.724731427,0.025210115,1.57E-09,14712.01145,2.93E-07,9.68E-10,2.13E-18,6.13E-07,0.735381871,1.807569755,5.224262186,9.696134378,2.248071445,0.003607518,3.16128425,13.02581162
8.50E-05,0.868888514,0.012927694,1.14E-09,21237.3596,3.91E-07,1.50E-09,1.02E-18,3.20E-07,0.538081374,1.162246825,2.711486638,5.530434847,5.221888327,1.480288835,5.336213107,15.9556718
5.39E-05,0.630235078,0.070589372,1.05E-09,10530.78677,1.29E-08,2.73E-09,3.03E-18,5.94E-07,2.571623372,4.392059135,7.408920383,7.910471069,1.348355987,6.57E-05,4.163121863,14.25141493
9.09E-05,0.782940784,0.046090637,1.54E-09,16970.30016,2.04E-07,1.72E-09,2.76E-18,7.44E-07,1.274862032,3.586271769,13.19350895,7.477211618,0.060014889,2.05E-08,2.560987426,12.22502619
5.11E-05,0.60644934,0.043981099,1.76E-09,31397.69257,9.69E-08,1.91E-09,1.80E-18,9.15E-07,0.771028875,1.498494441,3.069642236,5.936000737,3.658572882,0.206273384,4.409448024,14.66985478
5.67E-05,0.857735445,0.068596767,2.30E-09,22762.24097,1.73E-07,2.46E-09,3.14E-18,7.03E-07,4.773827521,18.27600809,5.058167024,0.003222293,1.91E-10,4.78E-35,0.390993172,9.914853681
6.07E-05,0.695767713,0.04691505,1.06E-09,28590.32991,8.89E-08,1.64E-09,2.67E-18,6.58E-07,0.732981559,1.404212097,2.848888709,5.71921264,4.908604669,0.509693103,5.203219872,15.71012437
1.52E-05,0.567447422,0.055861461,3.92E-09,37272.45675,3.57E-07,1.80E-09,3.05E-18,6.20E-07,14.03390083,4.911442003,0.006328384,8.80E-08,2.60E-28,0,0.000896838,9.37498754
5.53E-05,0.717540458,0.067285074,1.52E-09,35338.01441,3.38E-07,2.44E-09,1.17E-18,7.18E-07,0.603216792,1.249778705,2.901810092,5.766897378,4.615297322,0.745294942,4.521975345,14.87251173
4.24E-05,0.788920214,0.019243108,4.25E-09,24106.52665,1.50E-07,8.83E-10,2.40E-18,9.05E-07,3.323607036,13.19261002,3.201868495,0.001852044,3.62E-10,5.85E-34,0.265907297,9.799739796
4.31E-05,0.56647685,0.026593069,8.96E-10,46402.68004,4.44E-08,3.46E-10,3.85E-18,8.00E-07,0.230751377,0.441575357,0.798803424,1.310932748,2.060009993,2.017529007,7.394178091,18.7373412
3.22E-05,0.564600474,0.070053212,3.07E-09,6579.400066,1.88E-07,1.59E-09,1.91E-18,4.99E-07,11.58235437,20.11234038,1.570034881,0.000460198,6.48E-14,0,0.11784113,9.650994726
3.00E-05,0.751493059,0.014557419,3.16E-09,23962.07479,2.51E-07,2.97E-09,2.81E-18,6.57E-07,18.57562579,7.752035656,0.030165386,2.41E-07,5.00E-28,0,0.002760002,9.366101446
2.22E-05,0.60940378,0.035951727,2.08E-09,9629.829568,2.26E-07,2.99E-09,3.69E-18,4.44E-07,26.62670702,4.646947814,0.001236531,1.60E-10,4.00E-34,0,0.000483746,9.242740659
1.65E-05,0.701091622,0.021252293,3.17E-09,40411.31488,2.99E-08,2.34E-09,1.41E-18,7.26E-07,0.817139559,2.00609146,6.49308568,10.85386476,1.268478839,6.70E-06,3.141317219,12.98152105
6.28E-05,0.563896118,0.022011384,2.60E-09,28663.60363,2.17E-07,2.17E-09,2.69E-18,5.84E-07,1.817679655,13.4718462,8.637094115,0.101083233,4.70E-07,7.49E-29,0.957746808,10.3257495
5.51E-05,0.844715048,0.011122959,4.52E-09,20570.21331,1.37E-07,4.41E-10,1.17E-18,6.65E-07,0.367809123,0.944154833,3.683988938,7.915416374,1.477059959,0.001125587,2.395450501,12.03347708
9.58E-05,0.749791648,0.039706386,2.99E-09,16591.04339,6.21E-08,2.93E-09,1.48E-18,5.79E-07,2.249438042,9.013075466,17.99384085,2.452381836,0.000127963,2.22E-24,2.053555227,11.60627393
8.84E-05,0.507093177,0.03527804,4.46E-09,27957.2485,1.12E-07,1.32E-09,2.85E-18,8.10E-07,14.50913884,7.601439914,0.008752508,1.80E-06,4.29E-08,1.66E-11,0.363971903,9.657090318
4.08E-05,0.873352594,0.063855207,4.98E-09,26590.72285,3.31E-08,2.25E-09,3.04E-18,2.93E-07,18.59132275,0.086253137,1.00E-09,3.20E-31,0,0,7.48E-05,9.22106127
7.71E-05,0.861148113,0.05391189,2.39E-09,35584.17673,3.18E-07,2.11E-09,2.64E-18,5.76E-07,1.085697156,6.748027058,12.25973293,1.108207943,0.000218651,7.49E-15,1.227442445,10.64724388
9.14E-05,0.65152654,0.051998706,7.68E-10,19808.66417,3.69E-07,4.98E-10,3.54E-18,8.45E-07,0.376549,0.731553555,1.470190618,3.221505199,4.413243194,1.46677497,5.438194467,16.07016981
3.65E-05,0.528439585,0.051655274,4.09E-09,15042.99786,3.05E-07,6.05E-10,1.41E-18,8.12E-07,0.670792115,2.924060375,10.05598826,3.316940035,0.022008743,6.89E-08,1.371867522,10.82099818
3.17E-05,0.600679173,0.037702192,7.80E-10,36780.99393,1.52E-07,2.24E-09,3.78E-18,4.73E-07,0.839829822,1.552513067,2.735130896,4.691143792,3.944376738,0.498564186,5.160581182,15.69780641
3.42E-05,0.797644706,0.037974978,3.20E-09,45671.94217,6.79E-09,2.79E-09,1.03E-18,8.59E-07,0.787068314,1.63959149,3.889178191,8.327615521,5.446686299,0.103044257,4.840821479,15.17730122
9.88E-05,0.693870159,0.04659255,3.42E-09,18874.18647,3.49E-07,2.76E-09,2.17E-18,3.57E-07,15.87102204,10.74142866,0.180869724,2.94E-05,2.24E-24,0,0.280585465,9.659628814
3.67E-05,0.580696625,0.041689741,1.84E-09,11791.65413,3.55E-07,1.10E-09,3.24E-18,8.57E-07,1.649805015,11.17715711,11.75371513,0.38647932,8.42E-06,2.25E-26,0.968662058,10.46763031
9.43E-05,0.628239361,0.063414074,4.59E-09,18707.65828,3.58E-07,1.17E-09,2.70E-18,6.14E-07,15.02495019,0.862958164,0.000129122,2.27E-10,1.53E-32,0,0.185489327,9.441585879
1.94E-05,0.84036087,0.054916767,3.36E-09,49832.48191,3.00E-07,2.33E-09,2.99E-18,6.78E-07,6.241191273,13.37014114,0.911321859,0.000202969,5.70E-14,0,0.067950875,9.642577155
1.26E-05,0.784172222,0.052483944,3.64E-09,34308.93309,1.26E-07,1.06E-09,1.88E-18,7.57E-07,0.611830133,2.341040599,10.63822199,4.242236928,0.012162452,1.65E-09,1.540629252,11.04231487
9.95E-05,0.781351679,0.018893361,4.68E-09,28196.33872,3.53E-07,1.91E-09,1.96E-18,9.22E-07,11.51747118,9.470675247,0.152429333,6.20E-05,6.94E-15,0,0.416507629,9.821876806
5.73E-05,0.5857153,0.059820065,4.90E-09,16858.78763,1.18E-08,3.53E-10,1.57E-18,3.98E-07,0.488951642,1.292394489,6.614573868,9.348497268,0.089642679,4.48E-07,2.350830494,11.96012519
5.46E-05,0.615009639,0.076301985,2.45E-09,19940.38095,9.98E-08,2.18E-09,2.01E-18,7.05E-07,1.5086479,5.878841859,15.2358516,3.507407036,0.000733201,1.74E-13,1.873659903,11.41085295
1.52E-05,0.883525852,0.03640455,3.04E-09,43313.26095,1.27E-07,1.83E-09,1.21E-18,7.52E-07,0.54804012,1.340698327,3.816790951,8.979892027,3.026078909,0.013106299,3.141429235,12.99691197
9.50E-05,0.724274836,0.033839061,3.85E-09,36112.96392,1.78E-07,1.17E-09,3.95E-18,3.85E-07,14.10164113,4.458645563,0.000379271,1.49E-10,6.94E-33,0,0.32576827,9.589062419
9.93E-05,0.798825912,0.078526508,4.63E-09,45497.06886,5.51E-08,2.95E-09,1.88E-18,5.32E-07,3.231470064,16.52747475,5.157427458,0.00190388,1.01E-10,2.31E-35,0.470168767,9.904096722
1.41E-05,0.831777651,0.028808476,9.66E-10,28814.85312,3.63E-08,8.99E-10,3.65E-18,7.51E-07,0.484622306,1.044563237,2.476373322,5.934990547,6.920312318,0.709797325,5.160467872,15.60709377
4.74E-05,0.654426296,0.064847272,3.04E-09,34982.44313,3.84E-08,4.81E-10,2.57E-18,2.51E-07,0.344714217,0.885122144,4.003844638,9.255292294,0.901823484,1.06E-06,2.340196366,11.95941031
9.72E-05,0.539164417,0.058166805,4.23E-09,10308.9255,1.95E-07,2.71E-09,1.55E-18,9.66E-07,21.25351657,9.62895302,0.098364491,4.07E-06,1.03E-11,1.31E-37,0.236799475,9.559018441
5.95E-05,0.814824234,0.032905809,3.46E-09,8614.288787,3.08E-07,4.34E-10,2.34E-18,5.42E-07,2.376394446,12.81968184,4.86038845,0.029102197,1.29E-07,1.95E-29,0.480235449,9.972969792
7.45E-05,0.705621809,0.013273694,4.76E-09,25644.17204,3.54E-07,2.00E-09,2.49E-18,2.91E-07,14.39963245,0.282652687,6.22E-05,6.28E-11,1.43E-33,0,0.351070692,9.605407135
5.71E-05,0.563254058,0.047979416,1.37E-09,17199.31974,1.67E-07,1.67E-09,1.76E-18,4.66E-07,1.021166579,1.856327165,3.271526658,5.036676851,3.15529555,0.3119383,4.804053255,15.2345484
2.70E-05,0.670123453,0.032197692,2.08E-09,44702.8393,5.68E-08,6.93E-10,1.05E-18,7.27E-07,0.271756787,0.515345218,0.950832897,1.896684728,3.277322776,2.299884791,6.450824628,17.55445578
5.45E-05,0.853745024,0.071678148,4.96E-09,7365.006354,1.06E-07,6.45E-10,1.21E-18,6.90E-07,1.559421895,10.81709669,11.23876382,0.387741051,1.37E-05,5.90E-26,0.904549733,10.43272144
5.42E-05,0.900154962,0.033281923,4.18E-09,32400.21432,1.28E-07,2.24E-09,2.95E-18,4.29E-07,17.67867645,3.986432475,0.000296214,1.01E-10,1.49E-33,0,0.067877423,9.324638028
4.58E-05,0.513618517,0.053792781,1.24E-09,17800.51961,2.66E-07,2.58E-09,1.84E-18,9.84E-07,1.337146148,2.353233353,3.820933069,4.891039456,2.350109287,0.175404702,4.390599365,14.69388057
5.24E-05,0.685800716,0.053703339,3.55E-09,44481.44745,6.27E-08,2.11E-09,2.26E-18,5.50E-07,1.109915288,8.39221321,12.70130368,0.399852273,7.69E-07,2.98E-28,1.07652518,10.51629524
8.09E-05,0.732242287,0.040969313,4.21E-09,21733.09673,1.25E-07,2.91E-09,3.99E-18,5.22E-07,0.019388985,3.79E-10,8.51E-25,0,0,0,0.229036174,9.471340349
7.63E-05,0.899628426,0.013478271,2.00E-09,32671.03814,1.90E-07,1.71E-09,3.53E-18,6.19E-07,1.067604393,6.656347588,13.32556334,1.226680982,2.63E-05,1.87E-25,1.468872071,10.90967004
2.95E-05,0.819438577,0.053481294,3.16E-09,13524.33022,1.63E-07,1.32E-09,3.82E-18,9.78E-07,19.49667288,1.532680346,1.01E-05,6.79E-17,0,0,0.000265347,9.233254333
8.16E-05,0.640786168,0.077143001,2.81E-09,21957.80934,3.07E-07,1.62E-09,1.53E-18,6.52E-07,0.938269742,2.80961324,10.74370227,6.021679019,0.09745719,9.48E-07,2.011671353,11.56301776
5.49E-05,0.542805662,0.015932682,3.73E-09,39016.12884,3.76E-07,7.76E-10,3.35E-18,6.53E-07,3.54693799,10.52969723,1.490211252,0.000453347,1.52E-07,1.51E-29,0.389999643,9.815604507
2.99E-05,0.906138271,0.017315826,1.92E-09,48206.57428,2.93E-07,1.36E-09,2.75E-18,9.60E-07,0.471946608,1.233411773,5.031987413,8.694219878,1.027248029,0.000100143,2.339573512,11.97406642
1.53E-05,0.808661051,0.026912142,4.01E-09,42340.18302,2.15E-08,2.74E-09,2.83E-18,8.98E-07,8.239948208,18.74373205,0.837347206,5.45E-08,2.00E-29,0,0.06257396,9.397334576
9.29E-05,0.728666834,0.071213295,1.00E-09,29734.95412,3.57E-07,1.33E-09,3.16E-18,6.60E-07,0.543890523,1.223183769,3.152031426,7.354438849,4.631393043,0.161307658,4.080061673,14.22057451
5.55E-05,0.672530061,0.025283902,3.70E-09,33355.67012,2.61E-07,1.30E-09,3.27E-18,8.36E-07,11.04452343,8.860892267,0.058229061,9.96E-07,1.04E-26,0,0.192285303,9.571516098
6.10E-05,0.58730513,0.035539557,4.73E-09,11975.20646,1.51E-07,2.29E-09,3.04E-18,3.12E-07,0.016053477,1.72E-08,1.17E-15,5.34E-40,0,0,0.217319257,9.458485351
5.34E-05,0.755586166,0.058605547,4.13E-09,29563.89082,2.10E-08,6.39E-10,2.07E-18,6.40E-07,0.543945004,1.564077295,10.72864859,5.607879994,0.001075996,2.23E-13,1.824161967,11.3255061
1.48E-05,0.678077112,0.07184289,2.93E-09,49546.57248,2.35E-07,2.63E-09,1.02E-18,4.01E-07,0.567423913,1.338497884,3.636335156,7.786368079,3.195245228,0.037692228,3.190139305,13.07563353
7.77E-05,0.543862485,0.064250848,8.29E-10,34677.08011,1.80E-07,1.61E-09,1.35E-18,4.78E-07,0.592970705,1.048713267,1.667373524,2.327624997,2.570356876,1.354718406,7.121098926,18.60196232
6.08E-05,0.861313625,0.076643138,1.81E-09,41302.46437,2.79E-07,2.74E-09,1.33E-18,5.41E-07,0.646760367,1.512079304,3.898583655,7.878364512,4.637793885,0.220794675,3.833778513,13.91480382
2.83E-05,0.575854106,0.063311413,1.74E-09,38261.65841,5.91E-09,2.85E-09,1.65E-18,5.14E-07,1.15204896,2.020350316,3.101941088,4.114397781,3.328580046,0.686603956,5.924237074,16.66861821
9.39E-05,0.62155389,0.062996539,7.18E-10,36144.59198,3.78E-07,7.59E-10,3.70E-18,4.57E-07,0.348302324,0.663164788,1.247310948,2.533154161,3.788058294,1.721081602,5.700620257,16.44829383
6.74E-05,0.607914553,0.059063196,2.52E-09,31254.58285,1.56E-09,2.38E-09,3.13E-18,6.48E-07,1.698141741,9.026609473,19.19242152,0.09512744,1.26E-06,8.79E-28,1.572744039,11.017668
8.02E-05,0.778575071,0.02809624,2.16E-09,10853.42938,3.45E-07,2.16E-09,3.29E-18,6.71E-07,18.36070264,13.01066042,0.199423689,5.81E-06,8.58E-26,0,0.296542237,9.65108482
5.84E-05,0.799235203,0.030773194,1.77E-09,15193.40193,1.58E-07,2.98E-09,1.98E-18,9.14E-07,2.016850216,5.92557014,16.66949574,6.169298049,0.020696006,5.69E-10,2.472656593,12.12450298
5.70E-05,0.568198942,0.037207654,4.06E-09,26182.74489,3.82E-07,1.01E-09,3.72E-18,8.11E-07,13.5263126,0.621275823,1.07E-05,6.59E-12,8.97E-35,0,0.197048711,9.443572759
9.15E-05,0.505561038,0.022174731,4.54E-09,41467.92436,1.03E-07,2.48E-09,3.54E-18,2.53E-07,12.90084044,0.02278983,1.32E-05,7.77E-07,3.13E-09,1.47E-32,0.447845314,9.71195865
7.24E-05,0.607714473,0.042707031,4.60E-09,33201.54315,1.46E-08,2.65E-09,2.97E-18,4.55E-07,22.54881174,5.912338634,1.06E-06,2.93E-20,0,0,0.2309103,9.47339843
5.81E-05,0.570106504,0.057149991,4.12E-09,20958.55895,1.08E-07,1.66E-09,2.42E-18,5.97E-07,13.56733512,12.28932297,0.123017308,7.50E-07,3.01E-27,0,0.130779762,9.504261542
4.91E-05,0.554757311,0.074369255,1.62E-09,32679.7735,8.49E-08,1.11E-09,1.22E-18,8.95E-07,0.524547527,0.955984462,1.58720825,2.425446808,2.909853513,1.417596677,6.215098889,17.23408301
2.59E-05,0.851434646,0.070909163,4.47E-09,44881.16004,3.88E-07,2.19E-09,3.64E-18,9.07E-07,6.526828808,0.001226824,9.14E-09,3.61E-22,0,0,2.75E-05,9.226389588
2.48E-05,0.628190393,0.055189735,3.95E-09,9204.010563,3.13E-07,1.36E-09,1.79E-18,8.06E-07,14.06839364,12.40283172,0.337299359,0.000132417,7.56E-15,0,0.026118901,9.533930707
3.45E-05,0.617135837,0.061682932,2.48E-09,45858.2703,4.00E-07,4.58E-10,1.40E-18,6.20E-07,0.168669595,0.363993281,0.863438634,2.315327744,4.260236129,1.420560559,3.819107973,13.92010656
4.77E-05,0.647112382,0.038910358,1.90E-09,10643.42803,1.05E-07,2.53E-09,1.80E-18,3.02E-07,2.23271582,6.062031762,14.49438315,5.815160402,0.031168838,4.53E-11,2.611623104,12.31593478
7.38E-05,0.508402654,0.059918142,2.17E-09,15260.41979,1.75E-07,1.44E-09,1.58E-18,5.32E-07,1.057942423,2.106811051,4.588219092,6.213418761,1.58988027,0.011416088,3.340879327,13.25053557
9.07E-05,0.641252563,0.059679429,3.41E-09,10460.3455,1.93E-07,2.51E-09,3.31E-18,9.59E-07,5.018660036,0.000344686,6.08E-10,3.75E-31,0,0,0.179140368,9.416620415
7.44E-05,0.737843294,0.055688188,3.81E-09,14875.15569,1.60E-07,1.38E-09,1.47E-18,4.64E-07,1.517286029,9.244752454,12.51515543,0.731618555,8.03E-05,1.44E-24,1.198987944,10.6158384
5.08E-05,0.5876591,0.050236827,7.03E-10,25319.29349,3.19E-07,1.21E-09,1.10E-18,7.70E-07,0.50871165,0.900405541,1.470328373,2.363089762,2.899445588,1.54736668,6.749146284,18.09897753
3.17E-05,0.501918589,0.075586984,2.61E-09,18992.64065,3.61E-07,2.79E-09,1.50E-18,5.69E-07,1.593678207,5.847204656,10.76367677,3.546729832,0.005980045,2.91E-09,1.647451798,11.17054931
6.12E-05,0.891784326,0.015611158,3.50E-09,10959.77797,2.15E-07,5.44E-10,1.39E-18,4.46E-07,0.716939697,2.050675981,9.193137561,6.491539105,0.148050907,2.05E-06,2.023824048,11.57134473
9.60E-05,0.760399811,0.043108255,1.18E-09,30468.15545,1.07E-07,1.39E-09,2.57E-18,3.95E-07,0.582501933,1.233988259,2.936194328,6.667525773,5.567321733,0.409796476,4.952947418,15.35378657
3.86E-05,0.852472935,0.014904433,2.35E-09,40761.9098,1.45E-07,1.29E-09,3.79E-18,7.05E-07,0.816749317,6.527353812,11.82767651,0.562707899,2.46E-06,3.03E-27,0.969066762,10.45661891
1.97E-05,0.629384072,0.020607138,4.12E-09,45900.29696,1.23E-07,8.28E-10,3.40E-18,4.64E-07,3.177530673,11.55669556,2.107242711,4.14E-05,8.18E-13,2.72E-38,0.155826734,9.644726582
9.48E-05,0.818229435,0.079086748,1.96E-09,9005.804619,2.89E-07,1.34E-09,3.66E-18,7.79E-07,9.902862187,18.94023294,1.394014171,0.00013992,1.40E-15,0,0.190930484,9.643181404
7.53E-05,0.860419613,0.079581675,4.14E-09,41323.29893,3.56E-07,1.97E-09,2.19E-18,5.27E-07,4.890619891,12.6755677,1.701874592,0.002379196,1.78E-09,1.13E-32,0.161364152,9.737871839
6.87E-05,0.693710364,0.016145945,3.48E-09,6780.231869,3.40E-07,1.36E-09,3.00E-18,9.81E-07,8.087907878,0.00925003,3.45E-07,1.10E-18,0,0,0.303517864,9.553126446
2.80E-05,0.590213554,0.047865814,1.50E-09,20841.95285,3.47E-07,2.61E-09,3.57E-18,7.84E-07,1.961475161,11.27069636,13.84690758,0.580690605,1.16E-05,3.45E-26,1.123326148,10.64621887
7.94E-05,0.665286256,0.057999829,2.24E-09,41110.28303,3.67E-07,2.22E-09,2.08E-18,6.63E-07,0.750728538,2.106827289,9.070641557,7.012174944,0.186761419,3.36E-06,2.165727017,11.74404196
7.32E-05,0.630594529,0.078718594,2.48E-09,41990.4625,2.70E-07,1.43E-09,3.73E-18,5.93E-07,1.092603385,10.99902837,7.079653562,0.05512012,1.40E-07,2.32E-29,0.609192951,10.08940581
8.17E-05,0.541574352,0.02352113,2.19E-09,44765.23863,3.98E-07,2.42E-09,3.25E-18,9.99E-07,1.140639514,9.482416075,9.935626669,0.311983866,1.28E-05,4.71E-10,1.183109551,10.57102452
8.92E-05,0.651005265,0.020741815,4.79E-09,26536.21712,1.40E-07,2.64E-09,2.79E-18,4.41E-07,10.67492223,0.011286374,3.57E-08,2.75E-28,0,0,0.400662516,9.659983097
2.08E-05,0.561810344,0.067633837,3.83E-09,44332.00223,3.64E-07,4.48E-10,1.21E-18,2.78E-07,0.179623422,0.418020863,1.123646761,3.855926718,4.033048967,0.245400687,2.733280297,12.48351371
9.90E-05,0.671810092,0.038692592,1.86E-09,7763.617833,1.86E-07,2.74E-09,3.31E-18,7.35E-07,22.64724969,17.14150517,0.227615912,9.48E-07,1.86E-27,0,0.34165525,9.649816514
4.75E-05,0.674358658,0.041577866,1.72E-09,37654.64892,1.87E-07,1.51E-09,3.32E-18,9.06E-07,0.689312097,1.904205316,8.996322463,8.122525789,0.131682527,9.73E-08,2.234086437,11.83007435
2.64E-05,0.776949927,0.062502293,2.92E-09,9896.112361,1.81E-07,2.81E-09,2.51E-18,9.53E-07,25.03405563,6.725743636,0.010358277,9.59E-09,7.41E-31,0,0.001303656,9.280392153
7.32E-05,0.514164547,0.011802235,2.12E-09,36344.2639,1.69E-07,2.28E-09,2.51E-18,9.98E-07,0.960951505,2.853053974,9.829698396,5.594971317,0.065838145,2.64E-08,2.54241458,12.20356715
7.14E-05,0.683581807,0.021527276,8.19E-10,30791.21157,2.27E-07,1.20E-09,1.10E-18,3.16E-07,0.420218098,0.762297152,1.357422194,2.577461574,3.539997087,1.960340169,7.084832714,18.5084704
8.94E-05,0.855650011,0.047780187,4.30E-09,18321.74907,4.80E-08,1.09E-09,2.56E-18,6.10E-07,8.391824535,16.59560774,0.59078312,5.89E-07,1.55E-27,0,0.245639313,9.594034582
2.27E-05,0.635498176,0.056578285,1.32E-09,6167.176793,1.47E-07,3.11E-10,1.78E-18,3.48E-07,0.620300457,1.164933362,2.208713745,4.238495853,4.23612069,0.93612977,5.182639748,15.75943467
4.76E-05,0.519453188,0.05161895,2.79E-09,47788.51488,3.84E-07,2.80E-09,2.92E-18,6.84E-07,3.622969367,13.91005316,3.784689463,0.010142647,2.61E-07,1.47E-10,0.388226874,9.882023001
5.30E-05,0.593785763,0.036619752,4.46E-09,41969.06784,2.13E-07,1.43E-09,1.74E-18,4.60E-07,0.77465286,6.632195925,9.634653111,0.506390027,9.79E-05,9.20E-16,0.962304988,10.34381969
3.48E-05,0.819620178,0.049535905,2.91E-09,33789.98214,3.35E-07,1.62E-09,1.89E-18,9.51E-07,0.76137861,2.947644452,10.82404157,3.97342522,0.025929216,2.98E-08,1.513031305,11.00743519
6.77E-05,0.671989588,0.022138896,3.89E-09,16692.85684,2.84E-07,5.08E-10,2.86E-18,8.51E-07,4.526791488,11.93774389,1.451665726,0.000435499,6.03E-11,3.79E-35,0.385012374,9.820903711
1.86E-05,0.801847536,0.05217415,1.27E-09,14632.128,3.03E-07,2.34E-09,1.76E-18,4.90E-07,1.236670595,2.968796496,7.476670105,10.31438485,2.40852514,0.008383446,3.631946006,13.64636163
6.98E-05,0.812309695,0.039926602,1.17E-09,47080.05421,7.08E-08,1.98E-09,3.34E-18,5.52E-07,0.610989408,1.429868188,3.753872136,9.339057292,4.919633446,0.012192627,4.249590089,14.39035244
2.12E-05,0.70394006,0.04245054,4.57E-09,7622.095753,1.92E-07,5.75E-10,3.43E-18,4.23E-07,5.650382618,0.000199609,1.80E-10,2.41E-21,0,0,0.000138897,9.221165007
6.52E-05,0.771441801,0.073100352,4.85E-09,18229.62222,3.78E-09,1.37E-09,2.88E-18,4.21E-07,21.97586061,8.921120345,1.21E-06,2.14E-20,0,0,0.04498936,9.269777174
3.03E-05,0.502679371,0.043432984,3.34E-09,28104.04214,3.72E-07,1.98E-09,3.32E-18,9.03E-07,16.15849013,4.065195205,0.003041366,1.18E-06,1.21E-08,2.75E-14,0.000607419,9.327796518
4.10E-05,0.896350981,0.050759685,4.52E-09,44597.56553,3.48E-07,8.55E-10,1.45E-18,3.91E-07,0.369732568,1.15172256,6.837888155,4.762727926,0.116165402,6.93E-06,1.396851078,10.85828955
9.72E-05,0.863717975,0.073603153,4.33E-09,12081.33393,5.90E-08,1.49E-09,2.14E-18,9.35E-07,18.340513,12.34244831,0.051353278,4.94E-08,1.91E-29,0,0.105466489,9.414374077
9.47E-05,0.699399542,0.0358088,9.24E-10,18677.45896,1.37E-07,4.53E-10,2.23E-18,5.80E-07,0.369180516,0.693441939,1.284521258,2.586348461,3.938264563,2.145691966,6.76416446,17.9248885
5.74E-05,0.62407962,0.071107703,4.74E-09,49408.80755,7.88E-08,9.71E-10,2.82E-18,4.73E-07,2.371119523,12.08811794,3.090441688,0.000132866,4.59E-12,4.46E-37,0.289778235,9.710698967
3.10E-05,0.754249201,0.040345379,1.56E-09,27607.78946,2.14E-07,1.67E-09,2.30E-18,3.74E-07,0.731012427,1.811866299,5.278511756,10.25585699,2.28468834,0.001942637,3.219960064,13.09529042
1.63E-05,0.678730451,0.064767216,1.68E-09,7421.039167,3.45E-07,1.52E-09,1.77E-18,3.67E-07,1.751959941,4.740887747,12.93274252,6.935869272,0.100480891,6.68E-07,2.410617451,12.07136349
9.90E-05,0.763072677,0.038992625,1.88E-09,46060.33851,2.69E-07,1.56E-09,3.92E-18,2.85E-07,0.717404936,3.772072025,11.85229228,2.65189141,0.000767551,2.91E-13,1.643354082,11.10883554
3.56E-05,0.875795317,0.012831587,3.61E-09,35467.35557,2.17E-07,2.04E-09,1.66E-18,3.65E-07,1.001177673,5.73892928,11.98060442,1.654622153,0.001033261,1.28E-12,1.175883306,10.6796429
2.86E-05,0.80917235,0.079340462,2.66E-09,41604.1922,3.91E-07,9.90E-10,1.32E-18,9.11E-07,0.322517667,0.760843146,2.044285495,5.604192265,4.308422673,0.185977702,3.103246389,12.95845795
8.37E-05,0.543489639,0.02163168,2.20E-09,34734.05061,3.25E-07,9.33E-10,3.62E-18,7.36E-07,0.617544604,3.991207353,10.73506905,1.892378447,0.000564912,3.02E-08,1.537509428,10.97617879
6.60E-05,0.579971603,0.051385957,2.72E-09,42448.44196,1.78E-07,2.42E-09,3.17E-18,5.47E-07,2.867856129,15.02704599,5.161911874,0.006626695,1.45E-09,3.83E-33,0.556934738,9.958349069
8.36E-05,0.676998672,0.075056291,8.78E-10,28741.91621,2.40E-07,7.84E-10,1.75E-18,9.16E-07,0.36288796,0.67394175,1.232469689,2.430340956,3.605788102,2.047381013,6.490251364,17.62872332
9.24E-05,0.862455861,0.074875543,1.06E-09,15929.63502,1.69E-07,2.83E-09,3.51E-18,6.07E-07,1.961228667,5.466737854,16.90664856,7.412392226,0.016654309,1.50E-10,2.670872803,12.37235316
5.04E-05,0.884950394,0.019137454,3.78E-09,38344.36546,4.02E-08,6.78E-10,3.59E-18,6.91E-07,0.729375678,10.87764147,6.513040758,0.000536592,2.07E-11,4.80E-36,0.528981158,9.887319923
9.36E-05,0.865323975,0.050470683,1.19E-09,42652.21295,2.07E-07,2.08E-09,3.05E-18,9.47E-07,0.639046214,1.539245727,4.180584443,9.786371541,3.714501679,0.01149758,3.797391084,13.81648432
6.44E-05,0.584839328,0.067551023,2.90E-09,48828.04504,9.89E-09,1.77E-09,2.86E-18,6.62E-07,0.863995684,2.767910442,15.60658976,3.623126558,2.20E-05,1.62E-08,1.899907343,11.40917538
4.21E-05,0.806192366,0.058037778,1.48E-09,9517.665736,2.26E-07,2.20E-09,1.73E-18,5.36E-07,1.819407487,4.731411805,12.17921509,9.851083734,0.58175322,2.17E-05,3.023770608,12.84491129
6.05E-05,0.649608659,0.040113008,4.38E-09,23661.29039,1.29E-07,2.77E-09,1.31E-18,6.16E-07,2.258787772,14.19369853,9.434778839,0.167603424,1.89E-06,1.39E-27,0.901722944,10.29055184
4.47E-05,0.773781145,0.054739234,2.75E-09,26215.67196,9.81E-08,2.71E-09,2.43E-18,4.91E-07,2.206340312,15.76720252,10.04340095,0.057725778,2.51E-08,3.87E-31,0.762527567,10.27691473
8.85E-05,0.772299212,0.040654682,1.85E-09,30918.54618,1.83E-07,2.90E-09,2.17E-18,9.12E-07,1.142769266,3.120252096,11.05373152,8.857935096,0.19698144,5.39E-07,2.726699408,12.43099626
3.24E-05,0.686324585,0.016585937,2.71E-09,49267.027,2.98E-07,1.27E-09,2.28E-18,5.64E-07,0.47462212,1.34384167,7.536075021,6.273679301,0.156752333,1.72E-06,1.733200219,11.24471163
4.37E-05,0.773334106,0.045595838,2.05E-09,39211.08842,2.89E-07,2.73E-09,3.63E-18,4.40E-07,2.002020886,14.00296783,7.711741816,0.053694385,7.99E-08,4.99E-30,0.599637305,10.14079179
5.87E-05,0.796288095,0.038011737,2.07E-09,36877.97784,4.51E-08,1.03E-09,1.43E-18,4.84E-07,0.399374348,0.845734005,1.971499554,4.719245156,6.103323615,1.309602388,5.257683994,15.79716614
5.06E-05,0.882344945,0.060235137,9.33E-10,30911.3005,2.39E-07,2.38E-09,2.42E-18,7.68E-07,0.74132119,1.691057868,4.194399577,8.271330942,5.590120462,0.398995451,4.624636113,14.96609534
3.14E-05,0.711476032,0.024633693,9.14E-10,16357.50399,2.84E-07,8.20E-10,2.94E-18,3.64E-07,0.584540713,1.213741739,2.791603256,6.064539201,4.999083183,0.515213619,4.636493511,14.99841057
8.01E-05,0.534939205,0.075948754,1.31E-09,10009.94956,1.34E-07,2.03E-09,3.50E-18,2.93E-07,2.402822242,8.184024566,12.75207445,3.127920258,7.51E-06,4.29E-09,2.000061942,11.55920545
5.76E-05,0.657413982,0.049070415,3.89E-09,46264.60949,1.79E-07,9.45E-10,2.88E-18,5.11E-07,1.02157958,10.16010287,5.271210078,0.019617277,3.22E-08,2.74E-30,0.51327006,9.95150435
2.90E-05,0.551485242,0.048487975,1.37E-09,28528.80723,1.98E-07,9.81E-10,3.70E-18,8.58E-07,0.577857137,1.304296359,4.011468219,7.632781007,1.861713465,3.70E-05,2.927415746,12.72272307
8.00E-05,0.890478776,0.014740849,2.81E-09,13966.8283,5.05E-08,2.47E-09,1.82E-18,4.31E-07,2.615213896,12.96505678,17.22264557,0.549969112,8.62E-07,1.97E-28,1.663304644,11.14254036
4.19E-05,0.698591362,0.035693367,1.41E-09,13800.52872,2.74E-07,8.21E-10,1.52E-18,3.96E-07,0.595034836,1.225256866,2.791554393,5.727183052,4.697006341,0.658808837,4.57196057,14.93187563
5.89E-05,0.876131924,0.051830939,4.82E-09,42115.52213,5.20E-08,2.84E-09,1.29E-18,4.06E-07,1.210267557,6.50199752,14.14347045,1.844342079,9.72E-05,1.83E-24,1.424107039,10.90034259
5.66E-05,0.597525566,0.019376521,4.58E-09,13150.41863,1.77E-07,5.00E-10,2.30E-18,9.95E-07,4.965504021,12.954624,1.610226117,0.000365535,2.10E-11,3.69E-36,0.366809843,9.80201542
3.40E-05,0.737312079,0.037223674,9.56E-10,45094.0344,4.75E-08,5.66E-10,3.33E-18,8.97E-07,0.266400013,0.515235146,1.003944533,2.182577494,4.0566155,2.731934301,6.373499544,17.30852343
8.52E-05,0.625451298,0.061166575,4.07E-09,16070.15422,1.30E-07,1.06E-09,3.80E-18,7.71E-07,12.53195627,0.021374532,6.19E-09,3.21E-22,0,0,0.179475372,9.416987358
5.00E-05,0.700299706,0.027833754,9.88E-10,12900.65626,3.39E-07,1.85E-09,2.02E-18,3.40E-07,1.118333927,2.306161927,5.180204849,7.923194636,3.354994875,0.161911847,4.471424722,14.77710194
1.17E-05,0.876719821,0.018264997,4.84E-09,17500.32031,3.17E-07,2.70E-09,3.37E-18,5.83E-07,1.74E-05,4.64E-11,3.96E-25,0,0,0,2.20E-06,9.220612
9.37E-05,0.864205722,0.079273046,1.35E-09,31515.46383,1.57E-07,2.05E-09,2.56E-18,9.27E-07,0.78970824,1.923654239,5.27642178,10.86746469,2.984501709,0.003170003,3.652397331,13.64067179
2.17E-05,0.871088436,0.059965336,4.48E-09,34990.88846,2.97E-07,2.97E-09,1.34E-18,8.57E-07,1.88646895,11.91773764,7.648717631,0.17630983,1.86E-05,1.34E-25,0.594953133,10.16219578
2.87E-05,0.771982864,0.052593568,7.58E-10,32520.13611,2.08E-07,2.88E-09,3.21E-18,7.38E-07,0.87604086,1.823570103,4.243444847,8.008310135,4.754728842,0.268919838,4.745664323,15.11962513
3.32E-05,0.692293602,0.014235475,4.20E-09,12600.55295,2.52E-07,9.84E-10,2.13E-18,5.34E-07,11.40569064,11.62517098,0.246695954,4.20E-05,3.89E-16,0,0.019449646,9.537826107
2.76E-05,0.80643408,0.034151512,2.29E-09,24235.59472,7.31E-08,1.57E-09,1.82E-18,8.43E-07,0.86787438,2.218337545,7.241367331,11.17958429,1.174315555,1.85E-05,3.005738527,12.80790944
9.57E-05,0.708425938,0.065794426,4.64E-09,38452.32771,8.34E-08,1.49E-09,1.30E-18,5.56E-07,0.685032344,2.218215819,10.55093363,5.39079763,0.034283788,1.38E-08,1.923025002,11.44908071
8.61E-05,0.666758451,0.061380591,2.59E-09,40878.53928,1.64E-07,8.47E-10,2.48E-18,7.55E-07,0.412371091,1.100913017,5.331890519,8.311869535,0.524180843,6.84E-06,2.275530183,11.87411835
3.13E-05,0.827424308,0.067043562,3.19E-09,49938.37606,2.88E-07,2.90E-09,3.33E-18,5.06E-07,12.64366573,9.679647023,0.082576295,1.94E-06,2.62E-26,0,0.006670675,9.457831721
2.91E-05,0.676126385,0.029477381,2.05E-09,23271.89628,3.07E-07,2.68E-09,1.15E-18,9.25E-07,0.950388015,2.174106915,5.528864,8.420651763,2.430780862,0.016590593,3.367142336,13.31550224
1.84E-05,0.729051356,0.01151812,1.67E-09,21649.17648,2.92E-08,1.95E-09,2.89E-18,4.11E-07,1.283737487,3.402718938,12.58913319,9.928947347,0.015178033,4.56E-11,2.811158312,12.5417577
3.63E-05,0.620086405,0.057787117,2.73E-09,31640.85852,3.39E-07,1.53E-09,3.62E-18,5.38E-07,5.863090552,13.80870504,1.376623941,0.000270103,7.62E-14,0,0.102540141,9.667795418
8.24E-05,0.631107484,0.071384178,2.17E-09,25136.15115,2.63E-07,1.76E-09,2.60E-18,5.54E-07,1.137364137,5.593369362,13.35545808,2.465261064,0.001151432,9.70E-13,1.5538461,11.02124794
7.54E-05,0.839154917,0.058731973,1.30E-09,12139.85534,3.79E-07,1.65E-09,2.46E-18,2.79E-07,1.346236591,3.589998878,10.78952331,9.602103022,0.432684461,1.23E-05,2.794715386,12.53670982
7.64E-05,0.756833585,0.063138505,1.61E-09,30024.78687,3.52E-07,8.90E-10,3.75E-18,4.85E-07,0.54067872,1.504015199,7.792161673,7.348862173,0.171626897,5.70E-07,2.07568282,11.63443145
1.92E-05,0.652370163,0.037576948,3.52E-09,45758.57502,1.24E-07,1.44E-09,2.99E-18,2.54E-07,1.763142813,12.79705631,5.081231273,0.005073168,1.15E-09,4.42E-33,0.375185493,9.91158182
7.16E-05,0.800408002,0.010286588,4.28E-09,13444.34588,1.25E-07,2.92E-09,3.11E-18,4.59E-07,0.317137683,3.18E-07,5.41E-14,1.53E-37,0,0,0.314401912,9.565088242
2.07E-05,0.556317577,0.061050947,3.18E-09,37226.39836,3.99E-07,8.26E-10,2.96E-18,2.75E-07,0.625119643,7.332515527,7.453554615,0.183284301,1.37E-05,1.20E-25,0.581035101,10.13119945
9.88E-05,0.707458702,0.070024293,1.79E-09,20247.74032,9.06E-08,2.69E-09,2.95E-18,3.08E-07,2.007772104,9.042522728,17.85775519,1.743328153,1.19E-05,2.88E-26,1.78135569,11.29064
9.05E-05,0.805610104,0.040429056,3.74E-09,35841.32234,3.08E-07,3.59E-10,1.01E-18,5.85E-07,0.168447991,0.381673767,0.956740159,2.755121442,4.535262374,0.965120159,3.595862969,13.57605069
5.64E-05,0.689272517,0.067342053,3.65E-09,15538.94958,1.96E-07,2.57E-09,4.00E-18,3.34E-07,0.136857515,7.50E-08,1.46E-14,4.02E-38,0,0,0.042959968,9.26754981
2.68E-05,0.729944991,0.020965616,4.86E-09,44426.74594,3.86E-07,2.17E-09,1.63E-18,7.61E-07,2.813284353,11.86876397,3.615788355,0.023782552,4.98E-07,3.02E-28,0.271062884,9.884347805
3.16E-05,0.557593743,0.058964415,3.89E-09,45420.28806,2.83E-07,2.33E-09,1.62E-18,3.51E-07,0.943450227,6.215998532,10.95076201,0.974543747,0.000645098,6.04E-13,0.980051343,10.48233788
4.04E-05,0.613478205,0.014013888,2.13E-09,25816.46789,7.21E-08,2.00E-09,1.23E-18,4.93E-07,0.873566044,1.64389436,3.17473973,5.609276526,3.745760906,0.32224665,5.128348201,15.65676445
7.52E-05,0.527896587,0.013570798,2.53E-09,39506.96642,2.99E-07,2.23E-09,2.75E-18,5.88E-07,1.159814481,9.21577926,10.47321112,0.378675777,1.60E-05,3.56E-09,1.264993396,10.66507655
4.39E-05,0.727084227,0.029516274,1.13E-09,19464.07056,2.71E-07,8.78E-10,3.02E-18,8.24E-07,0.569184869,1.30531343,3.44351611,8.099788376,4.23549808,0.04924343,3.794794846,13.84457985
6.33E-05,0.69059153,0.022903248,1.07E-09,20708.64654,1.26E-07,2.19E-09,1.70E-18,6.22E-07,0.978774906,1.787812405,3.356443976,5.718177769,4.227099442,0.690094095,5.959700209,16.79722065
4.15E-05,0.626629661,0.068072779,4.91E-09,30812.57309,2.76E-07,1.45E-09,3.15E-18,7.60E-07,10.68870714,0.03207449,3.07E-07,1.63E-14,3.05E-39,0,0.001785748,9.23568466
9.59E-05,0.596508559,0.070418948,1.83E-09,8816.489517,1.13E-07,8.07E-10,1.00E-18,9.40E-07,0.893146327,1.60796526,2.808047972,4.523268677,3.524090144,0.682422798,5.341015491,15.97069351
9.64E-05,0.654882574,0.060721941,3.10E-09,37438.22692,2.65E-07,2.13E-09,2.52E-18,6.68E-07,2.114606635,13.14369853,6.087103986,0.044377541,1.63E-07,2.45E-29,0.65475374,10.06748582
1.92E-05,0.734975275,0.047130996,2.03E-09,43108.79431,2.00E-07,2.54E-09,2.14E-18,8.61E-07,0.795681807,2.11509371,7.787801548,9.53289726,0.562674503,1.18E-05,2.499984697,12.17265623
9.61E-05,0.807233512,0.0285505,3.60E-09,33327.65851,1.74E-07,1.32E-09,1.39E-18,9.18E-07,0.60171609,1.651238574,7.314236025,7.729000583,0.333458601,1.17E-05,2.376646352,11.98886684
7.91E-05,0.620064027,0.016503745,3.68E-09,44154.21152,3.50E-07,5.24E-10,1.99E-18,9.86E-07,0.263636606,0.728138324,4.69045899,5.908741013,0.295051328,3.80E-05,1.896470957,11.39563909
9.79E-05,0.663864676,0.070328184,2.78E-09,49342.1118,8.20E-09,2.24E-09,2.21E-18,5.07E-07,0.833662683,2.148157364,8.884959999,10.74950778,0.050234723,4.53E-11,2.883214426,12.6122104
3.12E-05,0.842102482,0.012290428,1.02E-09,41802.24333,2.69E-08,4.93E-10,3.60E-18,8.52E-07,0.246311922,0.52023205,1.162129718,2.816666166,5.353623529,2.985189114,5.946327678,16.67923021
1.14E-05,0.821514043,0.045789729,3.98E-09,11477.93245,2.18E-07,5.94E-10,2.40E-18,9.84E-07,5.946019848,13.87255817,1.369896005,0.000396971,1.51E-13,1.69E-43,0.102775849,9.679335024
4.11E-05,0.742997506,0.062718802,4.76E-09,38747.81286,2.57E-07,3.84E-10,2.22E-18,8.83E-07,0.302467621,2.641471976,7.752179608,1.320905174,0.001057565,9.60E-11,0.805023504,10.26739791
7.22E-05,0.641880734,0.066836161,3.60E-09,8772.977338,1.27E-07,1.80E-09,1.12E-18,6.03E-07,2.378718919,10.17561931,15.79238791,1.543494721,0.000382962,9.70E-15,1.564082859,11.03734525
7.67E-05,0.674750035,0.0609034,6.01E-10,10421.1127,3.59E-07,2.86E-09,2.72E-18,2.72E-07,1.780530955,3.220880997,5.978160175,7.320602475,2.792580527,0.16327015,4.931426465,15.38525462
7.86E-05,0.655249922,0.026057907,1.82E-09,8521.582687,4.85E-08,5.27E-10,3.13E-18,7.49E-07,1.023765857,2.824448459,12.68658939,7.593261559,0.004929075,5.45E-12,2.685017106,12.35949907
4.85E-05,0.684014135,0.03130754,3.26E-09,33403.55228,2.62E-07,2.27E-09,2.71E-18,5.77E-07,6.953636218,14.86482783,1.217354128,0.000347739,1.31E-13,1.25E-43,0.206131469,9.692633213
8.67E-05,0.680896784,0.017115855,1.67E-09,49159.94357,2.61E-08,8.40E-10,3.12E-18,9.91E-07,0.35677485,0.762170451,1.846958744,5.438410498,5.879559664,0.13132454,4.5192249,14.7040639
4.22E-05,0.792793362,0.073024727,2.75E-09,25371.26265,3.96E-07,2.10E-09,3.94E-18,8.69E-07,17.26258039,3.924508703,0.002067306,4.61E-09,1.02E-30,0,0.000530745,9.304898339
1.47E-05,0.551163503,0.05703326,4.88E-09,38211.48001,3.93E-07,2.84E-09,2.03E-18,7.56E-07,14.89875222,4.68175589,0.013381352,1.05E-06,1.63E-26,0,0.00132793,9.395677669
6.23E-05,0.500363753,0.044279561,2.63E-09,24426.42855,1.43E-07,7.57E-10,3.31E-18,5.13E-07,0.779876293,6.009230619,11.74914939,0.76949962,7.95E-06,5.81E-09,1.229573861,10.62871575
3.90E-05,0.694845323,0.046672548,2.95E-09,48589.6653,3.06E-07,2.21E-09,2.08E-18,3.07E-07,0.804827453,4.154901959,11.33224724,2.511207501,0.004362829,3.96E-11,1.292411699,10.77530394
4.52E-05,0.844399045,0.039292689,3.59E-09,35928.11333,2.66E-08,1.91E-09,2.89E-18,8.17E-07,2.879370259,17.99611285,4.863511201,3.93E-05,2.37E-17,0,0.375538476,9.764715466
6.04E-05,0.715097996,0.043281661,7.09E-10,28387.49766,1.81E-07,1.39E-09,2.00E-18,4.87E-07,0.55835351,1.017397048,1.820469019,3.42988334,4.203721376,1.79671238,6.764178714,17.98839801
2.44E-05,0.612277254,0.033564834,4.29E-09,27895.57429,6.04E-08,1.92E-09,2.66E-18,4.71E-07,15.26857694,11.1730671,0.025310944,1.08E-08,2.14E-30,0,0.002699342,9.334838617
3.95E-05,0.725406164,0.045507489,2.77E-09,45221.21427,2.55E-08,1.62E-09,2.61E-18,6.34E-07,0.762564716,2.168441827,12.35023212,6.348402974,0.00107843,2.53E-13,2.034909327,11.58289728
8.78E-05,0.575119108,0.027137344,3.49E-09,40143.02578,2.14E-07,2.55E-09,2.27E-18,7.54E-07,3.117702951,14.44614362,4.772225504,0.015290249,1.49E-08,2.94E-31,0.741270449,10.12349016
6.79E-05,0.664343806,0.038759284,3.99E-09,24995.47999,7.69E-08,1.65E-09,2.05E-18,4.03E-07,2.487647242,15.52309363,6.533816998,0.01074844,2.05E-09,5.73E-33,0.697059276,10.06982296
6.03E-05,0.873893144,0.062125281,7.61E-10,11665.74252,2.19E-07,1.28E-09,3.23E-18,6.79E-07,1.013339049,2.348937468,5.906525947,10.31266052,4.386907811,0.059914754,4.426852469,14.67458906
9.44E-05,0.853557547,0.047901351,4.42E-09,40302.92202,1.88E-07,1.27E-09,3.26E-18,7.51E-07,12.97769975,5.41542765,0.002856418,4.47E-09,1.84E-30,0,0.213820564,9.516112516
5.95E-05,0.769800609,0.048120206,6.91E-10,30521.69081,2.70E-07,1.12E-09,2.38E-18,5.17E-07,0.422437459,0.814194421,1.660735969,3.586522417,4.728733669,2.041500021,6.222255799,17.21785716
3.54E-05,0.542450373,0.054397189,4.08E-09,41036.64844,3.32E-07,2.61E-09,1.40E-18,7.97E-07,1.056098426,6.498658666,10.99765597,1.01530845,0.001160983,1.77E-10,1.011784621,10.48511818
4.84E-05,0.603542454,0.029626263,2.90E-09,47844.27216,3.26E-07,2.34E-09,2.11E-18,2.71E-07,0.859697507,4.720539497,11.46840028,2.106599056,0.002669259,1.44E-11,1.373178665,10.8007551
2.84E-05,0.84931428,0.026714952,2.91E-09,15820.0937,2.72E-07,1.14E-09,2.85E-18,2.90E-07,5.713368514,15.32184517,2.484661298,0.001438482,1.20E-10,3.84E-35,0.18457273,9.762583589
6.35E-05,0.648777854,0.079955974,4.37E-09,43936.68679,2.06E-07,2.04E-09,3.64E-18,4.54E-07,12.81724665,0.076766576,1.26E-07,5.59E-20,0,0,0.037419507,9.264342378
3.85E-05,0.514907138,0.068311954,4.88E-09,22175.93117,2.02E-07,2.21E-09,1.81E-18,4.76E-07,15.5259053,8.752714385,0.073139305,6.13E-06,1.96E-08,4.23E-31,0.023588056,9.440578641
2.14E-05,0.503747177,0.07218901,3.08E-09,6705.79137,2.77E-07,9.96E-10,3.51E-18,8.36E-07,15.38124229,0.131293132,1.58E-05,4.51E-07,3.14E-10,1.74E-34,0.000173642,9.226819597
7.30E-05,0.574084139,0.038125759,4.56E-09,27202.37492,1.66E-07,2.06E-09,2.82E-18,3.30E-07,17.07679192,0.570274939,8.85E-06,6.91E-13,3.88E-37,0,0.266223756,9.512160094
2.63E-05,0.562239778,0.025862496,4.11E-09,19367.94736,4.55E-08,2.89E-09,1.85E-18,6.69E-07,9.731670659,21.14489649,1.857395468,2.45E-05,5.45E-25,0,0.138076584,9.596152709
3.33E-05,0.877429053,0.077716039,4.03E-09,38637.03749,3.22E-07,1.13E-09,3.88E-18,7.92E-07,12.89094126,2.537818145,0.000105326,1.14E-10,9.16E-33,0,0.000314718,9.295719653
9.02E-05,0.86659134,0.022518766,2.27E-09,20511.96561,2.16E-07,2.06E-09,3.47E-18,5.73E-07,6.936399058,17.7839452,2.659863721,0.000388032,6.28E-14,0,0.519417937,9.902800592
2.67E-05,0.55338771,0.033929757,3.75E-09,6347.35285,3.93E-07,1.39E-09,2.63E-18,3.97E-07,7.86707405,0.012801122,1.33E-06,8.19E-18,0,0,7.56E-05,9.223055451
2.55E-05,0.61808734,0.023801097,1.85E-09,19492.96394,1.98E-07,4.44E-10,1.46E-18,8.55E-07,0.330741424,0.65547753,1.358411524,3.048808867,4.194543174,1.354605312,4.868519049,15.35405148
9.94E-05,0.70487885,0.043729696,3.39E-09,48045.57798,1.36E-07,8.16E-10,2.56E-18,9.62E-07,0.428570991,1.853980157,9.582913638,3.49688124,0.004426424,2.92E-10,1.62596399,11.08106295
5.83E-05,0.537289783,0.022252449,3.24E-09,35533.49402,2.94E-08,2.43E-09,1.34E-18,3.63E-07,0.999357486,1.956865242,4.125412617,7.099712926,1.788408356,0.000776238,3.97876146,14.06239058
8.42E-05,0.58853022,0.035054207,1.11E-09,36835.04617,1.38E-07,2.83E-09,2.63E-18,6.47E-07,0.943391816,1.752035912,3.210419328,5.427836463,3.507607512,0.254117061,5.071747608,15.54639386
8.75E-05,0.89247446,0.020460261,4.77E-09,24346.82779,1.17E-07,1.58E-09,1.60E-18,7.11E-07,2.361473636,14.07212883,6.214963708,0.035557598,5.96E-08,3.37E-30,0.771368928,10.161836
6.67E-05,0.536215478,0.015409866,4.09E-09,23042.80087,2.39E-07,1.01E-09,1.09E-18,7.37E-07,0.589656746,1.54015108,6.176624757,7.041862973,0.540080896,9.74E-05,2.427456907,12.05518211
9.84E-05,0.621826301,0.0486268,1.73E-09,11209.84147,3.64E-07,3.88E-10,1.26E-18,7.23E-07,0.396230686,0.796753374,1.709626273,3.74459215,4.192794004,1.073405744,4.794434474,15.21171473
6.90E-05,0.813571618,0.053040446,6.42E-10,14995.65065,3.21E-07,2.25E-09,2.53E-18,3.77E-07,1.098408243,2.254912327,5.090018379,8.251305139,4.626904009,0.440380875,5.161588866,15.69915244
7.82E-05,0.785775997,0.031495046,3.81E-09,8008.181343,1.04E-07,2.09E-09,3.26E-18,6.45E-07,1.823661514,1.60E-06,2.53E-13,9.34E-37,0,0,0.249686925,9.494004039
3.88E-05,0.527199791,0.07146423,4.22E-09,17275.79754,3.53E-07,1.72E-09,1.01E-18,9.88E-07,1.216555002,5.229143386,11.78147014,2.595826551,0.011808792,1.95E-08,1.355046733,10.82872208
4.83E-05,0.673545167,0.063547631,4.16E-09,38995.02705,3.97E-07,6.30E-10,3.56E-18,6.23E-07,5.994480839,8.532900058,0.110381437,5.19E-06,8.20E-17,0,0.039707101,9.518719891
2.35E-05,0.738491082,0.025624758,4.25E-09,18503.70046,3.37E-07,1.40E-09,1.90E-18,2.56E-07,7.301845104,13.71417856,0.910860185,0.001082288,1.86E-10,1.11E-34,0.068499238,9.667392707
5.82E-05,0.504605043,0.065434243,4.78E-09,24880.02503,6.52E-08,6.96E-10,1.15E-18,7.89E-07,0.498206391,1.17666314,4.377687004,6.799823374,1.378792936,2.63E-05,2.58901802,12.28414715
7.28E-05,0.797245837,0.079415997,3.72E-09,14291.5135,3.66E-07,2.36E-09,1.07E-18,9.67E-07,1.914624611,8.884174363,12.81544387,1.170609172,0.001615494,1.56E-11,1.199134999,10.64248818
5.40E-05,0.781087375,0.056150863,3.24E-09,7269.043534,1.51E-07,5.15E-10,1.90E-18,6.89E-07,1.267957111,7.666591178,13.11243971,1.001020914,7.30E-05,1.22E-24,1.18435862,10.66954662
5.85E-05,0.805156008,0.031399557,4.41E-09,16037.91965,2.63E-07,4.38E-10,3.72E-18,9.28E-07,12.79395113,2.205626262,3.37E-05,1.87E-11,5.27E-34,0,0.119128533,9.383911859
1.80E-05,0.744204273,0.045035097,2.58E-09,6151.415761,8.53E-08,2.80E-09,3.99E-18,4.48E-07,6.175974051,2.16E-05,2.54E-12,9.50E-36,0,0,2.93E-05,9.220650463
9.52E-05,0.529983973,0.052706749,2.55E-09,21350.64753,1.15E-07,2.10E-09,2.10E-18,3.72E-07,1.456920401,6.49898041,12.67684269,3.009365121,0.000182241,1.17E-08,1.901589663,11.43314133
8.89E-05,0.814992949,0.014349371,3.92E-09,41908.00174,9.39E-08,5.49E-10,1.99E-18,6.72E-07,0.313967172,0.848850143,4.953000636,7.470779056,0.348495336,1.90E-06,2.18658103,11.7480318
8.40E-05,0.645281982,0.060169767,3.18E-09,14154.37684,3.24E-07,2.14E-09,1.83E-18,6.90E-07,5.497502083,17.05390076,4.429790753,0.019720371,2.80E-08,5.42E-31,0.505028475,9.938481858
2.80E-05,0.816352624,0.045941733,1.63E-09,18456.04399,7.76E-08,2.30E-09,2.36E-18,6.38E-07,1.471512509,3.909811935,12.50425275,10.64950944,0.175653866,5.61E-08,2.886239461,12.64774847
4.18E-05,0.847738812,0.019640162,4.27E-09,20608.10277,2.09E-07,1.04E-09,2.09E-18,4.68E-07,4.186467979,13.62053686,2.841318849,0.003475764,1.42E-09,5.65E-33,0.210938864,9.802071964
6.69E-05,0.60219971,0.045318112,2.27E-09,11071.9056,2.66E-07,9.56E-10,3.13E-18,6.18E-07,2.964726001,15.74509003,6.41767981,0.025896445,1.78E-08,2.77E-31,0.683047766,10.08454992
6.58E-05,0.669629715,0.012732506,4.31E-09,49754.58518,1.87E-07,1.04E-09,2.24E-18,5.99E-07,0.59606045,6.436257021,8.556226978,0.27759457,1.23E-05,9.09E-26,0.983296586,10.33687607
9.21E-05,0.835581555,0.027714251,1.54E-09,19229.85349,7.43E-08,2.70E-09,3.21E-18,3.59E-07,1.992772606,7.297204172,19.18166952,3.158487173,5.49E-05,4.56E-25,2.286754467,11.8755589
2.78E-05,0.847037964,0.067734782,1.56E-09,19117.35523,5.13E-08,2.28E-09,3.41E-18,8.01E-07,1.821582913,6.374751056,19.36997007,3.385460777,3.42E-05,1.91E-25,2.025881715,11.58003239
9.45E-05,0.662670977,0.069742941,3.00E-09,8410.847861,2.48E-08,2.52E-09,2.12E-18,8.73E-07,12.35609891,27.87632713,2.286235206,3.22E-06,1.25E-26,0,0.319854226,9.606960609
5.61E-05,0.521080451,0.052621284,2.65E-09,6419.863968,2.10E-07,7.73E-10,1.59E-18,8.07E-07,1.416792685,4.654555131,10.92113184,4.540272948,0.013504967,1.16E-08,2.043760921,11.60906388
8.93E-05,0.687492582,0.068457739,3.98E-09,20420.07906,3.86E-07,1.96E-09,2.47E-18,3.88E-07,16.78296795,3.524625758,0.004660901,5.64E-08,8.32E-29,0,0.130226444,9.428148695
4.31E-05,0.840048431,0.025720296,6.96E-10,25482.58391,1.96E-07,2.12E-09,2.54E-18,8.79E-07,0.753249063,1.52780247,3.417085965,6.688583362,5.595079366,1.050500817,5.665331964,16.39879004
6.24E-05,0.679657821,0.034678213,3.37E-09,41215.55468,3.30E-07,1.19E-09,3.22E-18,5.28E-07,3.441394745,11.82449698,2.353530266,0.001556658,6.79E-10,2.94E-33,0.367837561,9.812511451
7.58E-05,0.786970118,0.055040292,1.36E-09,39753.53415,7.98E-08,1.59E-09,1.87E-18,8.30E-07,0.501352118,1.025642056,2.303246373,5.173078551,5.770436424,1.201031745,5.489403424,16.12103583
3.83E-05,0.592389725,0.020804052,8.48E-10,43826.91257,3.85E-07,2.49E-09,3.20E-18,6.50E-07,0.688222877,1.315139095,2.577980136,4.858306963,3.851836913,0.453541082,4.875584688,15.33187823
3.72E-05,0.904136061,0.076128876,1.22E-09,35049.83914,2.36E-08,1.15E-09,3.21E-18,8.16E-07,0.536559018,1.218067331,3.030282531,7.545865166,7.039381628,0.200296545,4.680076561,14.95483671
2.18E-05,0.560316364,0.032599819,1.73E-09,46764.04017,3.28E-07,2.26E-09,2.75E-18,2.83E-07,0.699352839,1.781687535,7.031224028,7.548319494,0.62558725,5.85E-06,2.335523613,11.97671145
8.60E-05,0.760832825,0.04360396,4.93E-09,16624.69634,2.90E-07,1.07E-09,3.79E-18,9.97E-07,0.10297279,1.51E-08,9.60E-15,2.27E-37,0,0,0.231508319,9.474052944
5.13E-05,0.777646337,0.033257492,3.54E-09,41688.84197,2.33E-07,2.58E-09,2.69E-18,8.71E-07,8.357509061,13.6980624,0.552644653,6.66E-05,2.85E-15,0,0.135502844,9.614024243
7.26E-05,0.870723435,0.071971802,1.66E-09,22704.7811,3.55E-08,2.63E-09,1.63E-18,7.30E-07,1.138938361,2.592150364,6.470952149,11.14566983,4.062760475,0.010044914,4.579403524,14.85153438
7.96E-05,0.650572565,0.060522039,2.68E-09,31230.22593,3.83E-07,2.32E-09,1.64E-18,4.10E-07,0.954011167,3.076123582,11.09974463,5.212556457,0.064129731,4.34E-07,1.936536408,11.46683714
4.50E-05,0.533050666,0.048157234,1.64E-09,25754.83401,2.59E-07,1.22E-09,1.31E-18,4.79E-07,0.578305097,1.064320673,1.870531573,3.212754152,3.220719732,0.887405153,5.010396345,15.56214077
7.51E-05,0.793997609,0.073680144,3.75E-09,45611.29338,2.64E-07,1.76E-09,2.37E-18,2.77E-07,1.932084628,11.97976396,4.898555306,0.026647523,1.16E-07,1.93E-29,0.430008919,9.967678912
8.83E-05,0.799847621,0.016013911,3.69E-09,43417.24482,3.88E-07,2.67E-09,1.59E-18,5.46E-07,1.054809877,6.841239273,10.69915867,0.843902196,0.000784778,1.49E-12,1.307640244,10.71283793
6.71E-05,0.772950698,0.030176245,2.95E-09,15485.89543,2.80E-07,1.65E-09,3.71E-18,8.08E-07,18.95864477,1.823849569,0.00013442,3.15E-11,1.41E-34,0,0.20350935,9.443338299
3.59E-05,0.882028088,0.036102257,2.68E-09,11887.24135,2.67E-07,1.86E-09,3.93E-18,8.75E-07,18.58489034,0.322789516,9.08E-06,6.08E-17,0,0,0.00012083,9.227772226
9.04E-05,0.608496669,0.055580731,8.10E-10,16430.29771,3.21E-07,7.46E-10,1.71E-18,2.82E-07,0.528651938,0.954227762,1.62942778,2.808507123,3.369943164,1.499496752,6.390264127,17.49516314
8.29E-05,0.709402572,0.033088136,8.41E-10,7081.33365,1.62E-07,2.13E-09,1.46E-18,5.78E-07,1.783162392,3.119093534,5.589688821,7.108555885,3.307332776,0.361487297,5.892704396,16.72248663
2.93E-05,0.680217843,0.036330362,1.44E-09,20047.35604,6.60E-08,1.37E-09,3.45E-18,4.26E-07,1.009898099,2.599332695,9.662926054,10.19180253,0.197288963,1.07E-08,2.775224312,12.50587144
7.59E-05,0.891134986,0.015226071,3.62E-09,20156.41826,2.78E-08,2.59E-09,2.04E-18,7.76E-07,4.128116413,21.87185384,6.528560092,0.000415104,2.33E-14,0,0.759206825,10.08996571
1.42E-05,0.82445491,0.032333157,2.62E-09,37068.07677,1.28E-07,7.09E-10,3.38E-18,4.60E-07,0.491325612,2.264736367,10.61560434,3.23640399,0.000870707,2.68E-13,1.354575582,10.82888882
2.73E-05,0.604871309,0.07069451,3.87E-09,44888.58099,1.11E-07,5.87E-10,3.89E-18,2.82E-07,1.57099111,10.74428474,3.237152497,0.000143906,7.96E-12,2.15E-36,0.238726232,9.710195074
7.09E-05,0.695183579,0.066570141,3.43E-09,29600.52387,2.37E-07,2.43E-09,3.41E-18,2.68E-07,17.71123665,2.46353523,0.000194276,8.31E-11,1.11E-33,0,0.090111921,9.338681636
1.24E-05,0.514377902,0.010838464,3.25E-09,47858.68686,2.28E-07,1.04E-09,2.05E-18,5.20E-07,0.432113891,1.230049814,7.453500488,5.947688533,0.124992628,9.87E-07,1.656444077,11.1571978
9.40E-05,0.885935276,0.066239754,8.43E-10,23360.63741,6.81E-08,8.71E-10,1.12E-18,2.59E-07,0.397693715,0.756845817,1.525773242,3.232513286,4.704454952,2.731305419,7.632942042,19.25288506
9.63E-05,0.583526898,0.011689128,4.94E-09,30711.30194,3.26E-07,2.85E-09,3.09E-18,5.70E-07,1.220456801,4.95E-06,1.72E-11,1.00E-32,0,0,0.554070873,9.844104014
7.56E-05,0.903019913,0.034350684,2.10E-09,34254.85235,2.90E-07,2.39E-09,1.17E-18,4.63E-07,0.667437791,1.580904246,4.141042326,8.131729629,4.101362563,0.117292708,3.737498649,13.76339647
9.00E-05,0.502044502,0.04076324,2.88E-09,23492.32655,1.31E-07,1.99E-09,1.83E-18,7.63E-07,1.25372835,5.196945203,11.10826588,3.701502584,0.00101567,4.01E-09,2.020972873,11.57100547
5.54E-05,0.656171458,0.075761211,1.75E-09,40639.42817,1.72E-07,1.50E-09,2.35E-18,5.31E-07,0.530341656,1.231453765,3.434592809,8.497818757,2.993779185,0.005065485,3.336876769,13.24844016
8.72E-05,0.826162025,0.039069013,1.89E-09,10369.41707,1.91E-07,1.54E-09,3.63E-18,8.49E-07,6.945128605,20.36310695,4.019650729,0.000708547,1.43E-13,1.38E-43,0.538919535,9.908735569
4.04E-05,0.721588014,0.051096394,1.61E-09,7177.303533,1.62E-07,4.22E-10,1.74E-18,4.43E-07,0.653692923,1.416460401,3.492096181,7.408427916,4.508899977,0.214858801,4.145495928,14.3308607
1.34E-05,0.573273924,0.036526284,3.50E-09,7670.158642,4.68E-08,1.37E-09,3.08E-18,2.64E-07,25.53444103,2.254241633,1.37E-06,8.58E-19,0,0,0.000371741,9.222565488
6.88E-05,0.501385882,0.079134529,3.73E-09,35230.19498,1.53E-07,1.69E-09,3.04E-18,7.32E-07,9.88819769,12.10428978,0.178869424,3.30E-06,5.65E-08,8.10E-11,0.096807787,9.508867885
3.49E-05,0.640336455,0.059384318,4.30E-09,29492.15074,3.36E-07,2.62E-09,1.24E-18,2.74E-07,1.402151879,9.189072386,10.16830253,0.536785127,0.000325006,1.19E-13,0.84534208,10.35874908
5.77E-05,0.598509084,0.01722245,1.47E-09,38334.39355,3.62E-07,2.82E-09,3.30E-18,5.26E-07,1.020583098,3.207152429,12.0602159,5.570017563,0.02870318,8.56E-09,2.241976151,11.82906569
9.85E-05,0.613184802,0.053280163,7.46E-10,39852.6792,8.32E-08,2.72E-09,1.75E-18,4.50E-07,0.825436316,1.452452668,2.260717531,3.144429844,3.218312487,1.367478842,7.622609002,19.22266687
4.42E-05,0.731050804,0.051212769,4.96E-09,21443.76604,3.71E-07,1.00E-09,1.78E-18,5.48E-07,4.596065523,12.12722376,1.716877102,0.003749747,7.94E-09,1.89E-31,0.146287796,9.741440925
1.63E-05,0.859492936,0.043804965,1.43E-09,39937.80531,1.90E-07,3.91E-10,3.09E-18,6.51E-07,0.199075084,0.446587249,1.093822074,3.016551822,5.72676776,1.295492209,4.197108456,14.38588294
5.35E-05,0.705209017,0.066326488,2.44E-09,21318.70022,1.82E-07,2.96E-09,2.90E-18,7.07E-07,8.03722901,19.24631191,2.679757221,0.000437954,7.58E-14,0,0.236659013,9.731156978
5.16E-05,0.521779526,0.046346816,2.34E-09,18177.61361,1.89E-07,1.88E-09,3.56E-18,4.38E-07,9.030253473,17.9299672,1.171566596,4.30E-05,1.11E-07,1.13E-29,0.236534617,9.662088562
4.34E-05,0.602296382,0.023073357,3.02E-09,32343.33554,3.08E-08,1.07E-09,1.03E-18,9.83E-07,0.528820786,1.002536363,1.852250071,3.566469211,4.166186862,0.962218495,5.492126689,16.14273088
6.76E-05,0.57109612,0.02113696,2.23E-09,33967.30309,9.28E-08,1.22E-09,3.19E-18,7.98E-07,0.743872898,2.576208359,12.58827259,4.574960909,0.001509781,2.35E-08,2.062982433,11.60006553
7.82E-05,0.612582093,0.075313953,3.21E-09,47174.58836,1.36E-07,7.13E-10,1.70E-18,5.62E-07,0.285042553,0.692833843,2.079221429,7.090132986,3.074771448,0.013184413,2.880493072,12.64799854
1.13E-05,0.539464617,0.061830398,3.53E-09,49206.84185,3.95E-07,2.31E-09,3.61E-18,6.46E-07,14.41872757,3.508416829,0.00131696,5.89E-07,5.33E-28,0,0.000380248,9.327204617
3.96E-05,0.841432022,0.043223515,1.53E-09,13050.36208,2.54E-07,1.34E-09,2.68E-18,5.57E-07,1.252717326,3.511553285,12.68545562,7.569995578,0.086463032,7.37E-08,2.315761286,11.94246153
6.26E-05,0.663813787,0.078938987,1.59E-09,22321.6369,1.17E-07,3.33E-10,2.25E-18,8.39E-07,0.272766539,0.553118792,1.19331644,2.909001755,4.849330825,1.545829669,4.934721251,15.3847863
1.87E-05,0.81408347,0.030718124,9.97E-10,38785.66927,2.37E-07,1.65E-09,3.28E-18,9.25E-07,0.545510957,1.269665632,3.28426981,7.80604838,5.41558694,0.179189029,4.093343632,14.23773239
4.56E-05,0.605388113,0.039621349,2.87E-09,24495.78277,1.79E-08,1.46E-09,2.74E-18,2.57E-07,1.338840274,7.630490304,16.69580289,0.777956109,1.69E-07,8.53E-30,1.462015645,10.89891073
7.99E-05,0.679538958,0.065970456,1.23E-09,35668.03034,1.01E-07,5.63E-10,1.44E-18,7.47E-07,0.270219008,0.506539399,0.914191219,1.744415887,3.01610788,2.345999839,7.011728889,18.35508014
2.65E-05,0.758625607,0.077971948,1.90E-09,43965.525,1.68E-07,2.07E-09,1.04E-18,8.63E-07,0.478803503,0.997174744,2.312545262,5.067360862,5.152099573,1.168831693,4.856581425,15.33234432
9.07E-05,0.534264777,0.077245961,2.80E-09,17891.01874,3.80E-07,4.76E-10,1.93E-18,9.12E-07,0.435877899,1.174799645,5.468581036,7.246349769,0.462291598,7.75E-05,2.099123761,11.66339854
2.57E-05,0.520601815,0.068809036,1.58E-09,11617.97375,2.20E-07,2.95E-09,3.59E-18,9.75E-07,8.592306336,23.0347822,4.453428424,0.001020406,8.94E-08,1.49E-12,0.332672416,9.823621213
6.40E-05,0.625944355,0.026531492,3.33E-09,9315.808806,4.29E-09,1.28E-09,2.88E-18,8.46E-07,11.31362845,25.2073748,0.228173398,2.21E-09,3.97E-32,0,0.280459075,9.527826201
4.41E-05,0.776494576,0.069017465,2.89E-09,48781.07296,2.58E-07,2.44E-09,3.27E-18,4.36E-07,4.734334897,14.24037743,2.557381301,0.00095218,8.65E-11,3.18E-35,0.189420444,9.754751309
7.72E-05,0.884466104,0.075452554,2.72E-09,34616.55994,9.53E-10,5.10E-10,1.08E-18,9.24E-07,0.296032938,0.590898441,1.219754972,2.730293897,4.943089784,3.274604869,7.060699774,18.17552977
7.98E-05,0.765028257,0.021412001,4.17E-09,40955.26308,1.32E-07,1.12E-09,2.77E-18,4.17E-07,2.995815192,12.58723547,2.983960878,0.000617335,6.02E-11,3.19E-35,0.531718694,9.90401259
3.21E-05,0.634965792,0.077732901,4.14E-09,31416.30669,5.78E-08,1.90E-09,2.87E-18,9.70E-07,13.89087566,11.81208367,0.029650344,9.06E-09,1.65E-30,0,0.003091693,9.336989965
9.22E-05,0.734307706,0.077061795,4.77E-09,36919.12729,2.42E-07,1.86E-09,3.46E-18,7.61E-07,7.496867732,0.001762754,3.29E-09,1.09E-29,0,0,0.086873141,9.315576304
5.78E-05,0.860019026,0.044212136,4.64E-09,43621.84608,3.89E-07,1.05E-09,1.19E-18,7.39E-07,0.397568154,1.112205944,5.855003653,5.882414307,0.275429771,9.62E-05,1.652648302,11.12835924
4.81E-05,0.638263692,0.028849548,2.47E-09,10838.76215,3.20E-07,1.52E-09,1.06E-18,2.95E-07,1.153338143,2.809796288,7.672101471,8.08914581,1.093372465,0.000661773,2.92585684,12.72230192
7.34E-05,0.748814882,0.021303747,4.83E-09,35311.52328,1.39E-07,4.16E-10,3.37E-18,9.48E-07,3.195301912,9.993420829,1.364958503,9.17E-06,1.63E-13,4.12E-39,0.381542489,9.736607924
6.79E-05,0.671130581,0.025436683,4.80E-09,41513.0334,7.02E-08,1.95E-09,1.04E-18,4.78E-07,0.712772021,1.958486027,8.47371367,8.160520055,0.246633164,1.53E-06,2.440805864,12.07213478
2.94E-05,0.718032051,0.023296193,2.26E-09,32148.25166,1.45E-07,1.27E-09,3.42E-18,6.16E-07,0.880742267,5.559986102,12.82381081,1.544447881,3.20E-05,2.77E-25,1.21685928,10.71834275
8.18E-05,0.835011834,0.026343203,4.41E-09,36598.56773,2.45E-07,2.61E-09,3.87E-18,9.93E-07,2.533751506,2.21E-06,1.42E-12,1.66E-34,0,0,0.277514598,9.524559226
4.68E-05,0.59547284,0.048288303,1.67E-09,32232.11356,1.74E-07,3.72E-10,2.70E-18,3.22E-07,0.237041644,0.496417449,1.118431557,3.044458493,4.766896615,0.90073774,4.141173872,14.3109668
3.75E-05,0.868843732,0.064237133,2.70E-09,26048.67005,5.63E-08,1.25E-09,3.82E-18,8.53E-07,2.496227257,16.77214655,5.1530308,0.000141061,2.58E-15,0,0.379941392,9.818180031
8.30E-05,0.827895663,0.011874413,1.22E-09,48119.9052,7.38E-08,4.12E-10,1.16E-18,6.92E-07,0.148506717,0.292984885,0.598432879,1.303752321,2.67001424,2.94340765,7.857113596,19.57114593
7.07E-05,0.531606263,0.048865907,2.42E-09,14052.54769,6.68E-08,1.51E-09,1.58E-18,6.12E-07,1.284054885,2.522482335,5.475643062,6.87063938,1.252431199,3.66E-07,3.470005519,13.40712039
9.31E-05,0.733889269,0.056058415,1.72E-09,48357.77387,2.86E-07,1.14E-09,1.12E-18,3.24E-07,0.280602271,0.577660606,1.296450522,3.083631412,4.458295872,1.964754839,5.230783044,15.83800727
4.06E-05,0.820534163,0.04197003,9.95E-10,14131.92681,1.21E-07,1.76E-09,2.41E-18,8.78E-07,1.123701458,2.452682423,5.938603763,9.921598201,4.109590789,0.071564842,4.545607088,14.83873001
1.32E-05,0.669212703,0.044811275,2.41E-09,25615.93321,3.84E-07,1.02E-09,3.02E-18,3.00E-07,0.84647244,6.223613789,10.9042552,0.803257008,0.000144534,2.12E-15,0.945168934,10.45595017
9.20E-05,0.807948786,0.049262138,6.45E-10,37384.80123,8.98E-08,1.86E-09,2.93E-18,6.39E-07,0.602901533,1.12405744,2.179581102,4.44235046,5.244652326,1.845197733,6.810196308,17.92905582
2.82E-05,0.593347462,0.021845727,2.24E-09,6867.55213,3.31E-07,1.68E-09,2.45E-18,6.10E-07,9.475535397,20.28987589,2.859531139,0.002647751,7.29E-12,3.48E-40,0.212939651,9.759901684
6.86E-05,0.564957045,0.061493886,1.31E-09,9147.861792,1.13E-07,7.87E-10,2.50E-18,7.25E-07,1.067604618,1.991356263,3.698585803,6.014973421,2.836698097,0.100914206,4.269652087,14.46080203
3.26E-05,0.605840291,0.069673704,1.16E-09,16550.80659,2.34E-07,1.19E-09,3.19E-18,9.72E-07,0.885555826,1.942625343,5.182897431,8.242581335,1.946247881,0.000132874,3.312104045,13.21979977
1.00E-04,0.601509708,0.023846993,2.25E-09,18816.35507,1.77E-07,3.01E-10,3.69E-18,7.86E-07,0.393403278,1.133206624,8.139985622,5.603491695,0.032488395,7.34E-09,2.106517486,11.64107979
8.82E-05,0.893206663,0.027276283,2.76E-09,9703.270781,1.05E-07,1.31E-09,1.87E-18,2.66E-07,2.029724834,10.4019634,15.63204405,0.939513037,1.62E-05,5.80E-26,1.593087636,11.06239368
7.01E-05,0.750308051,0.020510319,4.01E-09,34514.52194,1.07E-07,2.17E-09,3.44E-18,9.23E-07,17.71477894,2.452768474,6.58E-06,2.89E-13,7.93E-38,0,0.275732352,9.522601828
4.46E-05,0.740715077,0.030236827,4.04E-09,6486.492293,1.14E-07,1.82E-09,1.89E-18,8.07E-07,25.12295724,4.914742292,0.00312839,1.11E-09,1.58E-32,0,0.061572684,9.309868132
3.28E-05,0.780627312,0.031160946,3.44E-09,36407.25364,4.10E-08,2.33E-09,2.52E-18,3.53E-07,1.883865296,16.08757579,8.116275605,0.003300947,1.62E-10,4.56E-35,0.597907283,10.07151362
2.90E-05,0.667670214,0.047487933,6.67E-10,7974.375457,2.62E-07,2.15E-09,1.13E-18,8.34E-07,1.511394703,2.532940325,4.231182215,5.687038217,3.400238162,0.662050552,5.905724515,16.8498235
6.81E-05,0.828786291,0.016052775,2.01E-09,14418.06729,3.83E-07,1.71E-09,3.80E-18,6.53E-07,9.758485477,16.88797171,0.974023646,0.000146283,5.76E-15,0,0.31660267,9.75464919
5.20E-05,0.589775739,0.031944056,3.14E-09,33846.11151,6.72E-08,2.50E-09,2.09E-18,4.68E-07,1.399402209,8.193053784,14.81780555,0.977451729,6.39E-06,1.06E-26,1.443759172,10.88920711
7.79E-05,0.667054619,0.046231468,1.08E-09,25279.74546,1.06E-07,1.08E-09,3.96E-18,7.22E-07,0.645308287,1.403314441,3.550762324,8.663114412,3.348131492,0.003587336,3.98908611,14.05417847
7.67E-05,0.619253539,0.017811904,3.84E-09,26478.12583,8.95E-08,7.18E-10,3.37E-18,3.94E-07,4.326694053,13.39272799,1.936569888,1.05E-05,6.84E-18,0,0.515263588,9.837892945
7.56E-05,0.893780863,0.066877016,1.87E-09,36740.49751,2.12E-07,6.56E-10,1.28E-18,4.34E-07,0.246596428,0.537150168,1.252086249,3.078604862,4.889074497,2.204551462,4.990297454,15.49768652
8.26E-05,0.516757534,0.013058569,7.28E-10,10900.79574,4.04E-08,3.40E-10,3.54E-18,3.21E-07,0.627407168,1.136730932,1.834835229,2.450194131,2.513823183,1.240173379,8.916341258,20.98815951
1.11E-05,0.516254766,0.05752535,1.60E-09,11036.5085,2.50E-07,2.51E-09,2.06E-18,3.10E-07,2.014984282,4.420308888,9.646269106,5.015132885,0.332926735,8.01E-09,2.483937222,12.17174268
2.50E-05,0.836240126,0.069085772,2.38E-09,41833.69845,3.24E-07,1.50E-09,2.78E-18,7.96E-07,0.685728777,3.266413598,11.0092273,3.120521455,0.006008828,5.78E-10,1.366177323,10.86270139
8.40E-05,0.545159041,0.017975635,2.25E-09,45969.09967,2.78E-07,1.70E-09,2.25E-18,7.93E-07,0.574729029,1.473392833,6.187027715,7.436982884,0.65604267,1.53E-05,2.661469502,12.34096473
8.71E-05,0.548667215,0.04985263,3.48E-09,27862.73379,2.65E-07,3.43E-10,2.84E-18,6.43E-07,0.350886545,2.543013767,8.522655531,1.877727332,0.001420627,5.57E-08,1.254713224,10.64579881
3.38E-05,0.525789625,0.03447898,2.26E-09,10222.54257,1.72E-08,4.71E-10,3.06E-18,8.32E-07,0.897547549,2.171620653,9.500548656,6.594865695,0.127685878,6.14E-08,2.35009738,11.96999663
3.28E-05,0.88150699,0.024469319,3.21E-09,12336.42706,1.09E-07,1.72E-09,1.19E-18,4.65E-07,1.558173898,4.721235348,14.600641,5.935183509,0.033934144,1.26E-08,2.144693089,11.73537067
9.49E-05,0.765276261,0.013777717,7.52E-10,11543.21452,3.85E-07,2.86E-09,2.37E-18,9.35E-07,1.60991667,3.456032632,7.732716375,9.421162536,2.690388413,0.056386836,4.741656043,15.09317538
2.78E-05,0.89626475,0.05915715,1.73E-09,20635.70087,2.75E-07,2.72E-09,2.71E-18,7.66E-07,1.785533598,8.015985152,15.50394548,2.14328084,0.000428459,3.32E-14,1.522487772,11.05213916
8.27E-05,0.794865201,0.029815404,4.61E-09,45212.74198,2.68E-07,2.67E-09,2.03E-18,7.72E-07,8.516194283,12.13064053,0.40742574,0.000156366,4.99E-14,0,0.309898519,9.754194117
4.87E-05,0.701779184,0.056982896,3.31E-09,35154.2214,2.79E-07,1.96E-09,3.96E-18,7.90E-07,15.92078961,2.676208131,0.000152738,8.43E-11,2.00E-33,0,0.03870658,9.301714144
6.89E-05,0.569466169,0.013348874,3.09E-09,19902.30099,3.00E-07,7.19E-10,2.25E-18,7.59E-07,0.722840626,4.508893412,10.80481938,1.75121307,0.001432863,2.54E-12,1.471945905,10.90212096
6.29E-05,0.578412145,0.03223885,3.58E-09,23439.23693,3.91E-08,1.91E-09,2.45E-18,3.45E-07,4.391405781,19.26304193,4.62358358,0.000137177,1.22E-15,0,0.592588458,9.909021266
1.69E-05,0.648383931,0.058326835,3.52E-09,17649.99239,3.05E-07,1.94E-09,1.32E-18,5.36E-07,1.474223594,7.250682231,12.82461223,1.548547646,0.00190306,1.16E-11,1.220743544,10.71202414
2.97E-05,0.721300433,0.024290132,1.04E-09,22096.50724,2.29E-07,2.76E-09,3.49E-18,9.74E-07,1.353629092,3.501891873,10.97389624,9.685843801,0.366796886,4.12E-07,2.882166438,12.65682507
2.52E-05,0.8649065,0.049455936,1.78E-09,27024.7264,2.60E-07,1.41E-09,2.64E-18,8.40E-07,0.751663931,2.032876167,8.121213476,8.903465767,0.372388163,3.90E-06,2.333884618,11.96528139
9.25E-05,0.522177167,0.012185982,8.35E-10,7913.329488,1.09E-07,2.92E-09,1.83E-18,4.22E-07,2.507533819,3.93074276,4.986477132,4.548498587,1.902400634,0.204822748,7.549968173,19.16829634
6.83E-05,0.893623333,0.039543744,2.44E-09,41550.19019,1.84E-07,2.21E-09,3.03E-18,6.64E-07,1.159274413,8.975905325,11.61975844,0.397627209,3.75E-06,5.89E-27,1.058954752,10.46449801
6.45E-05,0.517995306,0.042570566,1.46E-09,21693.65098,1.18E-07,2.13E-09,1.56E-18,3.06E-07,1.099582891,1.934298314,3.019970611,3.989782797,2.792699021,0.47079736,5.472330132,16.17551467
2.35E-05,0.8720081,0.038811794,3.31E-09,26906.09656,3.72E-07,1.42E-09,3.06E-18,3.39E-07,9.630907754,11.06153019,0.223754155,3.06E-05,6.28E-16,0,0.01743771,9.542141987
9.35E-05,0.721929014,0.045627003,4.02E-09,22538.17702,3.51E-07,1.62E-09,1.90E-18,7.13E-07,5.030430189,13.9330492,2.498242695,0.006605075,8.75E-09,1.29E-31,0.442777755,9.899592741
9.11E-05,0.598154576,0.078191054,4.63E-09,7518.382344,1.94E-07,1.06E-09,2.51E-18,8.74E-07,10.07076535,0.014790784,2.95E-07,1.07E-18,0,0,0.1143448,9.345641067
2.44E-05,0.690140722,0.026870989,4.66E-09,48284.55826,1.79E-07,4.90E-10,1.46E-18,4.86E-07,0.223713304,0.57515595,2.632022426,6.635872542,1.390846073,0.00142187,1.948373283,11.50324854
2.34E-05,0.895797749,0.03826095,2.31E-09,47201.95456,2.34E-07,3.21E-10,2.04E-18,2.60E-07,0.145429051,0.327192648,0.807919845,2.34130543,4.919615575,1.276333445,3.707501491,13.74739532
3.74E-05,0.622952397,0.070858485,1.55E-09,32901.01825,1.59E-07,3.48E-10,3.34E-18,3.73E-07,0.228948706,0.500546277,1.227123367,3.880686783,5.261825419,0.499853971,3.742848853,13.78168587
9.67E-05,0.61901588,0.079000781,3.90E-09,16493.35052,1.02E-07,1.25E-09,2.30E-18,3.28E-07,7.105298472,16.65125045,1.789390793,8.78E-05,1.22E-15,0,0.254978989,9.677895286
6.63E-05,0.675400736,0.070765894,4.85E-09,42213.79798,1.14E-07,2.15E-09,3.46E-18,9.44E-07,11.85443214,0.017072772,2.78E-09,3.27E-30,0,0,0.0661261,9.292880497
7.17E-05,0.72667198,0.058418664,2.86E-09,17410.81314,1.47E-07,2.94E-09,2.60E-18,6.40E-07,14.6182477,16.97934654,0.438038348,8.17E-06,1.36E-25,0,0.154996015,9.555742748
4.55E-05,0.821656067,0.017625067,2.21E-09,47622.88613,3.01E-07,2.26E-09,1.49E-18,4.24E-07,0.55700734,1.356947377,3.785055757,8.490378545,3.121448276,0.025311673,3.157174558,13.01401946
3.81E-05,0.789871091,0.040826,1.25E-09,20346.53353,3.89E-07,1.25E-09,1.06E-18,2.61E-07,0.501898315,1.046030126,2.416814425,5.044798306,4.9122246,1.377328735,4.965448643,15.50316307
7.92E-05,0.707580102,0.065012542,2.31E-09,24376.23473,2.00E-07,1.11E-09,1.47E-18,9.09E-07,0.549189757,1.309182694,3.594492762,8.336325438,3.368545474,0.027217146,3.449256344,13.38938829
4.86E-05,0.518956508,0.045256429,1.84E-09,43783.7262,5.57E-09,1.80E-09,3.25E-18,4.27E-07,0.876124668,1.662581579,3.191589256,6.52137084,2.211430654,0.001322517,3.593290106,13.51386505
7.86E-05,0.867845734,0.078395285,9.78E-10,30312.52763,1.80E-07,6.73E-10,2.66E-18,3.47E-07,0.317695049,0.692490834,1.612739208,3.883658859,5.782269171,2.202959731,5.468166127,16.11808084
4.41E-05,0.878045053,0.024712074,2.34E-09,19151.40115,1.55E-07,8.51E-10,3.17E-18,9.32E-07,0.951115812,6.065209525,12.89405466,1.353710814,3.29E-05,2.92E-25,1.18885383,10.69600382
1.09E-05,0.784782157,0.055625306,1.26E-09,30071.60735,4.32E-08,1.70E-09,3.62E-18,2.87E-07,0.848474153,2.091856355,6.149413745,12.7280705,1.630795139,4.98E-06,3.44710621,13.35110018
8.45E-05,0.673193233,0.053127248,1.26E-09,16155.36945,1.19E-07,9.20E-10,1.86E-18,6.08E-07,0.67238224,1.269815006,2.478131021,4.82570041,4.547225291,0.857480469,5.473710025,16.11301825
3.58E-05,0.642470993,0.018975109,7.89E-10,31176.66097,3.38E-08,6.12E-10,2.45E-18,3.61E-07,0.399394108,0.73659996,1.254972011,1.951636067,2.759463472,2.06382018,8.545259203,20.42179768
3.05E-05,0.779658803,0.061618735,4.67E-09,30639.24971,3.15E-07,2.63E-09,1.27E-18,2.62E-07,1.907379918,11.79492235,7.492673884,0.177951526,2.52E-05,2.35E-25,0.583844314,10.14840252
6.85E-05,0.838642649,0.057727408,4.62E-09,23193.05261,3.12E-07,1.85E-09,1.07E-18,4.47E-07,1.134233948,5.833258523,11.46191094,1.689487944,0.004275813,9.01E-10,1.23321957,10.64458116
1.57E-05,0.549160983,0.064067407,1.51E-09,34822.7926,1.00E-07,1.73E-09,3.30E-18,9.41E-07,0.791072832,1.705579701,4.836015195,7.76790303,1.434589745,1.07E-06,2.986918394,12.78907419
6.74E-05,0.535571698,0.05455516,2.57E-09,39093.36134,1.66E-07,8.35E-10,2.92E-18,8.66E-07,0.471997451,1.441566869,9.01427656,5.414667826,0.031674371,1.78E-07,1.831484584,11.33302797
1.10E-05,0.6965525,0.078145649,3.77E-09,22414.98402,1.65E-08,2.02E-09,2.60E-18,3.41E-07,7.348513995,21.384583,2.159030705,4.83E-07,6.45E-28,0,0.160121027,9.488132971
5.62E-05,0.660347642,0.034969978,2.50E-09,12452.57379,6.08E-08,2.79E-09,1.23E-18,8.23E-07,1.97355222,4.653008408,11.70089538,7.842755806,0.414183266,4.97E-08,3.223353554,13.09160302
5.91E-05,0.706321816,0.077321885,2.11E-09,48869.14806,1.57E-08,2.66E-09,2.11E-18,3.54E-07,0.806829943,1.782928722,4.697303743,10.68888332,2.424924126,1.42E-05,3.815095375,13.82372702
6.16E-05,0.579575614,0.05532316,8.59E-10,23726.55041,3.87E-07,2.37E-09,3.74E-18,3.62E-07,1.07802495,2.184580583,4.893232829,7.416901633,1.984918952,0.015315407,3.682872918,13.69695433
5.37E-05,0.790960964,0.021811972,1.70E-09,38895.84918,7.62E-08,1.42E-09,3.52E-18,2.80E-07,0.675747252,1.791138155,7.670131672,10.23321476,0.238983357,5.56E-08,2.598787294,12.2701488
8.49E-05,0.704222515,0.046179764,3.79E-09,20369.66491,2.36E-07,2.01E-09,2.00E-18,3.58E-07,7.483436122,15.92936027,1.529497536,0.001033026,1.56E-12,1.70E-41,0.344811801,9.804124254
4.60E-05,0.762951685,0.03690588,7.25E-10,15602.16948,3.27E-07,4.06E-10,1.04E-18,9.43E-07,0.275665102,0.52891734,1.052925404,2.284342663,3.642389163,2.43932171,6.536835879,17.79391443
5.97E-05,0.533586162,0.011034411,4.22E-09,40208.97046,2.72E-07,2.56E-09,2.50E-18,3.60E-07,14.45415836,6.772725549,0.024919273,4.54E-06,5.15E-09,2.81E-32,0.355735374,9.696968929
9.42E-05,0.517187276,0.065305586,9.02E-10,24703.64254,1.38E-07,9.75E-10,1.79E-18,7.44E-07,0.598462611,1.067640984,1.703537542,2.302114289,2.433414397,1.25867412,7.070586344,18.48258412
3.20E-05,0.578137403,0.049128415,4.33E-09,17474.50354,8.78E-08,2.20E-09,2.90E-18,9.34E-07,15.40402264,0.049641833,4.99E-08,2.62E-28,0,0,6.95E-05,9.221711511
1.05E-05,0.528678211,0.078480852,2.50E-09,31534.49145,3.02E-07,1.44E-09,1.16E-18,4.98E-07,0.538015862,1.099409061,2.431306072,4.934294742,3.106493534,0.280387357,3.516558354,13.51571681
8.04E-05,0.52326595,0.070545381,3.41E-09,30974.86264,1.20E-07,1.23E-09,2.78E-18,3.99E-07,1.636576208,13.05105484,6.254714035,0.014128693,6.08E-07,2.67E-09,0.616107981,10.00371252
8.98E-05,0.752741535,0.047640601,2.33E-09,6542.547463,2.53E-07,1.92E-09,2.96E-18,4.12E-07,24.47044931,9.084144307,0.036699771,1.00E-07,4.71E-29,0,0.228142753,9.507618253
1.06E-05,0.544482488,0.024249129,4.32E-09,33532.63343,2.28E-07,1.16E-09,1.88E-18,8.25E-07,0.837975818,8.412063756,8.263548103,0.229526772,1.72E-05,1.40E-25,0.649208276,10.20507997
7.12E-05,0.700742317,0.030474403,4.50E-09,18090.24459,2.22E-07,2.39E-09,3.69E-18,3.12E-07,0.001030977,3.58E-10,5.96E-24,0,0,0,0.251877818,9.496408987
7.27E-05,0.779845062,0.06775344,2.78E-09,9112.334797,1.19E-07,1.33E-09,2.00E-18,5.82E-07,2.44013505,15.39266393,11.80004827,0.178061783,3.87E-07,5.49E-29,0.988189943,10.44926559
2.58E-05,0.855255079,0.024409327,3.30E-09,38607.13624,3.09E-07,5.36E-10,1.64E-18,4.19E-07,0.255544365,0.635502859,2.135136816,6.652569569,2.359597632,0.012996642,2.327019993,11.96269104
7.78E-05,0.506277465,0.026267318,6.31E-10,46613.1477,1.44E-07,2.99E-09,2.93E-18,3.72E-07,0.883638224,1.545084345,2.355739374,2.895057084,2.496487138,0.931563358,7.961027895,19.80790282
8.68E-05,0.591608598,0.026654892,1.76E-09,44096.18014,2.76E-09,2.89E-09,1.56E-18,7.86E-07,1.05219691,1.84567241,2.866393986,3.893980155,3.442291784,0.879807903,7.479140415,18.74149191
2.71E-05,0.550516448,0.065228542,3.87E-09,9957.938462,2.98E-07,2.87E-09,3.55E-18,3.27E-07,7.29E-05,2.16E-10,3.71E-23,0,0,0,2.45E-06,9.220612062
4.95E-05,0.837313443,0.056000087,3.00E-09,26410.86425,1.73E-07,3.16E-10,2.62E-18,5.23E-07,0.289357821,0.7825321,4.66480674,7.178705439,0.370228329,4.24E-06,1.77148016,11.28711097
3.04E-05,0.725270683,0.076403442,3.47E-09,44041.50958,5.31E-08,1.93E-09,2.47E-18,5.66E-07,1.092974263,8.838440614,12.39574381,0.244838097,1.62E-07,1.75E-29,0.95445051,10.4355259
5.19E-05,0.795962909,0.060599012,3.56E-09,30693.30082,2.05E-07,2.45E-09,1.89E-18,8.50E-07,2.153842988,13.61982051,7.533388055,0.087506143,6.11E-07,2.18E-28,0.596403422,10.14892535
1.28E-05,0.6537408,0.044422621,3.01E-09,33040.61386,3.56E-07,2.68E-09,1.42E-18,4.04E-07,1.01033018,3.350584016,11.37523636,4.894241848,0.053966974,3.55E-07,1.729687253,11.24153271
2.88E-05,0.803315166,0.019525711,1.64E-09,39377.78311,1.60E-07,9.75E-10,1.05E-18,4.81E-07,0.293084552,0.603916594,1.346353974,3.142497286,4.676818954,2.348268805,5.633306546,16.42555249
5.26E-05,0.897257624,0.071007254,3.51E-09,43256.15601,2.42E-07,1.51E-09,2.83E-18,8.48E-07,2.838520986,12.57433146,3.509511173,0.004861556,2.99E-09,2.90E-32,0.260216047,9.846271079
4.14E-05,0.830487916,0.022351596,4.54E-09,28136.63508,2.65E-07,1.17E-09,2.20E-18,6.81E-07,5.443433515,12.58586716,1.102591047,0.000573763,9.37E-11,6.15E-35,0.09157583,9.675364969
4.68E-05,0.778199094,0.0727417,1.12E-09,6735.825561,2.49E-07,1.81E-09,3.43E-18,5.39E-07,2.98540869,11.4072349,18.9644712,2.060755311,8.72E-05,1.00E-24,1.765841651,11.30773911
9.76E-05,0.90246929,0.030618631,1.42E-09,25987.75489,3.87E-07,2.04E-09,2.87E-18,5.89E-07,0.973002702,2.652097169,9.68649225,8.692275117,0.281742551,3.09E-06,2.669239026,12.35641775
3.92E-05,0.547914426,0.056247424,2.21E-09,49021.7052,1.64E-07,2.93E-09,1.31E-18,7.17E-07,0.709377254,1.3750215,2.77730052,5.122614136,3.175836824,0.267367741,4.009902768,14.16555218
3.06E-05,0.588426524,0.068722462,1.23E-09,47400.18243,1.10E-07,9.21E-10,3.29E-18,6.06E-07,0.388991723,0.760183736,1.475758627,3.162321892,4.463872739,0.900012506,4.637946416,14.96472972
1.72E-05,0.84117499,0.01407605,1.79E-09,21507.73449,3.70E-07,1.31E-09,2.62E-18,7.08E-07,0.84767268,2.397848491,10.18111252,6.995973573,0.129302824,5.95E-07,2.046199782,11.61309571
9.16E-05,0.668486662,0.06397199,1.15E-09,26967.38149,3.65E-07,5.70E-10,1.97E-18,3.84E-07,0.29213552,0.581719131,1.213231054,2.774557411,4.164691066,1.846583817,5.384322325,16.04152061
6.17E-05,0.507183592,0.061948891,3.34E-09,19616.90928,2.44E-07,1.80E-09,1.37E-18,7.49E-07,1.176757338,4.607390899,10.90245804,3.673248217,0.009482792,7.98E-09,1.741799027,11.24507196
2.86E-05,0.826857016,0.036429432,3.76E-09,48016.01053,1.76E-07,1.66E-09,2.41E-18,8.10E-07,1.11625573,10.85924363,6.922581924,0.062878124,2.72E-07,7.97E-29,0.520656534,10.0877432
2.32E-05,0.633714127,0.062670508,1.17E-09,42595.65644,3.01E-07,5.20E-10,3.81E-18,3.86E-07,0.238216404,0.514223467,1.230062106,3.547169299,5.225190096,0.741445568,3.951574249,14.06853871
5.58E-05,0.690873368,0.015425753,1.99E-09,15861.85979,3.82E-07,2.97E-09,2.59E-18,5.55E-07,3.953542595,17.76144774,7.995033579,0.074295679,2.33E-07,2.23E-29,0.830978205,10.21814646
3.01E-05,0.545361378,0.012207009,1.49E-09,37995.0737,2.41E-08,4.87E-10,2.32E-18,3.93E-07,0.338753289,0.640435842,1.131467453,1.78131756,2.515227081,1.781894353,7.324238999,18.62606701
1.49E-05,0.659620647,0.040538675,2.32E-09,19780.81546,3.24E-08,4.50E-10,2.77E-18,2.76E-07,0.474510707,1.190037993,4.227919729,10.69560824,1.327503017,2.58E-06,2.793040038,12.52521797
6.49E-05,0.512202738,0.055134921,3.93E-09,24649.46056,3.73E-07,1.23E-09,3.47E-18,6.71E-07,14.51038977,1.055114442,6.63E-05,1.35E-06,5.30E-09,4.05E-32,0.174930289,9.426893791
7.23E-05,0.646542776,0.025366712,3.63E-09,34454.9032,1.08E-07,2.07E-09,3.39E-18,5.54E-07,16.6411734,7.40376878,0.003488267,1.34E-09,9.42E-32,0,0.305963031,9.575369545
8.23E-05,0.644304093,0.052246692,4.74E-09,39555.39701,2.38E-07,1.41E-09,2.81E-18,5.16E-07,12.95242606,5.130293265,0.004858836,3.30E-08,5.60E-29,0,0.208796239,9.528862331
3.77E-05,0.78600362,0.075379413,3.38E-09,12725.39117,2.28E-07,2.37E-09,3.71E-18,3.30E-07,3.472252058,5.86E-05,7.49E-11,2.05E-32,0,0,2.14E-05,9.220641135
1.04E-05,0.522870635,0.035634359,9.74E-10,26394.18845,2.45E-07,1.57E-09,1.95E-18,9.55E-07,0.741056783,1.326683875,2.125775058,3.025116322,2.874768032,0.954096106,5.939164289,16.89244052
4.96E-05,0.638562802,0.048790122,3.92E-09,25165.73244,1.95E-07,2.96E-09,1.52E-18,8.27E-07,3.04276612,15.33500757,7.158936669,0.076324054,4.91E-07,1.22E-28,0.629332534,10.1183961
7.05E-05,0.702572609,0.053334409,2.76E-09,47022.11513,1.14E-08,6.49E-10,1.38E-18,6.02E-07,0.297023822,0.580316362,1.158167707,2.639527663,4.734869898,2.081303983,5.768275809,16.43842512
6.31E-05,0.784930397,0.062359237,1.89E-09,22453.68531,6.25E-08,2.40E-09,3.73E-18,7.07E-07,2.2299285,16.32038231,12.06364488,0.016699596,1.22E-09,1.15E-33,0.958431512,10.37470994
6.38E-05,0.731873961,0.013063948,8.04E-10,21523.84043,2.32E-07,2.69E-09,2.43E-18,5.95E-07,1.050704692,2.053784455,4.383487992,7.321770216,4.21123523,0.355130936,5.439163403,16.05821861
7.08E-05,0.899027254,0.035128905,4.71E-09,13591.65924,3.67E-07,1.74E-09,3.60E-18,4.90E-07,2.58E-05,5.84E-11,1.12E-24,0,0,0,0.157303802,9.392689615
1.44E-05,0.631776778,0.058479953,2.04E-09,35989.81315,7.61E-08,2.42E-09,1.55E-18,5.66E-07,0.811806731,1.625474275,3.560984184,6.892829756,3.556548827,0.121642651,4.119093207,14.28395772
8.51E-05,0.599117801,0.02935977,2.95E-09,46969.25811,1.20E-07,7.29E-10,3.11E-18,9.00E-07,0.413262627,1.642803497,9.633194758,3.755633693,0.002723415,2.73E-12,1.733670232,11.20290249
6.61E-05,0.73083363,0.032993007,4.70E-09,38156.5814,2.86E-07,1.58E-09,2.05E-18,9.20E-07,4.857857844,12.36565353,1.507091664,0.001413268,6.84E-10,2.33E-33,0.314442672,9.79030202
5.80E-05,0.643556464,0.072095073,3.75E-09,15437.39753,3.63E-07,2.26E-09,3.91E-18,6.99E-07,0.027592048,1.30E-07,1.01E-13,2.23E-36,0,0,0.04426061,9.268971623
8.43E-05,0.604697232,0.06227166,2.84E-09,9257.626231,1.71E-07,2.60E-09,2.28E-18,3.83E-07,20.93175376,14.44520134,0.205623951,2.75E-06,1.70E-26,0,0.18473424,9.520335362
3.10E-05,0.846409775,0.056733526,3.23E-09,22779.93023,3.38E-07,2.79E-09,2.64E-18,6.67E-07,17.5084265,7.756068823,0.045974204,1.31E-06,1.10E-26,0,0.003942342,9.399641776
1.73E-05,0.68705929,0.016774889,2.92E-09,12674.49366,1.49E-07,1.69E-09,1.78E-18,8.99E-07,2.042665315,11.66127386,13.58037035,0.561547336,1.35E-05,4.51E-26,1.100383822,10.62494642
2.19E-05,0.852579846,0.023718234,3.66E-09,49648.70396,2.30E-07,4.62E-10,1.60E-18,2.98E-07,0.193799739,0.469814122,1.366983227,5.520500632,3.253506254,0.045118212,2.468589936,12.1400259
4.89E-05,0.636430315,0.074249759,3.85E-09,17829.32726,2.29E-07,2.18E-09,3.05E-18,9.29E-07,12.76494324,0.053625747,1.17E-06,7.48E-19,0,0,0.018443674,9.241985592
8.77E-05,0.898174647,0.071868083,2.14E-09,46489.73353,3.11E-07,1.23E-09,3.31E-18,5.67E-07,0.54774035,2.110422212,10.04245312,4.170170686,0.015344072,3.58E-09,1.576038498,11.04029545
9.80E-05,0.77040298,0.03978584,4.33E-09,12783.915,6.33E-10,1.55E-09,3.16E-18,8.64E-07,27.83384813,3.770145908,2.33E-09,4.56E-31,0,0,0.288481495,9.536607132
5.66E-05,0.504365322,0.048727835,4.45E-09,7213.151247,3.82E-07,9.95E-10,3.78E-18,4.15E-07,0.000155828,3.61E-05,1.89E-06,2.19E-09,2.61E-32,0,0.171164699,9.407877651
2.01E-05,0.523941904,0.07881611,4.83E-09,49601.31277,3.79E-07,2.43E-09,2.55E-18,3.66E-07,13.88876752,2.634075731,0.0011141,2.23E-06,6.19E-10,5.54E-34,0.000306804,9.333106762
7.83E-05,0.582913267,0.074608752,2.20E-09,17337.37492,2.01E-07,1.48E-09,3.98E-18,3.49E-07,7.563947233,17.38860206,1.783282932,6.47E-05,2.41E-16,0,0.244487008,9.662770493
6.37E-05,0.692839118,0.033670793,1.88E-09,13357.79009,4.13E-08,1.30E-09,1.10E-18,6.23E-07,0.984865283,1.799502665,3.34189124,5.757295375,4.33208017,0.647936964,5.836754987,16.61126885
1.70E-05,0.826075242,0.077017034,9.52E-10,37895.86555,3.12E-07,1.82E-09,1.29E-18,6.30E-07,0.435024275,0.88475608,1.968922394,4.282450478,5.041874382,1.944970515,5.698421292,16.53827891
6.99E-05,0.895229524,0.019850746,1.16E-09,28452.0844,2.46E-07,1.17E-09,2.98E-18,7.56E-07,0.541829252,1.27941532,3.385706321,8.228625055,4.852018748,0.07870497,3.976683084,14.05576341
6.01E-05,0.646121068,0.012519998,4.47E-09,13670.78928,1.49E-08,1.09E-09,3.53E-18,5.75E-07,21.91701218,0.982290333,2.67E-10,2.56E-32,0,0,0.281449464,9.528881035
5.30E-05,0.560886095,0.063686952,2.43E-09,22907.51336,1.13E-07,1.03E-09,1.56E-18,3.32E-07,0.62831343,1.304091113,2.988691619,6.380920192,2.930362767,0.081791971,3.591317997,13.58223044
8.31E-05,0.557111408,0.057920422,2.09E-09,37135.25618,3.68E-07,2.81E-09,2.15E-18,6.49E-07,0.972746001,2.950456986,10.47145119,5.60313796,0.055128618,1.44E-07,2.135421926,11.70972688
9.75E-05,0.891525819,0.063044536,3.06E-09,36579.48152,2.25E-07,1.84E-09,1.48E-18,5.44E-07,0.693939105,1.894316112,7.693062953,8.020015755,0.367792765,1.90E-05,2.294776953,11.90626237
4.01E-05,0.864606592,0.056457632,3.29E-09,11724.81185,1.90E-07,1.68E-09,3.42E-18,2.89E-07,16.30084439,0.135501967,1.50E-06,4.32E-19,0,0,0.000106125,9.22450122
7.94E-05,0.788413439,0.050075563,1.39E-09,40706.03273,3.92E-07,9.64E-10,3.10E-18,5.86E-07,0.37098435,0.890847579,2.461591902,7.291868084,3.983064413,0.044667894,3.340587523,13.23221975
9.22E-05,0.880494102,0.065146399,4.27E-09,21818.98437,1.65E-07,2.97E-09,2.34E-18,9.31E-07,20.12255489,2.123736195,0.000333557,1.10E-10,8.64E-34,0,0.110876805,9.350176464
9.12E-05,0.749883542,0.060343846,3.25E-09,11433.69942,1.22E-07,8.91E-10,3.91E-18,3.69E-07,19.03409463,3.308896594,2.23E-05,9.85E-13,3.66E-37,0,0.175710783,9.41286151
3.47E-05,0.59293286,0.042830354,1.02E-09,14403.50918,3.26E-07,2.02E-09,2.47E-18,8.60E-07,1.248175384,2.430421189,4.992717163,7.016041396,2.288520957,0.057791352,3.961455414,14.10568211
5.43E-05,0.642267774,0.060485055,1.45E-09,6295.750303,9.48E-08,2.09E-09,2.81E-18,6.87E-07,3.619584357,14.32660464,16.77195838,1.331078716,7.29E-07,1.29E-28,1.720222374,11.2301304
4.07E-05,0.567866785,0.027578168,1.40E-09,46119.75205,9.17E-08,1.21E-09,2.08E-18,6.29E-07,0.467984248,0.881538665,1.544208448,2.631432555,3.409648723,1.382826452,5.974076452,16.83496676
3.52E-05,0.665938047,0.015054537,1.47E-09,28268.21713,6.38E-08,5.03E-10,1.52E-18,9.37E-07,0.317104373,0.59779506,1.081248851,2.04962134,3.365609728,2.232068017,6.872140139,18.11167234
3.79E-05,0.658545169,0.072234422,3.68E-09,15117.21589,4.18E-08,9.10E-10,2.29E-18,2.86E-07,1.527208163,14.10954755,9.621396313,0.017684038,1.95E-09,4.58E-33,0.712539235,10.19418265
3.57E-05,0.684972902,0.056898582,4.19E-09,43462.72609,3.40E-07,6.65E-10,1.20E-18,4.36E-07,0.259519566,0.647261221,2.187060362,6.382365757,2.212806271,0.016248898,2.22594034,11.83800936
1.89E-05,0.818971496,0.031239249,2.69E-09,15396.41419,1.07E-08,2.01E-09,1.69E-18,6.61E-07,1.761972272,4.802776489,16.92400968,8.504318659,0.001972022,9.42E-13,2.756732861,12.46752224
9.65E-05,0.552308833,0.037350696,7.13E-10,42920.98647,1.99E-07,1.60E-09,1.54E-18,3.70E-07,0.513175239,0.91541516,1.472638902,2.104809556,2.493072694,1.48336632,7.936113654,19.92618767
3.90E-05,0.867378887,0.077878424,4.93E-09,17564.39304,9.12E-08,2.71E-09,3.11E-18,4.24E-07,0.300729362,1.91E-08,1.37E-15,7.38E-40,0,0,6.58E-06,9.220619739
8.80E-05,0.713562467,0.016216636,3.46E-09,10273.78849,1.39E-07,7.70E-10,2.58E-18,2.58E-07,7.078430971,16.33482897,1.685345537,0.000121479,2.97E-15,0,0.518226823,9.899595341
1.99E-05,0.668220366,0.029993365,1.14E-09,30398.18847,1.11E-07,8.65E-10,1.14E-18,5.64E-07,0.386526834,0.70921708,1.234368111,2.235937794,3.299298398,2.053372406,7.050846162,18.47078407
4.66E-05,0.794427867,0.052008413,3.78E-09,44776.43786,5.58E-08,1.89E-09,2.24E-18,5.44E-07,1.040927208,8.324352564,12.28355974,0.329695278,4.41E-07,1.14E-28,0.979070156,10.45527207
3.61E-05,0.594600394,0.023338597,3.07E-09,43049.7804,4.23E-08,1.19E-09,2.46E-18,6.33E-07,0.615170154,1.760611187,10.83517872,6.107201957,0.004067991,4.24E-12,1.934494645,11.46097387
6.03E-05,0.882736391,0.053139852,2.36E-09,20222.92266,2.68E-07,2.58E-09,2.40E-18,8.20E-07,2.469740495,14.98370133,9.541457408,0.148753276,9.85E-07,3.83E-28,0.785763189,10.28530367
8.12E-05,0.866968218,0.029864489,2.41E-09,9454.290337,7.93E-09,1.95E-09,3.65E-18,3.44E-07,18.72922679,22.55185921,0.003145522,1.98E-10,4.04E-34,0,0.249140744,9.493405892
1.38E-05,0.748090969,0.062209613,1.12E-09,48543.04459,3.77E-07,2.41E-09,2.14E-18,5.25E-07,0.523466929,1.130752862,2.757447862,6.043963497,5.146588766,0.601886978,4.383994128,14.67032697
2.23E-05,0.862909888,0.011595539,4.11E-09,23061.38707,4.61E-08,8.68E-10,1.84E-18,7.90E-07,0.818015527,4.082857799,13.2424578,2.652625553,0.000124544,2.90E-24,1.444578562,10.94090356
3.70E-05,0.843199242,0.027480163,8.75E-10,40572.48457,3.95E-08,8.62E-10,1.18E-18,6.26E-07,0.303516423,0.563220372,1.046143424,2.101612114,3.597867479,2.881995652,8.316114391,20.22525844
9.71E-05,0.696290854,0.047354778,4.69E-09,12208.91388,3.32E-07,2.55E-09,1.97E-18,6.44E-07,11.50308394,0.066751652,2.84E-05,4.72E-15,0,0,0.252338916,9.496916052
8.88E-05,0.688375609,0.051164738,4.23E-09,20850.22409,3.74E-07,2.31E-09,2.18E-18,7.42E-07,17.21830209,3.744852511,0.007189719,1.33E-07,3.28E-28,0,0.215484628,9.514830078
3.36E-05,0.801500369,0.077525575,1.44E-09,15689.11449,2.37E-07,3.06E-10,3.77E-18,9.85E-07,0.364993672,0.898511732,2.77404602,8.570391464,2.740898997,0.002092715,2.862552908,12.62999022
4.13E-05,0.782322381,0.050832245,2.22E-09,22562.09422,3.23E-07,4.19E-10,3.38E-18,3.33E-07,0.410008158,1.262605548,8.077222042,5.208844683,0.055863642,7.45E-08,1.542486009,11.03011541
1.56E-05,0.874128464,0.063594216,2.74E-09,48464.46389,2.11E-07,5.54E-10,2.16E-18,3.42E-07,0.236673762,0.578665268,1.765091576,6.598522693,3.013704556,0.016129692,2.562887249,12.25571523
4.72E-05,0.631583235,0.044998073,3.76E-09,7839.000041,1.49E-07,6.61E-10,2.18E-18,4.56E-07,6.644820659,16.38446874,2.218626203,0.000556172,1.50E-13,1.60E-43,0.244584338,9.721205819
3.69E-05,0.720089817,0.020896695,4.51E-09,36968.5569,3.71E-08,9.14E-10,3.83E-18,9.77E-07,11.46789605,9.156366469,0.000537863,1.20E-11,6.57E-35,0,0.000872203,9.27567268
6.97E-05,0.723839192,0.015101362,1.53E-09,28847.96047,2.40E-07,2.32E-09,3.96E-18,8.50E-07,1.408088149,7.684185375,14.75082658,1.387291343,3.29E-05,2.45E-25,1.635253996,11.10641785
7.75E-05,0.610334169,0.01123362,2.53E-09,42729.70974,3.73E-07,1.94E-09,2.32E-18,8.42E-07,0.770307306,3.442058978,11.13498175,3.301918052,0.01138286,3.33E-09,1.819871903,11.31049337
1.68E-05,0.698188957,0.054819148,2.88E-09,39267.6479,1.57E-07,1.74E-09,1.95E-18,3.75E-07,0.731792863,2.201938292,10.43994606,6.100568977,0.056470451,4.21E-08,1.874970314,11.41367313
8.14E-05,0.887980698,0.044626509,4.80E-09,30259.89427,9.54E-08,2.41E-09,3.94E-18,7.46E-07,1.265525818,1.19E-09,9.17E-17,4.41E-41,0,0,0.169844314,9.40643171
7.49E-05,0.509889693,0.038322604,3.05E-09,40657.65094,8.15E-08,1.43E-09,1.02E-18,7.65E-07,0.545050714,1.027624275,1.838183722,3.207090359,3.298786505,0.677658006,4.91640252,15.37840472
8.08E-05,0.775171076,0.041927312,1.65E-09,47258.66584,2.04E-07,6.80E-10,2.66E-18,6.25E-07,0.260716691,0.599984829,1.540279477,4.602967151,5.653729545,0.504141126,3.95429761,14.03153118
3.50E-05,0.565223386,0.068629961,4.37E-09,18412.45327,2.54E-07,1.79E-09,1.62E-18,4.83E-07,5.919635529,15.28576385,2.593256611,0.005781733,3.39E-09,1.62E-32,0.193491161,9.791986572
4.12E-05,0.869859917,0.050893119,3.11E-09,9645.300543,2.38E-07,2.23E-09,2.03E-18,6.28E-07,16.23686497,15.57074151,0.478716678,5.99E-05,5.18E-24,0,0.036560409,9.518354291
6.68E-05,0.540542324,0.013759495,1.29E-09,39654.75978,7.14E-08,2.11E-09,3.68E-18,6.76E-07,0.879542517,1.718350063,3.525942128,6.904729824,2.199631525,0.002806138,4.356080468,14.52315582
6.91E-05,0.607261961,0.02274282,3.35E-09,39684.1025,8.40E-08,1.07E-09,1.94E-18,3.52E-07,0.529181329,1.461584828,7.737551721,7.743403075,0.149917921,1.48E-07,2.312930309,11.90674773
1.90E-05,0.906805347,0.059762213,3.53E-09,18318.85272,2.00E-07,9.61E-10,2.39E-18,3.55E-07,2.628868927,13.81887347,4.906802966,0.015301619,1.43E-08,3.05E-31,0.365095912,9.952137544
9.17E-05,0.767142215,0.052263802,2.84E-09,21129.06036,2.75E-07,1.81E-09,3.00E-18,6.03E-07,9.003974185,15.24093495,0.757169707,0.000104802,4.47E-15,0,0.261049839,9.707574952
5.14E-05,0.828301056,0.048991719,4.68E-09,42966.27437,3.11E-07,1.02E-09,3.84E-18,2.53E-07,11.98901423,0.695992863,1.31E-06,4.64E-13,2.78E-36,0,0.030795621,9.283941024
6.47E-05,0.761711792,0.032715788,2.94E-09,40092.52162,2.91E-07,2.48E-09,3.66E-18,4.51E-07,13.96222609,8.880283284,0.046244064,5.15E-07,2.66E-27,0,0.191666524,9.544171923
2.41E-05,0.866202856,0.054694225,3.03E-09,37811.3257,2.52E-07,2.47E-09,3.07E-18,5.19E-07,7.755359457,14.71298313,0.811481065,9.15E-05,4.90E-15,0,0.060686212,9.61459453
5.36E-05,0.778840909,0.017395132,3.83E-09,19730.81334,3.33E-07,2.08E-09,1.54E-18,4.13E-07,2.886070965,14.09220474,6.370560364,0.083926456,2.17E-06,2.31E-27,0.638860223,10.07039326
4.24E-05,0.537977963,0.058753191,2.06E-09,9791.519127,1.45E-07,7.24E-10,1.61E-18,4.02E-07,0.888492634,1.740827473,3.607877717,6.157242611,2.424154555,0.07207768,3.633034336,13.64942824
7.47E-05,0.832313418,0.028006132,2.12E-09,7746.785235,6.46E-08,2.90E-09,3.10E-18,3.79E-07,24.33893352,19.78919006,0.092706716,3.51E-08,3.58E-30,0,0.247851591,9.516577838
3.43E-05,0.791343451,0.045162457,1.36E-09,18026.13941,6.14E-08,2.80E-09,1.14E-18,7.73E-07,1.185938534,2.226164789,4.546718482,7.408226081,4.616780139,0.617790723,5.650273948,16.38098948
5.16E-05,0.653275219,0.050613318,3.26E-09,27252.05467,3.55E-07,2.35E-09,3.68E-18,3.23E-07,16.43658361,0.430025454,2.65E-05,5.42E-12,1.31E-35,0,0.083833077,9.320772995
9.32E-05,0.513111344,0.0725826,3.32E-09,37310.22792,3.27E-07,1.02E-09,1.67E-18,2.91E-07,0.452613926,1.241770486,6.203507146,6.619497228,0.282398264,2.51E-05,1.983730828,11.52213554
2.71E-05,0.623529805,0.049809979,4.51E-09,46914.67743,1.86E-07,2.88E-09,1.28E-18,8.30E-07,1.018781662,5.692831445,11.85322442,1.684462034,0.001683021,5.59E-12,1.172258049,10.66937296
4.44E-05,0.736615571,0.010194188,1.39E-09,24548.38617,2.77E-07,4.84E-10,2.43E-18,7.84E-07,0.29459479,0.657484757,1.630346808,4.267766599,5.637321722,0.901040032,4.255180145,14.4683952
6.15E-05,0.62423082,0.013669497,1.35E-09,14753.3007,5.25E-08,2.48E-09,3.87E-18,7.81E-07,2.358890421,9.642995789,18.02061407,1.944965953,7.64E-07,1.57E-28,2.173676349,11.74706529
4.66E-05,0.583967739,0.01141794,2.18E-09,44212.73973,2.05E-07,2.25E-09,2.94E-18,8.65E-07,0.939936904,4.712242865,12.96584568,2.661640442,0.000748033,2.71E-13,1.634612621,11.10755575
8.34E-05,0.858856967,0.034920353,1.98E-09,45355.06925,1.40E-07,2.32E-09,3.92E-18,8.82E-07,1.156230044,8.310944316,13.15554247,0.470389306,1.08E-06,5.28E-28,1.287702018,10.69968472
1.37E-05,0.509513222,0.056329241,1.91E-09,27078.54443,4.92E-08,1.29E-09,3.95E-18,8.38E-07,1.005892885,4.350709637,13.51708336,3.00835505,8.56E-06,2.88E-08,1.650168204,11.14610688
6.82E-05,0.742295934,0.064939175,1.98E-09,48733.28356,6.34E-08,2.59E-09,1.61E-18,8.44E-07,0.658523189,1.428150079,3.527727057,7.832761279,4.797994049,0.144427547,4.376546698,14.60699364
7.10E-05,0.740247625,0.0518124,1.77E-09,31964.61478,1.85E-07,1.71E-09,1.94E-18,3.17E-07,0.643779374,1.548324393,4.274309106,9.394580969,3.129936991,0.01082602,3.566288947,13.53223157
1.95E-05,0.644698725,0.0589041,1.28E-09,9523.091419,2.54E-07,1.07E-09,1.77E-18,9.60E-07,0.993702061,1.987438002,4.311395149,7.035482363,3.269458372,0.17669174,4.185441818,14.39677113
4.43E-05,0.744766101,0.027051362,1.75E-09,36061.90297,1.18E-07,2.50E-09,3.78E-18,3.14E-07,1.315675485,6.997604014,15.41084303,1.658338904,1.16E-05,3.40E-26,1.494649436,10.95609964
1.19E-05,0.878566418,0.07466817,1.59E-09,8942.485017,2.02E-07,2.87E-09,3.53E-18,5.73E-07,12.20556913,24.41310634,2.498716614,0.000132845,1.32E-23,0,0.185694691,9.657623849
4.72E-05,0.574770288,0.073838338,8.01E-10,33663.67241,2.47E-08,1.61E-09,3.39E-18,5.52E-07,0.836741728,1.492166317,2.368164095,3.257626749,3.238268288,1.125655077,6.436279063,17.38683949
5.99E-05,0.883749321,0.025516297,8.86E-10,33888.94631,2.94E-07,9.05E-10,2.52E-18,8.97E-07,0.340659884,0.742703733,1.72992324,4.09151194,5.675456757,2.125246861,5.423205617,16.0684861
1.67E-05,0.880998857,0.029759336,1.84E-09,19261.69266,1.01E-07,1.75E-09,2.01E-18,9.13E-07,1.079709573,2.772283055,8.621414601,11.35518446,1.008715729,1.48E-05,3.070709761,12.89163409
7.20E-05,0.70341047,0.054201573,2.64E-09,13729.44279,1.15E-07,2.62E-09,3.28E-18,5.15E-07,24.29103796,8.173001243,0.004090749,1.16E-09,2.01E-32,0,0.14639365,9.393184487
3.76E-05,0.716706994,0.028692222,3.66E-09,38678.11482,3.66E-07,2.40E-09,2.72E-18,8.82E-07,12.54394708,8.834936448,0.087198338,8.69E-06,4.11E-25,0,0.032219248,9.482737177
9.76E-05,0.715551893,0.027208274,7.87E-10,44978.61318,3.23E-07,2.64E-09,2.65E-18,7.15E-07,0.615325409,1.20943186,2.570674875,5.230493439,4.854273912,0.94010082,5.595790615,16.28104253
7.04E-05,0.581104423,0.032763459,3.86E-09,8342.505499,2.72E-08,6.52E-10,3.55E-18,3.43E-07,21.76184654,5.16406001,3.80E-06,4.73E-19,0,0,0.288502461,9.53662915
2.25E-05,0.576521229,0.011164254,7.73E-10,34367.23792,2.41E-07,1.63E-09,3.77E-18,3.18E-07,0.680240409,1.26971107,2.258464472,3.966078097,3.823204727,0.685459173,5.586632733,16.28826818
8.59E-05,0.611891125,0.029075573,3.88E-09,22874.95303,2.12E-07,1.79E-09,1.50E-18,3.76E-07,1.330588331,8.650992031,11.53341134,0.674914993,0.000139829,4.39E-24,1.324857714,10.73792127
5.87E-05,0.639052767,0.024557188,1.95E-09,47563.89431,1.42E-07,1.99E-09,1.38E-18,8.38E-07,0.516380741,1.035514719,2.231516128,4.795279083,4.474975427,0.654569172,4.832397629,15.25477091
6.46E-05,0.610927193,0.075269015,1.04E-09,43132.73645,3.37E-07,2.54E-09,3.23E-18,5.51E-07,0.718772813,1.515573791,3.574348316,7.212634231,3.100760966,0.068078512,3.764249089,13.81015977
2.97E-05,0.757789711,0.027647091,3.44E-09,45574.73867,1.35E-08,1.26E-09,2.77E-18,4.70E-07,0.756347753,3.632934077,14.57246585,2.070401416,1.14E-06,5.36E-28,1.436323347,10.8704808
1.21E-05,0.831210836,0.024788801,4.04E-09,22629.62001,1.94E-07,1.46E-09,2.55E-18,8.34E-07,13.12722656,9.94107439,0.08643101,1.97E-06,2.52E-26,0,0.007257811,9.456309487
2.75E-05,0.659201703,0.030092108,1.11E-09,10034.71701,1.23E-07,6.58E-10,2.19E-18,4.39E-07,0.769918802,1.441539178,2.738336309,5.083688554,4.389034405,0.687463755,5.376342207,16.00828281
4.52E-05,0.767611307,0.042774328,2.55E-09,43612.20838,1.54E-07,1.74E-09,3.58E-18,4.13E-07,1.128584495,11.78938593,8.182601207,0.047338916,3.17E-08,1.20E-30,0.640849571,10.14006198
1.98E-05,0.665825511,0.047371049,4.92E-09,17978.28534,3.04E-07,9.39E-10,1.72E-18,6.17E-07,4.328064044,12.74468811,2.353685771,0.005934699,1.20E-08,3.25E-31,0.175638814,9.787020856
1.28E-05,0.834749319,0.06741209,4.59E-09,25883.88365,3.37E-08,3.07E-10,3.08E-18,2.73E-07,0.4900943,6.325954688,9.003469804,0.044488858,2.31E-09,2.32E-32,0.669499383,10.06240345
8.58E-05,0.833367846,0.031053677,3.66E-09,11249.54788,2.82E-07,7.52E-10,3.97E-18,9.52E-07,10.64146866,0.018123449,8.20E-08,4.44E-20,0,0,0.268969736,9.515174948
4.79E-05,0.753407618,0.066656234,1.34E-09,12995.7105,1.93E-07,2.99E-09,1.07E-18,5.43E-07,1.400385565,2.853593121,6.189592389,8.299569682,3.449456656,0.242858446,4.586098618,14.94488571
3.78E-05,0.629211945,0.043565945,1.28E-09,48901.24479,7.78E-08,1.87E-09,3.74E-18,3.26E-07,0.630683514,1.371494638,3.512432885,8.820628125,2.678650981,7.59E-05,3.54351437,13.49389163
2.63E-05,0.616011394,0.039363105,1.71E-09,44243.65474,2.82E-07,1.70E-09,1.86E-18,8.29E-07,0.492378021,1.049572635,2.499010378,5.809445668,4.038231852,0.27449701,3.786069105,13.86690722
5.31E-05,0.856545639,0.038596814,1.30E-09,27439.23838,8.21E-08,9.44E-10,3.90E-18,3.66E-07,0.591868297,1.459028446,4.401220019,11.21113979,2.180495356,4.96E-05,3.260042815,13.11620626
8.55E-05,0.741159987,0.047079766,3.20E-09,36421.83182,9.08E-08,3.37E-10,2.73E-18,8.93E-07,0.253901939,0.669036049,3.821306898,7.631468907,0.603202951,2.33E-06,2.122393628,11.67784603
4.92E-05,0.652691707,0.025131489,4.94E-09,6004.758442,2.95E-07,2.07E-09,1.72E-18,5.25E-07,7.217588738,0.016122773,2.86E-06,1.15E-18,0,0,0.152668755,9.387610417
8.99E-05,0.637751536,0.041312579,2.88E-09,31829.23552,1.71E-07,1.52E-09,1.34E-18,8.88E-07,0.603916028,1.468885814,4.621437573,8.67241624,1.875364021,0.001919132,3.14405716,12.97278182
7.62E-05,0.61789794,0.065711779,1.97E-09,47743.87441,2.57E-07,1.53E-09,3.17E-18,7.82E-07,0.5936684,1.726520744,9.371697713,6.239065203,0.065685709,5.19E-08,1.971579548,11.50814247
7.20E-05,0.511630844,0.014453691,8.54E-10,38022.61258,3.41E-07,1.16E-09,1.55E-18,4.57E-07,0.437275868,0.78823186,1.294129395,1.901612092,2.313187522,1.379153707,7.578077227,19.32778723
2.40E-05,0.898638064,0.064417801,4.66E-09,10599.08131,3.70E-07,2.21E-09,1.74E-18,6.54E-07,18.6701287,0.856025523,0.001521536,4.39E-09,5.23E-31,0,0.000263859,9.269988863
4.27E-05,0.726052495,0.039474173,3.02E-09,43893.38241,2.74E-07,4.66E-10,3.01E-18,9.21E-07,0.284008332,0.951604579,7.076698198,4.276541005,0.038742528,6.07E-08,1.3137425,10.7550295
6.18E-05,0.599607346,0.014113153,4.03E-09,37578.86491,3.34E-07,1.75E-09,1.25E-18,6.70E-07,0.684028499,2.356950395,9.461159986,4.605731024,0.067545211,1.15E-06,1.849480196,11.34801502
4.80E-05,0.796792367,0.072391429,4.60E-09,29331.30898,3.49E-08,7.04E-10,1.98E-18,8.24E-07,0.627303095,3.487792943,12.22483418,2.303411593,3.64E-05,3.38E-25,1.307910331,10.77503609
2.46E-05,0.579127683,0.078266766,3.17E-09,13843.55003,2.87E-07,2.49E-09,3.18E-18,3.99E-07,15.31450432,0.139749396,9.20E-06,9.97E-17,0,0,7.24E-05,9.227066734
5.25E-05,0.52372682,0.055360723,4.35E-09,34814.9251,5.44E-08,1.58E-09,3.00E-18,4.82E-07,12.03370504,11.71055642,0.031081151,7.82E-06,1.47E-07,2.25E-29,0.120974684,9.424584589
3.27E-05,0.62468028,0.076920494,3.32E-09,31625.274,1.08E-07,8.94E-10,1.92E-18,5.99E-07,0.539765696,1.512089072,8.218892601,7.101544573,0.118878656,1.49E-07,1.915729273,11.45761446
4.90E-05,0.886637552,0.072654412,2.33E-09,45143.40411,2.09E-07,4.59E-10,2.44E-18,6.56E-07,0.21446967,0.510174027,1.401902831,5.330951259,4.316674437,0.085149409,2.91525639,12.70271531
6.93E-05,0.905351439,0.032103754,3.30E-09,25031.85959,3.55E-07,1.38E-09,2.11E-18,5.92E-07,1.196910392,10.25958401,8.261273901,0.217701555,1.75E-05,1.32E-25,0.802339595,10.21708068
2.60E-05,0.531242368,0.062839594,1.52E-09,24810.11973,2.02E-08,2.08E-09,2.58E-18,9.17E-07,1.295833816,2.302272402,3.673565381,5.149402886,2.718775982,0.105897966,4.319275712,14.50451417
6.56E-05,0.782591949,0.014856639,7.40E-10,12955.16998,3.42E-07,1.55E-09,2.44E-18,6.32E-07,0.95876195,1.983708963,4.546850535,7.816147319,4.607993597,0.422933829,5.148544426,15.67332833
8.21E-05,0.595761531,0.037460675,4.55E-09,25936.42286,3.03E-07,2.03E-09,3.67E-18,9.05E-07,1.095729147,7.92E-07,9.42E-13,1.26E-34,0,0,0.294480027,9.543195902
1.18E-05,0.831093913,0.030376093,4.37E-09,13309.29859,3.14E-07,2.88E-09,1.16E-18,4.95E-07,7.200791218,17.41454222,3.397976423,0.01714849,4.15E-08,1.00E-30,0.2545778,9.814166722
4.17E-05,0.540035983,0.02853927,4.53E-09,12496.54418,7.52E-08,2.37E-09,2.84E-18,2.97E-07,6.198309012,0.000191249,3.18E-06,4.80E-26,0,0,0.134611881,9.367831529
7.50E-05,0.850806964,0.018381055,4.24E-09,19546.93776,3.94E-07,1.24E-09,3.86E-18,6.77E-07,3.440139848,3.31E-05,1.13E-10,1.52E-31,0,0,0.264114524,9.509843546
1.22E-05,0.56121421,0.020038646,1.58E-09,14344.45243,2.88E-07,2.30E-09,1.11E-18,5.94E-07,1.204258627,2.192585674,4.00649465,5.492612531,2.678857989,0.250476524,4.610155017,15.02824048
1.31E-05,0.847985785,0.04676825,1.79E-09,26300.14843,3.59E-07,2.56E-09,2.96E-18,4.45E-07,1.493381079,7.778750827,14.02309597,1.460356242,0.000254725,3.43E-15,1.291820805,10.81117911
9.98E-05,0.713898113,0.064444691,2.60E-09,11844.12163,2.33E-07,1.29E-09,3.42E-18,3.26E-07,15.64531196,12.03835467,0.129169352,1.41E-06,8.92E-27,0,0.188190818,9.545916844
2.02E-05,0.570313294,0.05668873,3.13E-09,43372.4392,2.69E-07,8.60E-10,1.23E-18,6.29E-07,0.298903436,0.665386441,1.694417848,4.857414628,3.87916516,0.260353009,3.170675023,13.05557608
3.36E-05,0.846641846,0.016726479,1.02E-09,21100.82631,1.41E-07,2.77E-09,1.98E-18,9.19E-07,1.083561389,2.345767003,5.590735224,9.328838322,4.691625897,0.236209193,4.838921421,15.25247917
4.32E-05,0.89012551,0.068206405,1.20E-09,17726.55692,2.91E-07,2.12E-09,2.12E-18,9.74E-07,1.086467963,2.651757588,6.912048025,10.92292738,2.733736871,0.008706134,3.592522625,13.582778
1.38E-05,0.755147998,0.053985008,3.80E-09,29182.73727,3.77E-08,2.91E-09,1.92E-18,9.68E-07,2.404275128,17.57780515,9.204315924,0.009457336,7.38E-10,5.21E-34,0.679449247,10.17040581
9.27E-05,0.627679635,0.054096633,4.87E-09,23809.92848,3.44E-07,2.78E-09,2.80E-18,3.80E-07,2.104807858,4.91E-05,4.64E-10,1.22E-30,0,0,0.215151584,9.456107916
5.56E-05,0.549567338,0.055495585,1.01E-09,33691.64769,3.47E-07,9.03E-10,2.33E-18,3.36E-07,0.414923349,0.774863702,1.372535919,2.41980315,3.153315569,1.388694935,5.519956192,16.25176513
1.19E-05,0.610409207,0.054493377,4.98E-09,24079.84291,1.54E-08,2.89E-09,2.38E-18,8.03E-07,24.87392687,5.831428778,3.78E-06,4.04E-19,0,0,0.000414861,9.225394335
4.81E-05,0.791515605,0.013161389,2.45E-09,20746.97531,2.56E-07,2.10E-09,3.94E-18,4.17E-07,17.78754658,8.828361902,0.026574662,8.07E-08,7.17E-29,0,0.116644434,9.438363926
9.86E-05,0.754600037,0.05767257,4.44E-09,43541.25683,3.58E-08,1.40E-09,1.82E-18,9.44E-07,0.750618156,3.784994073,13.05015171,2.610227355,7.20E-05,1.09E-24,1.631780371,11.09883398
2.46E-05,0.512670829,0.01467568,2.44E-09,18543.71017,4.64E-08,2.51E-09,2.31E-18,3.24E-07,2.010506371,8.545025251,12.73218601,2.406715058,1.10E-06,4.42E-09,1.807287062,11.38337612
1.74E-05,0.810561047,0.069572819,2.50E-09,37089.60745,1.21E-07,1.78E-09,2.20E-18,9.95E-07,0.785104947,2.213106529,10.44661707,7.246098264,0.069681674,2.95E-08,2.084354363,11.65732201
1.33E-05,0.761309264,0.041237308,2.64E-09,34193.36369,1.70E-07,2.65E-09,3.29E-18,5.03E-07,6.314781818,16.83198691,2.537471041,0.000238466,2.29E-14,0,0.187733156,9.714603053
8.87E-05,0.550137944,0.039902456,1.92E-09,27340.33672,3.02E-07,7.54E-10,1.24E-18,6.95E-07,0.374025805,0.714655609,1.380027897,2.796941637,3.479987401,1.148795105,5.015448743,15.52704256
5.79E-05,0.566798205,0.020082678,3.71E-09,49469.7278,3.19E-07,2.45E-09,1.38E-18,4.52E-07,0.73597043,2.645029205,10.10028546,4.376229701,0.048314434,3.15E-07,1.817632203,11.31315913
9.63E-05,0.776118077,0.041373291,4.10E-09,23396.11444,3.48E-07,2.57E-09,2.07E-18,5.49E-07,15.96167804,7.541675147,0.05737754,5.79E-06,1.82E-25,0,0.273305662,9.628835214
8.97E-05,0.636283464,0.030872988,1.34E-09,29276.88625,9.46E-09,5.57E-10,2.49E-18,6.75E-07,0.434715735,0.815497475,1.425582162,2.435177811,3.614192648,1.941210017,7.090712879,18.2076221
1.60E-05,0.599788994,0.03054782,2.97E-09,42501.12579,1.51E-07,1.77E-09,3.36E-18,6.75E-07,3.029442852,14.31723237,4.076048914,0.001439533,1.25E-10,6.17E-35,0.300876132,9.837532719
4.35E-05,0.596798625,0.078672841,2.57E-09,21581.26846,9.83E-08,1.78E-09,3.48E-18,4.53E-07,6.433655037,18.42562714,2.763304235,4.81E-05,9.44E-18,0,0.207556393,9.672621227
5.28E-05,0.556881268,0.021707968,3.54E-09,37478.29602,2.16E-07,2.18E-09,1.85E-18,3.58E-07,1.117100518,7.98813633,11.17249516,0.610958114,7.54E-05,1.53E-24,1.170944586,10.56417872
4.99E-05,0.848648855,0.045777155,4.00E-09,25691.07921,1.35E-07,1.69E-09,3.89E-18,7.41E-07,12.17314764,0.017045842,4.65E-09,7.51E-30,0,0,0.028013421,9.25121367
9.92E-05,0.526053493,0.034643201,2.83E-09,49288.8182,3.97E-07,3.78E-10,3.85E-18,4.37E-07,0.24151003,1.346461763,7.328523214,2.500559037,0.005742069,1.28E-07,1.402524141,10.80828036
3.94E-05,0.759089108,0.074423921,3.12E-09,15996.82189,2.87E-07,6.33E-10,3.38E-18,4.09E-07,5.363606347,13.15815601,1.396149185,0.00022129,4.25E-14,0,0.104490246,9.664047401
4.70E-05,0.710753529,0.072958456,3.78E-09,27121.6793,9.45E-08,1.55E-09,2.77E-18,9.81E-07,7.602495572,15.73640543,0.823623289,6.42E-06,1.11E-25,0,0.0637516,9.545538618
8.36E-05,0.688925855,0.026154163,2.01E-09,48982.57354,3.71E-07,5.69E-10,2.36E-18,5.12E-07,0.215499909,0.504926925,1.345580381,4.484366472,4.745184562,0.2669726,3.429136177,13.33316005
1.23E-05,0.735079596,0.02021391,4.40E-09,21003.1524,9.36E-08,7.92E-10,1.35E-18,6.36E-07,0.660787627,2.045875668,10.10790681,5.718047716,0.049721181,3.41E-08,1.780179386,11.30375277
3.46E-05,0.562714244,0.079690686,3.97E-09,25541.36396,6.58E-09,2.16E-09,1.45E-18,9.61E-07,1.321072385,3.142632398,11.36824584,6.366184722,0.097134469,8.46E-08,2.458236396,12.10402782
8.53E-05,0.888497008,0.024144943,3.11E-09,14513.30093,3.75E-07,7.63E-10,1.01E-18,9.70E-07,0.56785824,1.409437782,4.11771166,8.102045163,2.309996122,0.014937393,2.974871318,12.75886664
8.25E-05,0.78919762,0.046560939,3.35E-09,49970.88075,4.85E-09,2.85E-09,3.15E-18,5.71E-07,1.837842988,19.29840655,6.67955247,1.04E-05,1.02E-25,0,0.691868421,9.997301541
1.78E-05,0.836448017,0.069855352,3.55E-09,17225.11953,1.70E-07,2.20E-09,2.26E-18,8.76E-07,14.45341447,13.74014511,0.270670885,9.91E-06,2.58E-25,0,0.020966223,9.490866138
4.54E-05,0.858469919,0.0671703,3.22E-09,22014.4913,2.47E-07,1.84E-09,1.66E-18,7.12E-07,1.296454759,7.004141484,12.83560195,1.422202887,0.000719088,4.79E-13,1.199115447,10.70545292
2.32E-05,0.837002315,0.047222271,2.63E-09,17110.58805,3.95E-07,2.83E-09,1.28E-18,3.38E-07,1.628080205,5.309109889,13.66983967,4.43840261,0.032893556,1.29E-07,1.809907028,11.33327013
5.68E-05,0.768654928,0.010447674,4.24E-09,30581.86226,6.93E-08,1.40E-09,2.36E-18,9.33E-07,3.286133367,15.20144051,4.102497811,0.00058689,1.08E-13,8.60E-44,0.503399948,9.875516686
6.30E-05,0.677647947,0.057212611,2.02E-09,29662.81005,2.81E-07,5.18E-10,1.72E-18,3.70E-07,0.264702743,0.586594052,1.460967083,3.965933469,5.161186065,0.77893867,3.979811204,14.1032332
9.34E-05,0.559668534,0.028261001,1.43E-09,25429.73667,3.60E-07,2.13E-09,1.80E-18,4.29E-07,0.838472039,1.645596437,3.437621455,5.80572143,2.868468789,0.180015654,4.427224893,14.69832384
2.27E-05,0.750830905,0.019297608,4.39E-09,23605.34973,8.65E-08,2.54E-09,2.28E-18,5.03E-07,19.546557,7.831125082,0.008275085,6.61E-09,8.45E-31,0,0.00118648,9.306160582
4.70E-05,0.793248184,0.059272468,4.43E-09,7564.183836,2.15E-07,6.25E-10,1.48E-18,7.03E-07,2.438621694,13.53962115,6.594592993,0.07997597,1.09E-06,6.86E-28,0.502018381,10.09034562
3.19E-05,0.854400315,0.023990564,1.69E-09,29950.35564,3.08E-07,2.36E-09,2.41E-18,9.53E-07,0.978230387,2.673918406,9.799337959,8.5766511,0.27031396,2.83E-06,2.357610322,11.99623879
5.42E-05,0.73625257,0.02841084,4.86E-09,40819.12394,3.42E-07,1.01E-09,2.74E-18,2.65E-07,8.967633409,7.316535689,0.042607542,3.11E-06,1.09E-17,0,0.138026929,9.553440973
9.19E-05,0.850295591,0.012609111,3.81E-09,27795.46107,1.53E-07,1.08E-09,3.06E-18,8.32E-07,7.111994961,13.21585454,0.462655523,7.23E-06,2.90E-19,0,0.411898986,9.802325362
8.31E-05,0.766522883,0.065512341,1.96E-09,12035.73494,3.11E-07,3.00E-09,1.20E-18,4.74E-07,1.79793827,4.749030259,11.82689206,8.652168131,0.468418618,6.72E-05,2.851629653,12.61886695
2.03E-05,0.720316208,0.034833836,4.34E-09,8292.934808,3.74E-08,2.36E-09,2.20E-18,8.21E-07,26.50294644,0.528977584,6.71E-07,9.12E-27,0,0,0.000145251,9.221235195
5.47E-05,0.7467519,0.074120814,3.29E-09,49102.72019,8.05E-08,1.37E-09,2.70E-18,9.57E-07,0.718122421,5.071556056,12.02354581,1.291860414,1.13E-05,4.59E-26,1.133892495,10.59902352
8.07E-05,0.626681257,0.022803465,4.71E-09,34906.68674,2.43E-07,1.54E-09,1.49E-18,8.87E-07,0.918299067,7.627073773,9.355479666,0.44252969,0.00012836,2.89E-15,1.129189889,10.50647153
6.57E-05,0.739982367,0.07333499,9.84E-10,38107.95705,2.44E-07,1.03E-09,2.17E-18,7.93E-07,0.350675214,0.699027838,1.482866876,3.377257673,4.747281508,1.959114653,5.65917366,16.42932873
9.82E-05,0.510326933,0.043868151,6.19E-10,32599.18243,3.76E-07,1.94E-09,3.52E-18,5.05E-07,0.796174756,1.416090079,2.243086496,3.070102887,2.790656018,0.861973107,6.151285803,17.12893703
6.25E-05,0.552558887,0.053609836,1.21E-09,24604.41795,8.71E-08,1.87E-09,1.25E-18,2.88E-07,0.88283281,1.53990185,2.366012574,3.155800847,2.904197605,1.038980242,6.721154103,17.97342433
5.92E-05,0.748387743,0.06198625,2.82E-09,28927.28752,3.29E-07,4.02E-10,1.26E-18,8.63E-07,0.216156398,0.492229593,1.244264947,3.495009762,4.891561963,0.811720374,3.558575318,13.55132292
6.11E-05,0.822066502,0.049306589,3.01E-09,18798.06791,3.78E-07,3.61E-10,3.27E-18,7.99E-07,0.56055238,6.380329269,8.013489515,0.245264665,1.62E-05,1.65E-25,0.713653513,10.16152101
4.50E-05,0.710618259,0.042535723,4.45E-09,40519.46215,3.49E-07,1.67E-09,2.90E-18,8.62E-07,13.56904448,3.619658471,0.001879515,1.77E-08,2.47E-29,0,0.047380971,9.378664228
6.62E-05,0.577001076,0.033396365,3.27E-09,12220.27002,4.36E-08,1.86E-09,3.98E-18,9.92E-07,18.38930142,0.012251275,4.96E-10,9.82E-32,0,0,0.260095588,9.505431201
3.53E-05,0.825007157,0.062896211,3.63E-09,11597.56493,1.40E-08,5.88E-10,2.06E-18,3.82E-07,1.083473581,4.379934428,16.52255301,2.723779027,6.84E-06,1.17E-26,1.698000931,11.18491672
6.64E-05,0.719649469,0.037491342,1.08E-09,29805.56249,3.68E-07,6.14E-10,2.53E-18,3.15E-07,0.292635195,0.611199846,1.399402883,3.437009349,5.01516494,1.62993659,4.974673299,15.44841381
2.04E-05,0.533223579,0.064540412,1.39E-09,41021.63057,2.81E-07,1.83E-09,3.18E-18,8.02E-07,0.658920888,1.440620141,4.0282949,6.893795987,1.956993888,0.001195477,2.97182823,12.78494056
2.10E-05,0.620884296,0.046043728,4.05E-09,24009.15413,5.39E-08,2.46E-09,1.36E-18,3.09E-07,1.630414299,8.113199393,15.65948828,1.662092532,4.74E-05,4.37E-25,1.44771432,10.97574056
9.29E-05,0.660964802,0.043034389,2.98E-09,31041.27985,2.55E-07,3.99E-10,3.86E-18,2.80E-07,0.4326629,4.951209874,8.519099826,0.32559662,5.91E-06,2.65E-26,0.990728262,10.34146115
8.47E-05,0.647594934,0.031592831,4.86E-09,13249.62833,3.46E-07,2.86E-09,1.27E-18,7.41E-07,16.21526026,10.91248563,0.267425077,0.000190925,4.17E-14,0,0.345110272,9.726487383
9.51E-05,0.682669491,0.030971452,2.82E-09,11156.86763,1.97E-07,7.40E-10,1.27E-18,3.19E-07,0.753599529,1.931551678,6.269178201,9.192164304,1.272851316,0.00063722,3.054511508,12.84660024
9.33E-05,0.745457401,0.034523432,1.41E-09,8158.789725,3.52E-07,1.81E-09,2.31E-18,3.31E-07,2.103939327,6.403110834,16.23914665,5.359106944,0.023518369,7.12E-09,2.482523295,12.12657523
3.88E-05,0.807501368,0.019785708,2.86E-09,44374.77753,2.97E-07,1.13E-09,3.25E-18,4.32E-07,0.707177116,7.696487451,8.412022345,0.204217856,4.78E-06,1.55E-26,0.654881562,10.19304819
5.14E-05,0.757356101,0.017033115,9.58E-10,22990.9709,2.10E-07,2.93E-09,1.18E-18,9.45E-07,0.899408207,1.698786417,3.472283225,6.026950294,4.53687403,0.989777906,5.913941969,16.79617371
4.93E-05,0.712660626,0.079552556,1.82E-09,28338.3722,7.34E-08,1.73E-09,3.89E-18,5.29E-07,1.241657799,6.458192054,15.86188207,1.7313226,4.29E-06,5.25E-27,1.477469941,10.97072315
3.08E-05,0.743391147,0.065605651,1.42E-09,9844.424278,1.86E-08,7.01E-10,2.14E-18,8.90E-07,0.916086233,1.742661825,3.583880134,7.041558807,5.093145483,0.269270198,5.163186942,15.60846688
9.74E-05,0.662826524,0.018632583,2.11E-09,46584.13131,1.90E-08,2.45E-09,3.23E-18,4.07E-07,1.042838684,3.006699404,15.53854171,5.441931441,0.000120793,2.03E-24,2.55187095,12.1790617
6.09E-05,0.766818081,0.07018842,1.50E-09,46237.26029,1.55E-07,1.24E-09,2.69E-18,8.41E-07,0.417092976,0.978530369,2.584221722,7.109091356,5.266911293,0.111329788,3.801767423,13.84355633
1.45E-05,0.69756563,0.066522718,4.30E-09,26281.83738,5.10E-08,6.70E-10,2.80E-18,4.31E-07,1.475547546,12.98517542,5.154621603,0.0005544,2.17E-11,3.77E-36,0.380067825,9.842033302
5.03E-05,0.815750673,0.043393526,4.14E-09,37534.51965,2.49E-07,3.67E-10,2.84E-18,7.73E-07,0.335198772,3.769347259,7.905076583,0.497138122,4.94E-05,1.02E-15,0.698241484,10.14916683
3.35E-05,0.656255342,0.062474748,6.11E-10,13581.53056,2.07E-07,2.92E-09,1.76E-18,5.78E-07,1.503692714,2.521489406,3.975271802,5.374126956,3.456300846,0.685429047,6.091319286,17.06697941
7.18E-05,0.74666867,0.015266641,3.12E-09,45803.60369,9.63E-08,1.97E-09,3.13E-18,7.33E-07,2.03293273,14.49049266,5.725779648,0.002975832,2.85E-10,2.30E-34,0.730025526,10.06042935
6.37E-05,0.572224411,0.022500564,1.50E-09,17692.03986,2.95E-07,1.10E-09,3.75E-18,8.84E-07,0.999463013,3.813503232,13.08131576,4.059189671,0.00396714,2.73E-10,2.026121287,11.56652597
8.63E-05,0.614505363,0.036070049,4.90E-09,14536.4168,3.44E-07,2.29E-09,1.44E-18,8.77E-07,15.82109482,9.230423987,0.150678004,6.51E-05,1.23E-15,0,0.326050189,9.701130064
7.80E-05,0.802227798,0.050589149,4.21E-09,34049.39099,3.14E-07,1.49E-09,2.58E-18,6.93E-07,9.807231221,9.597950439,0.132865914,1.72E-05,2.53E-16,0,0.168561275,9.602700887
1.25E-05,0.603144667,0.059232232,1.21E-09,47933.08529,2.30E-07,1.56E-09,1.53E-18,9.64E-07,0.434822396,0.807521319,1.441449549,2.658616133,3.459665041,1.565411563,5.730089975,16.57243653
4.02E-05,0.530425016,0.027376519,2.79E-09,6062.8653,3.65E-07,2.10E-09,1.73E-18,9.90E-07,11.80387584,20.13366052,1.921559945,0.002767501,5.96E-09,3.59E-32,0.271700406,9.72233784
6.55E-05,0.783468717,0.077607632,1.10E-09,24298.39547,3.75E-07,1.57E-09,1.21E-18,3.78E-07,0.534471714,1.090960905,2.472995409,5.107361204,4.934935094,1.377494273,5.19060303,15.8127777
4.95E-05,0.82033039,0.054334211,2.52E-09,14836.2019,2.08E-07,2.66E-09,3.93E-18,6.83E-07,22.68447298,1.186755553,3.11E-05,6.26E-16,0,0,0.022253969,9.24918022
3.98E-05,0.675566936,0.059489645,9.13E-10,39822.11174,7.49E-08,8.31E-10,1.51E-18,7.28E-07,0.345963615,0.63767477,1.094165192,1.848954354,2.879825394,2.21114873,7.654473697,19.30986988
1.76E-05,0.869942542,0.023178506,1.71E-09,29103.67418,5.35E-08,7.08E-10,2.11E-18,5.63E-07,0.390894536,0.881287397,2.166503875,5.4799997,6.812385483,0.770959478,4.672544148,14.99667358
2.11E-05,0.83791194,0.040012797,2.37E-09,27486.78794,3.31E-07,2.02E-09,2.31E-18,5.60E-07,1.162089185,5.98580932,12.83911186,2.041925014,0.001429369,2.51E-12,1.308345855,10.81820143
2.29E-05,0.58687826,0.049654108,2.36E-09,22126.55795,7.27E-09,1.98E-09,2.61E-18,5.87E-07,1.467255186,4.011023449,15.94841569,4.395453167,1.39E-05,1.34E-09,2.227229218,11.81572907
2.39E-05,0.857333799,0.04406081,6.36E-10,31917.30697,3.04E-07,2.98E-09,3.24E-18,9.94E-07,0.83999058,1.827666018,4.401604434,8.259239065,5.448411669,0.461806804,4.919927139,15.36697735
8.62E-05,0.633901957,0.019574973,2.47E-09,15650.79459,2.22E-08,2.55E-09,2.09E-18,6.96E-07,2.270460146,8.902674211,18.35446239,2.233390554,1.74E-06,7.42E-28,2.325661928,11.92200769
6.49E-05,0.888763712,0.049596299,2.93E-09,47451.26471,3.50E-07,1.56E-09,3.40E-18,6.41E-07,2.63814376,12.22728099,3.531451524,0.006023066,5.75E-09,1.03E-31,0.342786143,9.849650008
2.05E-05,0.803122694,0.039138726,2.49E-09,24773.5984,3.43E-07,1.22E-09,3.75E-18,8.26E-07,4.363351047,14.04533501,2.801859724,0.001634846,2.52E-10,2.30E-34,0.207618827,9.779391771
7.40E-05,0.58200666,0.017734026,3.95E-09,6895.177417,2.24E-07,2.73E-09,2.73E-18,6.00E-07,0.059887888,2.83E-06,8.84E-13,7.18E-36,0,0,0.378002465,9.635038685
3.09E-05,0.682294219,0.058263699,7.34E-10,37715.2426,2.06E-07,7.45E-10,1.84E-18,6.05E-07,0.299697947,0.555597459,0.985028743,1.839110892,3.030940114,2.267278568,7.050129668,18.47291961
1.66E-05,0.529146959,0.02575365,4.99E-09,27618.88489,1.10E-07,1.26E-09,2.47E-18,3.89E-07,13.2496714,8.542967251,0.024652405,7.56E-06,2.63E-08,8.30E-31,0.002689629,9.385962301
6.66E-05,0.823923904,0.036231652,4.48E-09,8867.151382,3.77E-07,1.44E-09,2.34E-18,9.31E-07,8.192388612,0.014523922,2.53E-06,1.73E-17,0,0,0.154902161,9.39005739
5.04E-05,0.745860556,0.016921824,3.15E-09,46817.01406,2.32E-07,2.69E-09,1.53E-18,5.00E-07,0.814620433,2.473631692,10.33702645,5.930527466,0.088009885,4.59E-07,1.993971213,11.53523103
8.33E-05,0.692328845,0.024040503,4.89E-09,47117.9831,2.48E-07,8.86E-10,2.93E-18,5.02E-07,6.333323955,9.209574544,0.136863367,4.34E-06,3.04E-17,0,0.354648112,9.748719759
5.38E-05,0.73283691,0.070233,6.75E-10,28991.73858,1.76E-07,1.63E-09,3.85E-18,7.01E-07,0.684505119,1.326854915,2.779124271,5.716822344,5.222061174,0.708472428,5.269061684,15.81563053
8.76E-05,0.756334278,0.076816964,3.40E-09,21064.27169,1.75E-09,1.45E-09,1.65E-18,3.92E-07,1.178546939,3.09878286,12.4775602,10.71075869,0.003188428,2.03E-12,2.932420905,12.66661214
1.58E-05,0.517676541,0.066433714,1.80E-09,35701.8207,2.92E-07,1.05E-09,3.81E-18,7.34E-07,0.583409022,1.997436351,10.12588297,4.834393261,0.017771097,7.61E-08,1.639298217,11.1469274
5.49E-05,0.900608245,0.0698495,3.88E-09,13424.86541,1.42E-07,9.48E-10,1.81E-18,4.00E-07,1.703443871,12.85753528,8.533340329,0.115266691,6.15E-07,2.17E-28,0.651335748,10.21814352
2.20E-05,0.633209982,0.021947936,2.15E-09,10720.75309,1.60E-07,1.20E-09,2.73E-18,8.89E-07,1.92486858,12.01046143,13.47225761,0.386146109,1.91E-06,1.18E-27,1.061123152,10.58195782
1.89E-05,0.816962151,0.071566561,2.97E-09,32080.7659,1.70E-08,3.18E-10,1.71E-18,3.03E-07,0.228603975,0.510926065,1.241863011,3.394325821,6.630046935,1.097748372,4.46147218,14.69444732
6.93E-05,0.874564572,0.010581688,3.70E-09,6260.825911,3.20E-07,2.38E-09,2.97E-18,3.10E-07,0.017168408,1.13E-06,3.12E-13,1.72E-36,0,0,0.261595962,9.507078129
6.96E-05,0.762402155,0.073990299,4.89E-09,12388.38117,3.09E-07,7.99E-10,3.48E-18,4.08E-07,2.236292531,3.98E-06,6.68E-12,9.64E-24,0,0,0.058565718,9.284611861
4.26E-05,0.787778195,0.060943803,4.95E-09,29085.72465,1.61E-07,2.49E-09,3.77E-18,3.37E-07,0.016507657,2.79E-10,2.72E-17,1.17E-41,0,0,4.13E-06,9.220616275
7.70E-05,0.8452139,0.066171535,1.20E-09,34114.45017,3.74E-07,7.34E-10,2.72E-18,9.90E-07,0.313457057,0.710032996,1.768806738,4.573165759,5.781388201,0.877518802,4.251936874,14.45947195
9.03E-05,0.554025639,0.036806737,2.19E-09,19056.94226,1.22E-07,2.66E-09,1.13E-18,8.05E-07,1.270975161,2.348117942,4.411448673,6.079901439,2.307920522,0.09153938,4.455311743,14.73930541
2.06E-05,0.622575815,0.046940535,4.17E-09,33261.2202,1.42E-07,1.84E-09,3.97E-18,7.53E-07,10.81945014,0.008090795,1.44E-09,1.35E-30,0,0,5.00E-05,9.222380415
5.97E-05,0.532336523,0.05646724,2.85E-09,42885.6887,2.85E-07,5.99E-10,3.85E-18,7.09E-07,0.448022743,4.843277815,8.747020233,0.401579009,1.49E-05,3.29E-08,0.871435749,10.23137703
5.08E-05,0.518778337,0.034001848,4.55E-09,24934.81394,3.13E-07,1.45E-09,1.09E-18,5.19E-07,0.835841226,3.501522132,10.58602363,3.275430846,0.024347784,1.07E-07,1.562803254,11.01761769
8.22E-05,0.657088702,0.041826359,3.19E-09,32350.45216,1.54E-07,9.25E-10,1.66E-18,5.61E-07,0.476323747,1.250004669,5.172218603,8.597582751,0.939585098,8.83E-05,2.561275938,12.22512957
7.35E-05,0.566056467,0.011334289,2.40E-09,15754.3235,1.67E-07,3.84E-10,1.67E-18,9.03E-07,0.386688068,0.82657196,1.956959445,5.127906744,3.85426089,0.251472506,4.075972245,14.20224319
3.02E-05,0.887289768,0.068174749,3.28E-09,26828.89891,3.34E-07,6.84E-10,3.51E-18,9.28E-07,3.486169494,11.55791822,2.110321122,0.000845407,2.41E-10,5.39E-34,0.156575153,9.724430859
8.04E-05,0.90235602,0.049947885,1.65E-09,21216.32861,2.75E-07,2.27E-09,3.91E-18,2.69E-07,2.401277248,15.75912174,9.270818066,0.066686816,5.82E-08,1.94E-30,0.840319338,10.23983179
4.29E-05,0.879983019,0.023640042,2.16E-09,30142.8715,3.99E-07,1.47E-09,1.43E-18,5.30E-07,0.546337321,1.324737707,3.647477555,8.076055715,3.229686702,0.037532606,3.076149251,12.92060771
8.46E-05,0.559285837,0.071251905,2.13E-09,45002.28495,6.90E-08,2.60E-09,2.16E-18,4.97E-07,0.849093786,1.815426514,4.972807987,7.753336516,1.521743226,2.18E-06,3.241858038,13.10407344
8.35E-05,0.762530197,0.046793577,1.92E-09,24597.11127,2.73E-07,5.14E-10,3.66E-18,5.02E-07,0.439793399,1.233440487,7.367022047,6.756772235,0.123131278,2.14E-07,2.011170469,11.54662369
5.05E-05,0.532597288,0.06720261,2.70E-09,13556.46283,1.83E-07,3.44E-10,3.88E-18,5.36E-07,0.808270693,10.13616837,7.283092304,0.042232243,1.57E-06,4.28E-09,0.629276072,10.06865128
5.24E-05,0.701563056,0.040407091,4.86E-09,22367.4084,2.83E-07,2.92E-09,1.03E-18,9.38E-07,2.215609941,12.58022022,8.675586506,0.253432408,5.40E-05,7.77E-25,0.792970579,10.21440973
8.59E-05,0.765215683,0.034906703,4.90E-09,37207.52314,3.83E-07,1.00E-09,2.56E-18,4.56E-07,8.530143534,7.816000548,0.068221978,1.13E-05,4.24E-16,0,0.280431333,9.681367702
4.45E-05,0.546866865,0.030291239,4.14E-09,46549.343,1.67E-08,2.30E-09,2.22E-18,7.12E-07,1.325840956,11.72593453,11.92104342,0.013107274,2.40E-06,1.40E-09,1.027932017,10.39436837
3.51E-05,0.569837191,0.016890499,2.59E-09,30746.21636,2.75E-07,1.82E-09,3.98E-18,8.79E-07,9.901093313,13.07105314,0.282213965,6.32E-06,1.48E-25,0,0.103676514,9.542261374
3.50E-05,0.832274456,0.049695304,1.98E-09,10343.46693,3.45E-07,2.92E-09,3.39E-18,6.20E-07,23.01533309,10.73373824,0.077168519,5.63E-07,1.09E-27,0,0.0064759,9.357325692
1.39E-05,0.790996718,0.042538762,2.86E-09,20432.07686,3.55E-07,1.95E-09,1.31E-18,8.38E-07,1.06389328,3.082545779,10.82216508,6.292100521,0.127762763,3.81E-06,1.968585741,11.5191337
1.04E-05,0.60746601,0.032386612,3.63E-09,25792.18496,3.18E-07,1.80E-09,2.88E-18,8.02E-07,15.33871072,6.315711825,0.017700358,2.97E-07,1.32E-27,0,0.001862552,9.388407766
4.43E-05,0.875029727,0.065551097,4.91E-09,17878.26206,5.32E-08,2.24E-09,2.00E-18,7.62E-07,21.21237614,8.226510836,0.004654094,1.65E-09,5.88E-32,0,0.00103493,9.281943624
1.44E-05,0.894428101,0.033499437,3.66E-09,31276.54406,3.21E-07,2.71E-09,1.25E-18,8.88E-07,1.147602307,4.950658405,12.12845501,2.85166992,0.011009492,6.61E-09,1.404333949,10.8912807
8.80E-05,0.69425582,0.064251122,3.57E-09,29580.54511,7.62E-08,8.22E-10,3.74E-18,7.95E-07,4.805390711,13.84303561,1.643319709,1.99E-06,1.27E-26,0,0.288902099,9.626613739
4.65E-05,0.792605089,0.04146433,9.98E-10,35296.52999,7.38E-08,8.09E-10,3.38E-18,6.80E-07,0.370979856,0.779505189,1.7953136,4.383388876,6.243715089,1.372966354,5.290252996,15.82273135
9.36E-05,0.770279597,0.039009567,3.71E-09,30535.06892,2.50E-07,1.11E-09,3.54E-18,8.99E-07,12.59630409,6.789144042,0.012329472,5.84E-08,1.06E-28,0,0.281728043,9.608838964
4.71E-05,0.80939509,0.077640063,1.50E-09,22615.13723,7.91E-08,2.60E-09,1.96E-18,8.96E-07,1.141381624,2.683462718,6.991318785,11.3899243,2.52844982,0.000889868,3.916717169,13.9965874
3.63E-05,0.589266721,0.057107517,1.33E-09,44479.74568,2.95E-07,7.94E-10,3.91E-18,8.29E-07,0.334782159,0.769426297,2.099151687,6.828309351,3.42129688,0.010481575,3.057884963,12.88964327
3.99E-05,0.654971856,0.017553877,1.82E-09,31047.40253,3.42E-07,1.28E-09,2.55E-18,2.93E-07,0.600004958,1.580551232,6.096048482,8.942894742,0.851879431,8.37E-05,2.457916312,12.11448548
2.50E-05,0.785174512,0.068005959,4.50E-09,19010.87514,5.64E-09,5.03E-10,1.45E-18,3.80E-07,0.561654651,1.413762002,5.087728237,11.75993001,0.858511452,1.58E-07,2.816655844,12.54377853
2.99E-05,0.640932536,0.070358678,4.29E-09,24244.66126,5.26E-08,2.03E-09,1.60E-18,9.72E-07,1.703932106,12.75142545,11.69137249,0.156036542,1.77E-07,1.60E-29,0.888664755,10.40549466
6.86E-05,0.543828521,0.067034953,4.09E-09,45176.43752,1.93E-07,5.56E-10,2.07E-18,4.16E-07,0.307010761,0.98955246,7.111125923,4.517691086,0.052575057,3.55E-07,1.497868493,10.93749325
2.55E-05,0.66248064,0.031467599,3.20E-09,17446.18314,1.03E-07,2.36E-09,1.16E-18,9.14E-07,1.436884042,4.003214573,12.81056085,6.826358165,0.064049572,6.39E-08,2.32704456,11.96253051
9.91E-05,0.672430683,0.02048625,2.13E-09,13883.78695,1.74E-07,2.83E-09,3.48E-18,7.71E-07,18.75896634,15.65890755,0.200274538,8.81E-07,2.26E-27,0,0.456562829,9.771191812
4.27E-05,0.796040772,0.012613285,4.25E-09,48307.07435,3.00E-07,2.42E-09,3.32E-18,7.47E-07,14.66569093,0.543174616,1.31E-05,5.32E-12,3.71E-35,0,0.065869008,9.313731013
3.71E-05,0.867782205,0.029397619,2.00E-09,24115.02983,2.44E-07,5.44E-10,1.04E-18,3.06E-07,0.275505015,0.599482791,1.398320162,3.372363481,4.884170058,2.038275529,4.825852848,15.29290908
1.07E-05,0.756827773,0.053874059,1.08E-09,14213.65844,8.29E-08,9.81E-10,3.70E-18,3.43E-07,0.904956494,2.158184891,6.139766133,11.71217195,1.941584132,2.84E-05,3.585335108,13.54489145
4.15E-05,0.577556514,0.075572187,1.91E-09,27330.72221,2.29E-07,2.38E-09,2.33E-18,5.27E-07,1.11326841,3.106530662,10.86915207,6.389188327,0.054176138,2.40E-08,2.169355939,11.77096137
8.85E-05,0.714009895,0.074670517,4.41E-09,13037.45212,1.07E-07,2.51E-09,1.39E-18,6.10E-07,9.043538123,19.79887899,2.566706428,0.001169013,9.66E-13,6.23E-42,0.292469981,9.740170374
7.79E-05,0.88814606,0.047699342,3.37E-09,33360.50077,1.72E-07,1.64E-09,2.95E-18,6.81E-07,5.465707569,14.53909701,1.963268217,0.000212488,2.80E-14,0,0.291695725,9.728885569
7.54E-05,0.562056255,0.073025191,4.07E-09,30227.28428,3.16E-07,1.86E-09,1.32E-18,9.79E-07,0.952961776,4.948880565,11.23170828,2.069417409,0.005403263,1.22E-09,1.317072886,10.73781336
7.58E-05,0.663414904,0.065597632,2.49E-09,23907.62979,2.52E-07,4.20E-10,1.53E-18,8.21E-07,0.270571174,0.61660066,1.597654093,4.623046301,4.889399776,0.435063973,3.643330593,13.64780972
9.35E-05,0.513413119,0.051392734,1.62E-09,47105.25175,3.01E-07,2.67E-09,1.71E-18,8.03E-07,0.694907499,1.304574384,2.408599968,4.175475609,3.075134726,0.376160414,4.409289725,14.68486625
7.73E-05,0.619484097,0.077614092,3.77E-09,19520.85528,2.49E-07,5.02E-10,3.94E-18,9.60E-07,11.42857131,6.368180755,0.007285188,1.72E-08,1.71E-29,0,0.111763938,9.447941231
8.57E-05,0.730090217,0.039634343,2.74E-09,37720.82214,2.01E-07,8.89E-10,2.46E-18,8.57E-07,0.472337983,1.345128188,8.05560317,6.182163417,0.098059789,1.99E-07,1.99488129,11.52427731
7.56E-05,0.510402627,0.076902415,7.75E-10,17207.76778,1.34E-07,2.01E-09,1.26E-18,9.56E-07,1.134851563,1.893414952,2.690531069,3.080367156,2.408667396,0.840829715,6.949158601,18.35669797
6.31E-05,0.700837611,0.013300953,1.64E-09,36220.27294,3.23E-07,2.97E-09,2.59E-18,8.90E-07,1.039362622,2.907604729,11.12706676,7.556630035,0.133230694,4.27E-07,2.493977911,12.13781414
4.54E-05,0.531179947,0.032003134,1.15E-09,30373.14157,3.24E-07,1.42E-09,1.58E-18,3.57E-07,0.578580998,1.049416792,1.754775003,2.794146337,2.98747331,1.101291016,5.803974546,16.68268135
1.29E-05,0.519153273,0.047825021,1.56E-09,44904.17863,2.56E-07,1.22E-09,2.03E-18,3.64E-07,0.438650696,0.839133431,1.558511541,2.943899532,3.448438057,0.842167642,4.485760348,14.82818531
4.17E-05,0.578346296,0.010336405,4.96E-09,46087.29788,3.93E-07,1.61E-09,1.66E-18,7.83E-07,1.431041249,9.916958297,5.071273987,0.065435494,6.78E-06,3.91E-26,0.546930857,9.988395318
9.32E-05,0.716284432,0.02027469,3.38E-09,27784.93488,3.71E-07,1.87E-09,3.46E-18,9.31E-07,16.02994034,2.906827308,0.000830788,1.87E-09,3.30E-31,0,0.39552394,9.659436737
4.35E-05,0.808107332,0.034659136,2.98E-09,45470.65315,9.22E-08,2.26E-09,1.70E-18,9.27E-07,0.764325834,2.084056049,8.807337616,8.77219513,0.232889095,5.06E-07,2.324079975,11.9474558
7.67E-05,0.777468669,0.013968981,4.94E-09,9170.477938,3.01E-07,1.78E-09,2.02E-18,4.88E-07,8.531863899,0.017247806,2.92E-06,1.01E-17,0,0,0.327824548,9.579843517
6.48E-05,0.574055631,0.037496637,1.66E-09,14633.71709,2.76E-07,1.92E-09,2.67E-18,9.96E-07,1.608868281,6.078870502,13.51495042,3.665633205,0.002036126,4.04E-12,2.046773234,11.60733117
5.85E-05,0.670379288,0.060076901,1.03E-09,28863.57079,2.64E-07,2.00E-09,2.69E-18,7.42E-07,0.754902782,1.558344204,3.566671748,7.005496405,3.979216332,0.203137263,4.315426148,14.54526267
6.10E-05,0.718001751,0.059181729,3.12E-09,46657.62577,7.75E-08,1.32E-09,1.24E-18,7.53E-07,0.41435151,0.961480834,2.552839713,6.900993134,4.819833591,0.107195423,3.731173291,13.75681079
3.89E-05,0.574797564,0.045482586,1.40E-09,46098.55312,6.89E-08,2.70E-09,1.93E-18,8.48E-07,0.819169622,1.494817452,2.504103383,3.924209343,3.580490639,0.742706596,5.502517094,16.18274691
5.65E-05,0.74062896,0.050267476,1.59E-09,47751.59952,2.74E-07,5.52E-10,1.54E-18,4.76E-07,0.179914638,0.376610963,0.847751113,2.08238666,3.889503758,2.56463807,5.269768409,15.90014581
3.76E-05,0.841954359,0.077818237,2.68E-09,22870.85296,2.58E-07,2.02E-09,3.09E-18,8.47E-07,7.861846561,16.33847049,1.314981123,0.000213182,2.46E-14,0,0.098072561,9.656214925
9.95E-05,0.553199566,0.063332645,1.52E-09,38148.77543,1.20E-07,2.25E-09,1.62E-18,4.63E-07,0.770292348,1.405073153,2.36081575,3.714769803,3.365463047,0.745970973,5.360834484,15.99005536
4.04E-05,0.677673083,0.057568541,6.33E-10,32300.19547,2.32E-07,1.17E-09,1.46E-18,9.54E-07,0.42669406,0.770640396,1.322449958,2.374598079,3.344247254,2.004963031,7.048632754,18.50376849
6.86E-05,0.899468963,0.018573277,2.78E-09,8754.846911,3.60E-07,2.01E-09,3.76E-18,8.31E-07,7.570929785,0.004909427,6.59E-08,8.27E-28,0,0,0.210812919,9.451348458
6.36E-05,0.551479001,0.049938149,3.43E-09,25252.35666,3.89E-07,2.65E-09,1.25E-18,5.63E-07,1.294773695,5.533997532,12.39411021,2.635045802,0.009693993,6.46E-09,1.56918432,11.03018867
4.81E-05,0.632617592,0.015137397,3.77E-09,45833.89063,3.73E-07,1.56E-09,3.72E-18,3.23E-07,13.22084662,3.659637466,0.001032691,4.14E-09,2.38E-30,0,0.184090954,9.484648495
1.16E-05,0.674428846,0.078362792,6.77E-10,35876.29126,3.36E-07,1.51E-09,1.68E-18,6.71E-07,0.462279545,0.842535246,1.503491281,2.837225459,3.70147385,1.833259092,6.401815373,17.54715682
5.74E-05,0.795436325,0.058762384,1.47E-09,11645.61848,3.79E-07,4.47E-10,4.00E-18,5.09E-07,0.666874384,1.944293992,9.896006666,6.329060303,0.066164846,4.91E-08,1.927085322,11.46160008
9.57E-05,0.528485994,0.031142029,4.78E-09,19992.25835,1.30E-07,2.88E-09,2.49E-18,5.98E-07,10.9461765,0.013728187,1.67E-05,2.33E-07,1.47E-28,0,0.393418394,9.652008127
3.59E-05,0.880563806,0.068459324,4.44E-09,40110.9915,2.84E-07,1.24E-09,3.23E-18,3.69E-07,12.83447787,4.067925403,0.001455346,5.71E-09,4.01E-30,0,0.000528655,9.346077452
8.46E-05,0.80308974,0.012255469,2.47E-09,18892.16293,1.15E-08,4.79E-10,1.34E-18,7.49E-07,0.411454575,0.84032287,1.881730219,4.491414103,6.240168586,1.422274498,5.935185885,16.62020093
4.31E-05,0.709296907,0.031327131,1.89E-09,28515.15624,2.48E-07,6.62E-10,1.82E-18,7.96E-07,0.329869066,0.747091154,1.90995641,5.1114463,5.247355266,0.494121698,3.850141354,13.93213478
9.66E-05,0.607984297,0.050536171,4.12E-09,33220.67406,1.92E-07,1.62E-09,2.89E-18,3.11E-07,13.78799695,7.357372406,0.01891098,1.10E-07,2.44E-28,0,0.264866399,9.592547349
5.97E-05,0.798926841,0.040630631,4.69E-09,8028.164062,9.35E-08,2.73E-09,2.88E-18,8.33E-07,0.000255569,1.24E-10,4.34E-23,0,0,0,0.113645761,9.344874996
7.67E-05,0.641777346,0.026725709,3.99E-09,11070.17623,3.26E-07,1.11E-09,3.39E-18,3.89E-07,5.914902816,0.001015038,9.40E-09,6.57E-21,0,0,0.317990704,9.569032955
5.33E-05,0.531753051,0.078307572,3.45E-09,49231.41606,3.13E-07,8.76E-10,1.91E-18,6.30E-07,0.352475877,0.982189893,5.817301374,6.19649149,0.244891311,1.48E-05,1.688170973,11.1730579
9.88E-05,0.772270106,0.069894812,1.52E-09,21540.99206,2.94E-07,9.25E-10,3.32E-18,4.10E-07,0.666613416,1.789378274,7.364380592,9.089449015,0.433013617,4.02E-06,2.497418486,12.15397423
9.13E-05,0.743629148,0.019807638,2.48E-09,25967.3747,6.12E-08,1.27E-09,3.07E-18,9.28E-07,1.072679303,6.135540335,14.71830509,1.525767874,4.41E-06,6.15E-27,1.729133034,11.20503573
1.48E-05,0.703212195,0.021773368,9.07E-10,37932.28033,4.94E-08,2.54E-09,3.37E-18,4.37E-07,0.887135214,1.675360408,3.296790847,6.365145051,4.838623939,0.320179328,5.385048816,15.92410258
7.25E-05,0.678262936,0.032856153,9.44E-10,17341.41639,6.66E-08,1.50E-09,3.93E-18,6.50E-07,1.086138709,2.203853326,5.149095382,9.438060189,2.459109658,0.000331881,4.31874171,14.47425729
3.15E-05,0.715514389,0.018448702,3.31E-09,24979.90809,3.82E-07,2.20E-09,3.46E-18,2.52E-07,17.09181176,0.930189557,0.000121368,7.37E-11,1.12E-33,0,0.000145658,9.259626728
5.80E-05,0.588962202,0.020693874,3.51E-09,21693.90095,1.98E-07,1.04E-09,2.12E-18,8.83E-07,1.054902083,9.086986102,9.837407927,0.303263598,9.89E-06,4.26E-26,1.036568007,10.41407652
5.47E-05,0.5799667,0.078454928,2.89E-09,48940.85404,3.58E-07,1.09E-09,1.94E-18,4.06E-07,0.385119777,1.027790592,4.729695742,7.468544589,0.677005492,0.000189442,2.005000736,11.55792107
7.05E-05,0.695972676,0.019497389,6.70E-10,46807.95889,8.81E-08,1.57E-09,2.67E-18,3.85E-07,0.50411565,0.925448258,1.585820481,2.74832131,3.774836102,2.019768571,7.822079879,19.38299602
7.37E-05,0.583252691,0.021058812,1.01E-09,29212.48043,1.07E-07,1.70E-09,1.14E-18,4.30E-07,0.68204992,1.202999179,1.902947889,2.739054977,2.972696214,1.383975635,7.968487759,19.86677448
5.60E-05,0.592064899,0.054440973,4.39E-09,34119.03998,2.25E-07,1.18E-09,1.79E-18,7.48E-07,0.801913453,7.33663608,9.1101507,0.372139182,5.17E-05,1.04E-24,0.854949207,10.27445915
6.41E-05,0.821674625,0.049816084,4.98E-09,43756.91727,1.02E-07,6.67E-10,2.33E-18,3.72E-07,0.523931604,6.734951398,7.940812029,0.129621818,5.59E-07,3.98E-28,0.702468372,10.1066381
3.01E-05,0.767007635,0.038959369,3.57E-09,14952.31997,9.28E-08,2.85E-09,3.85E-18,6.95E-07,3.59346253,9.32E-07,1.51E-13,6.03E-37,0,0,1.66E-05,9.220634709
9.24E-05,0.578429141,0.06095315,2.50E-09,16630.23329,2.35E-07,5.35E-10,3.96E-18,3.66E-07,1.364258069,11.86558192,6.081783114,0.020052199,1.45E-08,4.02E-31,0.685436484,10.05149075
5.62E-05,0.753719741,0.057945098,1.11E-09,7782.157576,2.16E-07,1.11E-09,3.85E-18,4.66E-07,1.781745621,5.644740327,17.14827147,5.138737855,0.003110068,4.56E-12,2.235026346,11.83660402
4.49E-05,0.536048082,0.078952244,4.22E-09,6938.364327,2.72E-07,1.65E-09,2.27E-18,9.24E-07,9.581631696,0.022997178,7.06E-06,4.63E-18,0,0,0.017592446,9.239826164
9.03E-05,0.763838115,0.024454147,1.69E-09,23825.79326,3.34E-07,1.72E-09,2.01E-18,3.60E-07,0.808298186,2.05435592,6.282817785,9.905081197,1.58683364,0.001145004,3.217257198,13.05347196
2.10E-05,0.826324828,0.044570977,2.40E-09,17683.74972,1.44E-07,2.72E-09,1.72E-18,7.27E-07,1.838010641,6.646549582,16.30528891,3.79400887,0.003213322,1.04E-11,1.876347868,11.42968617
1.98E-05,0.849063428,0.049765837,1.83E-09,9109.965784,3.98E-07,1.12E-09,1.83E-18,4.12E-07,1.248107166,3.428049462,10.9839246,8.008680807,0.237738859,7.81E-06,2.33196903,11.96703561
6.46E-05,0.504992656,0.01875439,3.73E-09,42924.49719,2.64E-07,8.42E-10,2.86E-18,8.19E-07,0.742071446,8.96192136,5.858133249,0.052527879,8.55E-07,5.04E-09,0.79368598,10.15257625
6.44E-05,0.87847363,0.014149084,3.32E-09,9655.687802,2.76E-07,7.50E-10,3.59E-18,4.92E-07,17.2570314,2.162732985,0.000161321,6.69E-11,8.55E-34,0,0.185568025,9.432614072
6.91E-05,0.898631503,0.048724532,2.67E-09,25489.16453,1.71E-07,2.38E-09,2.52E-18,5.88E-07,2.304458698,15.13943421,8.517838476,0.064628556,7.97E-08,3.97E-30,0.743230561,10.19356502
3.08E-05,0.788414614,0.068744983,4.82E-09,47313.411,3.25E-07,2.07E-09,3.18E-18,6.48E-07,11.25613102,0.057530993,9.51E-07,1.74E-13,2.20E-37,0,4.86E-05,9.243305711
6.03E-05,0.6470619,0.049199946,3.89E-09,10010.10014,7.23E-09,6.39E-10,3.92E-18,9.64E-07,22.00608882,6.276690345,9.38E-08,1.47E-20,0,0,0.142407304,9.376370056
8.78E-05,0.599514602,0.069267458,2.75E-09,39060.83404,2.09E-07,2.59E-09,3.49E-18,2.82E-07,7.991392461,15.44659352,0.815941936,3.05E-05,5.50E-17,0,0.201808452,9.63778741
2.62E-05,0.812178478,0.03372639,2.85E-09,48709.48245,1.90E-07,2.89E-09,3.36E-18,7.30E-07,6.343222798,15.40548788,1.751145404,0.000113325,5.84E-15,0,0.129685865,9.661183199
7.30E-05,0.722937482,0.075043111,2.26E-09,44529.88566,1.13E-07,2.92E-09,3.99E-18,8.98E-07,3.642708798,17.32458453,4.788582034,0.000459926,5.90E-14,0,0.41868882,9.840246924
2.48E-05,0.666356187,0.050489562,3.15E-09,10055.20009,3.67E-07,1.55E-09,1.62E-18,7.65E-07,3.111057835,15.0762829,7.861248166,0.131237195,4.16E-06,6.12E-27,0.603636648,10.15108329
6.92E-05,0.727371258,0.036068793,4.18E-09,22607.92222,9.75E-08,1.52E-09,3.95E-18,9.19E-07,10.10262583,0.001655441,9.69E-11,2.03E-32,0,0,0.206122154,9.446203756
8.02E-05,0.726057839,0.011465818,2.11E-09,8848.252713,1.33E-07,1.25E-09,2.96E-18,2.55E-07,3.287344145,18.70929193,8.811639308,0.02217287,3.46E-09,7.76E-33,1.025793287,10.39215265
7.64E-05,0.854447037,0.056601064,2.22E-09,11309.6152,1.04E-07,2.48E-09,2.86E-18,3.72E-07,9.401216399,23.29790712,3.339863419,0.000141831,1.50E-23,0,0.363814117,9.738401073
9.82E-05,0.762394367,0.02692001,2.64E-09,47469.10011,7.43E-08,2.33E-09,2.03E-18,5.86E-07,0.794968914,2.170083676,9.402206999,8.927530083,0.14721549,7.22E-08,2.698846064,12.38031987
4.21E-05,0.734502227,0.018289342,2.83E-09,13416.46602,1.66E-07,2.98E-09,2.81E-18,7.17E-07,23.92338708,7.207499408,0.009115768,7.20E-09,5.28E-31,0,0.080914243,9.349204734
7.70E-05,0.800342602,0.02194102,3.44E-09,14036.06233,5.86E-08,1.86E-09,3.84E-18,9.22E-07,17.6314289,0.028494509,2.10E-09,1.14E-30,0,0,0.284938257,9.532713401
1.42E-05,0.845665509,0.050893387,4.65E-09,45512.26207,4.70E-08,2.11E-09,3.89E-18,3.00E-07,16.69848648,0.143638906,2.07E-10,2.46E-32,0,0,6.75E-05,9.221680995
1.57E-05,0.896335503,0.050969267,4.30E-09,18435.28159,1.95E-08,2.06E-09,1.94E-18,5.95E-07,5.750010062,21.95243498,4.150684702,2.56E-05,6.46E-25,0,0.306739148,9.706499445
8.29E-05,0.610535123,0.058332603,3.89E-09,12611.50706,2.17E-07,6.78E-10,3.79E-18,8.58E-07,15.29414898,0.325971751,1.16E-06,3.64E-14,4.88E-39,0,0.201771204,9.441432393
2.16E-05,0.606888522,0.078696826,3.93E-09,46155.83268,3.56E-07,2.39E-09,3.61E-18,2.75E-07,13.89639914,0.244995725,6.08E-06,1.77E-12,6.13E-36,0,6.54E-05,9.249545072
1.01E-05,0.683308204,0.018642348,3.39E-09,9002.694142,3.59E-07,7.90E-10,1.84E-18,9.34E-07,2.332371239,13.2057413,6.917774362,0.104045864,2.99E-06,4.42E-27,0.529502985,10.10697469
1.71E-05,0.75799848,0.028715275,2.06E-09,6093.961419,1.19E-07,3.29E-10,1.23E-18,7.16E-07,0.580696072,1.260155648,3.092667808,6.685444354,5.154456738,0.444184577,4.391406115,14.66749935
1.06E-05,0.844834854,0.07435799,7.11E-10,29498.2884,3.90E-07,1.83E-09,1.06E-18,7.90E-07,0.472453452,0.947931613,2.077715004,4.350019004,4.918608652,1.985634162,5.910570326,16.86917088
5.42E-05,0.689778965,0.027531957,4.45E-09,22703.58856,3.33E-07,2.63E-09,2.35E-18,6.97E-07,15.80421567,0.353048252,0.000136009,1.01E-10,1.58E-33,0,0.170037129,9.411206666
9.18E-05,0.846010989,0.070975656,4.53E-09,43841.19617,2.76E-07,8.67E-10,1.83E-18,4.23E-07,0.473202507,3.485409252,8.981834062,1.479191437,0.001957613,1.94E-10,1.040611362,10.42375086
9.97E-05,0.613117485,0.047406436,1.44E-09,33805.59403,3.07E-07,1.84E-09,2.01E-18,6.42E-07,0.624057175,1.297508604,2.974691186,6.125633881,3.686102014,0.233456047,4.225363294,14.41535182
4.79E-05,0.562961374,0.011647275,2.25E-09,8944.356026,2.43E-08,1.78E-09,2.64E-18,9.08E-07,3.238147709,17.95264009,13.20084354,0.070877965,5.14E-07,2.00E-28,1.37155408,10.80792393
5.19E-05,0.70702289,0.032552286,2.24E-09,28633.67362,7.25E-08,1.42E-09,2.78E-18,3.25E-07,0.907150084,2.79568752,13.32207965,5.594785983,0.002892236,2.93E-12,2.090420274,11.64818444
5.51E-05,0.534272784,0.018020086,3.06E-09,46287.5395,7.06E-08,2.76E-09,3.81E-18,7.88E-07,11.2389245,14.63195923,0.115498706,1.04E-05,1.25E-07,1.39E-29,0.300257986,9.612855213
9.27E-05,0.581290725,0.058425464,3.61E-09,21203.477,2.80E-07,2.94E-09,3.84E-18,5.21E-07,2.21013257,1.35E-05,1.89E-11,4.39E-33,0,0,0.199103013,9.438506608
7.33E-05,0.891295174,0.057795032,4.06E-09,11882.32157,2.98E-07,2.08E-09,3.47E-18,5.74E-07,0.015647197,9.35E-08,4.30E-14,3.77E-37,0,0,0.084948995,9.313469556
8.43E-05,0.808931911,0.032825061,4.46E-09,22204.5015,3.93E-07,9.54E-10,2.85E-18,7.40E-07,13.54848162,3.189889347,0.001476184,1.67E-08,2.43E-29,0,0.263080193,9.565424163
6.70E-05,0.520699466,0.070469856,1.13E-09,12243.15653,3.28E-07,2.62E-09,2.91E-18,6.61E-07,1.932727489,3.997147681,8.595025568,5.592694766,0.486497442,1.57E-08,2.792414896,12.54391143
2.56E-05,0.802677498,0.023040447,1.86E-09,28342.34177,2.31E-08,1.59E-09,1.14E-18,4.48E-07,0.657927733,1.252688757,2.547833119,5.243285354,5.505861203,1.410484876,6.229204953,17.1305778
5.60E-05,0.581791119,0.023992094,3.11E-09,43913.26104,1.79E-07,2.18E-09,2.73E-18,8.70E-07,1.916496539,13.35583573,6.3009602,0.02721082,2.67E-08,8.91E-31,0.712322347,10.1008638
4.73E-05,0.794223869,0.066072953,4.13E-09,39763.96637,2.90E-09,2.26E-09,2.98E-18,4.08E-07,6.136395794,20.52970806,1.639977292,6.37E-09,4.40E-31,0,0.12305912,9.376867614
7.68E-05,0.767504903,0.012114282,4.94E-09,31749.56984,6.60E-08,2.66E-09,1.20E-18,7.28E-07,1.444158167,8.359607659,13.87812293,0.984434178,4.03E-05,3.80E-25,1.539115698,10.99167944
7.35E-05,0.621442581,0.065705622,2.03E-09,16567.05757,3.06E-07,5.91E-10,3.16E-18,9.80E-07,0.666445231,2.50381673,10.88633131,4.34670727,0.015129056,2.66E-09,1.72939156,11.21886669
3.47E-05,0.636078633,0.072981356,1.18E-09,29317.42002,3.44E-08,1.89E-09,3.95E-18,8.55E-07,0.971687905,2.022490074,5.112124127,9.878322907,1.577163495,3.25E-07,3.518694249,13.44121454
2.62E-05,0.629268656,0.044282094,3.03E-09,9317.08271,2.48E-09,4.73E-10,2.39E-18,9.21E-07,1.054725449,3.022538562,16.00660073,5.253878152,2.44E-05,9.15E-26,2.141911992,11.70378067
9.40E-05,0.687387294,0.066767534,4.10E-09,21332.02467,1.48E-07,2.83E-09,1.06E-18,7.97E-07,1.662872406,7.24388128,14.30979099,2.301513165,0.002273704,1.04E-11,1.626646501,11.10570467
5.03E-05,0.533707402,0.071421922,4.80E-09,31440.34765,2.55E-07,4.06E-10,1.97E-18,6.16E-07,0.351572622,2.684593196,8.180948334,1.621914434,0.002277013,5.71E-08,0.960544534,10.35982208
9.99E-05,0.680909452,0.054132713,1.66E-09,18053.62253,3.75E-07,1.29E-09,2.64E-18,7.00E-07,0.939872912,2.634430041,10.4970851,7.377252772,0.145093671,7.29E-07,2.39545356,12.02090331
6.63E-05,0.557935397,0.024343886,6.19E-10,20970.38151,9.18E-08,2.80E-09,1.21E-18,3.24E-07,1.203124186,1.999339665,2.840578938,3.32447699,2.686114026,0.971828756,8.696546086,20.99897821
2.75E-05,0.604178744,0.052178531,2.27E-09,46212.99053,3.38E-07,2.13E-09,3.64E-18,3.78E-07,1.432784194,11.93211912,7.183492209,0.065301094,2.53E-07,5.75E-29,0.540610817,10.11223709
4.09E-05,0.615416732,0.021332857,1.24E-09,14974.30129,3.94E-07,2.34E-09,1.09E-18,2.61E-07,1.051957172,1.957826,3.809729904,5.65173861,3.236428962,0.446738156,4.91613147,15.4347861
4.02E-05,0.805197041,0.01269789,1.09E-09,7890.327259,1.71E-07,1.10E-09,2.68E-18,6.04E-07,1.313600704,3.221195927,8.668549589,11.48477007,1.546935837,0.000138432,3.575158079,13.55045937
9.76E-05,0.62241815,0.079104909,4.35E-09,26670.89639,8.10E-08,1.53E-09,1.89E-18,8.94E-07,1.890183658,13.99315448,7.227549857,0.028996308,1.57E-08,2.73E-31,0.660422235,10.09357324
3.83E-05,0.538722342,0.0763871,1.27E-09,36422.03371,9.14E-08,2.32E-09,3.28E-18,7.24E-07,0.968919361,1.836770073,3.49641087,6.168308805,2.526120487,0.042710214,3.664439284,13.65713319
6.13E-05,0.813859963,0.05266285,3.97E-09,7248.937902,6.70E-08,1.76E-09,3.22E-18,9.02E-07,4.063399523,1.60E-06,1.73E-13,4.06E-37,0,0,0.074954049,9.302535429
3.39E-05,0.502712746,0.011106775,4.63E-09,35746.67313,2.92E-07,2.60E-09,2.47E-18,9.03E-07,15.93100578,2.010458921,0.000595641,9.25E-07,5.39E-09,3.92E-32,0.129032319,9.402890871
8.88E-05,0.699329279,0.041592705,1.84E-09,13330.0698,1.08E-07,1.81E-09,3.15E-18,9.13E-07,2.30171353,13.66384915,14.74183977,0.252750982,1.98E-07,1.42E-29,1.40501574,10.84053191
9.67E-05,0.539551557,0.042298082,1.14E-09,25164.58293,1.43E-07,2.32E-09,1.46E-18,8.93E-07,0.980189065,1.715261733,2.65090821,3.533254298,2.903391112,0.804468551,6.387505598,17.48122737
8.80E-05,0.730523208,0.016426843,1.31E-09,25683.29464,3.92E-08,2.05E-09,1.02E-18,7.55E-07,0.820867349,1.459361764,2.486779476,4.263876432,4.376049742,1.499910635,7.654519661,19.16338951
4.00E-05,0.582327764,0.035955912,4.92E-09,32912.0853,3.58E-08,1.68E-09,3.21E-18,8.11E-07,18.27943209,3.314628598,2.19E-07,4.47E-21,0,0,0.076186592,9.303883731
1.65E-05,0.820789099,0.02704257,4.58E-09,19165.71944,2.00E-07,2.56E-09,1.97E-18,4.87E-07,19.20224155,4.60720892,0.006767284,3.03E-08,1.61E-29,0,0.000882776,9.315928532
2.02E-05,0.515802066,0.010637855,9.89E-10,17142.01381,1.48E-07,1.21E-09,1.55E-18,5.30E-07,0.841595363,1.467675742,2.2520452,2.913519805,2.631099006,0.968057433,7.514400029,19.23924969
6.97E-05,0.67671608,0.045632096,3.51E-09,38326.78983,9.95E-08,3.05E-10,3.87E-18,8.06E-07,0.31195263,3.074297561,8.73952694,1.068212406,3.49E-06,8.18E-27,1.030861529,10.38779732
1.37E-05,0.783779284,0.079809777,2.85E-09,29946.01288,2.10E-07,2.55E-09,2.62E-18,8.81E-07,4.05637861,16.23653132,4.725947623,0.0084307,2.42E-09,7.51E-33,0.350259841,9.927741969
1.79E-05,0.692735984,0.029619415,4.74E-09,31812.29997,3.37E-07,1.35E-09,2.76E-18,4.72E-07,13.65033245,2.83117603,0.000804651,5.10E-09,3.46E-30,0,0.000383087,9.32832735
4.18E-05,0.747167121,0.042787967,3.83E-09,20893.86549,3.40E-07,5.63E-10,1.85E-18,6.25E-07,0.551218193,3.216718525,9.527460178,2.215823872,0.006475832,2.17E-09,1.097600979,10.57035861
1.82E-05,0.733793128,0.025516056,4.97E-09,32006.65578,3.23E-08,2.45E-09,3.94E-18,7.84E-07,4.872681796,7.17E-10,1.50E-17,1.11E-42,0,0,1.96E-05,9.220644066
6.57E-05,0.748042625,0.058577743,3.31E-09,8451.488678,3.05E-07,2.49E-09,3.93E-18,7.73E-07,0.000935924,5.35E-09,1.02E-21,0,0,0,0.088476992,9.317329548
6.96E-05,0.744441637,0.017877302,2.86E-09,24489.61966,3.50E-07,1.05E-09,2.74E-18,3.58E-07,1.02447162,9.927271564,8.084423504,0.173928318,5.62E-06,1.78E-26,0.900094277,10.27940071
2.33E-05,0.720124386,0.058889187,4.04E-09,30037.93678,3.57E-07,2.79E-09,2.30E-18,3.91E-07,16.16466313,5.919972229,0.024048327,1.10E-06,1.21E-26,0,0.002202029,9.397169126
3.72E-05,0.554030781,0.073347149,3.48E-09,43581.72185,1.22E-07,2.58E-09,2.55E-18,4.14E-07,3.794785174,15.61141789,4.124881265,0.001840499,7.62E-08,3.59E-30,0.305070597,9.847402598
2.70E-05,0.729229701,0.067126922,4.69E-09,11520.85124,3.69E-07,5.69E-10,3.33E-18,2.91E-07,7.883757531,0.004958586,6.68E-08,6.24E-20,0,0,0.000156415,9.230671603
2.96E-05,0.906752147,0.014797162,3.40E-09,35797.96195,3.69E-07,2.57E-09,2.48E-18,9.73E-07,7.450293639,13.95280855,0.883005892,0.000602545,7.98E-13,4.59E-42,0.066015155,9.658550193
5.27E-05,0.585821953,0.039928357,2.16E-09,43792.31248,6.31E-08,1.79E-09,2.51E-18,6.58E-07,0.694424126,1.660108243,6.105870008,8.867593788,0.935073616,6.99E-07,2.897550941,12.65772421
5.15E-05,0.597675933,0.025207731,8.88E-10,29445.81238,2.26E-07,7.29E-10,3.43E-18,2.88E-07,0.422766644,0.808057385,1.494909761,2.925830228,3.954089403,1.318393634,5.609006189,16.3082743
5.35E-05,0.667684304,0.026084123,1.87E-09,18185.40408,2.08E-07,2.97E-09,1.07E-18,6.49E-07,1.207686281,2.540516928,5.738791627,7.967397436,2.674488343,0.086559195,4.131453691,14.32044491
8.73E-05,0.783236603,0.025592116,1.13E-09,11143.16595,3.58E-07,2.80E-09,2.08E-18,9.44E-07,1.831537608,4.650958146,11.56049737,9.654330231,0.770891034,7.49E-05,3.431647057,13.339592
2.16E-05,0.825044586,0.056086988,1.22E-09,40814.95183,1.17E-07,1.03E-09,1.90E-18,9.86E-07,0.339415841,0.706996165,1.595009396,3.749752782,5.425716422,2.237451802,5.716974473,16.49004439
7.55E-05,0.649287464,0.049630517,1.04E-09,49502.72001,2.33E-08,4.42E-10,3.63E-18,9.35E-07,0.248419512,0.475922187,0.873218797,1.631252845,3.056494627,2.536487783,6.637923445,17.61755366
9.29E-05,0.810171422,0.040768855,1.22E-09,23279.26824,3.80E-07,2.94E-09,1.18E-18,8.96E-07,0.859295243,1.876096436,4.494293549,7.575325976,4.525055084,0.524603565,4.717136726,15.09580192
1.19E-05,0.796382182,0.045199336,4.60E-09,41454.54547,2.97E-07,1.24E-09,1.87E-18,9.92E-07,0.879745169,9.016304026,6.505007079,0.118433296,9.77E-06,6.80E-26,0.50006731,10.08013084
4.74E-05,0.837494918,0.020067954,9.34E-10,31397.60369,6.94E-08,1.02E-09,3.90E-18,6.18E-07,0.495837746,1.113645825,2.755299216,6.774745758,6.757982081,0.385210839,4.756708296,15.07581126
9.55E-05,0.886678193,0.02454953,2.63E-09,27718.66898,2.60E-07,1.99E-09,1.49E-18,5.16E-07,0.864251604,2.341355305,8.452318975,8.468919759,0.407765891,2.79E-05,2.615371178,12.28871854
9.31E-05,0.867946924,0.07917115,1.93E-09,13287.4557,3.05E-08,1.18E-09,3.63E-18,4.57E-07,1.77164788,9.680891456,17.82886892,0.403835424,3.71E-08,6.48E-31,1.469718834,10.9133531
7.84E-05,0.882397707,0.060480562,2.80E-09,47522.08128,3.84E-07,8.51E-10,2.29E-18,4.69E-07,0.350065458,0.963083705,5.360476811,6.657614194,0.345571324,2.88E-05,1.826632657,11.33503961
4.68E-05,0.881816929,0.069379852,1.51E-09,16836.29128,3.86E-07,3.59E-10,3.73E-18,9.51E-07,0.38913515,0.999257282,3.960778364,8.501815249,1.411995352,0.000271006,2.386751674,12.03195216
1.68E-05,0.834062191,0.075912262,7.92E-10,19288.09351,4.14E-08,1.73E-09,3.41E-18,5.83E-07,0.980937314,1.976238731,4.486737317,8.570316258,5.467966192,0.224954862,5.277245012,15.76345891
7.52E-05,0.776610265,0.019084817,4.95E-09,43491.74235,8.78E-09,2.27E-09,2.72E-18,5.76E-07,10.73099885,16.30674712,0.008554462,1.56E-10,1.32E-33,0,0.303605774,9.553223997
3.88E-05,0.618465084,0.079701557,2.13E-09,15693.90654,1.93E-07,1.41E-09,3.91E-18,2.87E-07,6.453371268,17.84073717,2.871336844,0.000228232,1.24E-14,0,0.213254941,9.723902938
4.91E-05,0.830794848,0.062102046,6.44E-10,47840.15189,3.97E-07,1.46E-09,3.34E-18,3.55E-07,0.369840948,0.780975641,1.79744112,4.185792916,5.533398653,1.973187213,5.488399483,16.1824453
6.08E-05,0.87962804,0.064680507,4.63E-09,20236.417,3.92E-07,4.83E-10,1.41E-18,9.50E-07,0.453408747,1.97970262,8.30431456,3.248955827,0.034147936,3.90E-07,1.231066387,10.66081769
1.21E-05,0.728279658,0.031197722,8.06E-10,39771.14441,3.34E-07,1.63E-09,2.98E-18,5.46E-07,0.486077761,0.989668152,2.195039235,4.861435311,5.221815197,1.082920239,5.037410699,15.5552886
2.14E-05,0.729699393,0.068205773,1.73E-09,26229.79071,7.52E-08,4.63E-10,3.65E-18,3.42E-07,0.379581057,0.93465293,2.931198391,9.61901383,2.32668983,8.95E-05,2.885524031,12.64741626
6.03E-05,0.861157001,0.016814168,1.82E-09,10429.4521,5.71E-08,2.54E-09,3.61E-18,4.97E-07,9.595182195,26.66355176,3.541440225,1.61E-05,2.44E-25,0,0.440757627,9.741144493
8.49E-05,0.745446148,0.051659945,4.26E-09,30628.59349,4.55E-08,1.02E-09,3.99E-18,2.77E-07,16.01553705,5.355046149,2.87E-06,8.96E-14,2.11E-38,0,0.197846306,9.437128871
8.19E-05,0.765910029,0.012309318,1.62E-09,22229.4482,8.20E-09,1.07E-09,1.71E-18,5.38E-07,0.702895967,1.312185056,2.490095747,5.01592503,5.472478014,1.17953707,6.817419546,17.78546626
1.40E-05,0.571072514,0.071895006,6.95E-10,10886.36663,5.04E-08,2.35E-09,2.74E-18,3.69E-07,2.037680993,3.329019805,4.528179829,4.811217604,2.614024602,0.377666976,5.925657692,16.73819471
6.12E-05,0.719254867,0.061941331,3.22E-09,6918.673947,2.28E-07,1.71E-09,1.80E-18,4.01E-07,12.46810754,18.81054917,1.22330399,0.000510628,1.25E-13,1.04E-43,0.166580994,9.632713886
4.48E-05,0.857956753,0.017147122,7.65E-10,13234.25131,1.54E-07,2.90E-09,1.73E-18,6.64E-07,1.374783846,2.758988696,5.990983013,8.827622464,4.551391131,0.490624413,5.643679986,16.36690782
7.92E-05,0.782676917,0.01655057,3.64E-09,48778.90495,2.89E-07,3.23E-10,1.36E-18,7.16E-07,0.136533968,0.313429252,0.805603093,2.698289939,4.444103882,0.692914686,3.316744317,13.19610872
3.30E-05,0.707729465,0.011014967,3.46E-09,38058.03585,3.14E-07,2.46E-09,3.20E-18,7.23E-07,15.65297241,5.561718846,0.008529765,6.46E-08,1.04E-28,0,0.001084641,9.360287221
6.18E-05,0.548481887,0.06205434,1.98E-09,37871.51832,3.94E-07,3.53E-10,3.00E-18,3.07E-07,0.199919719,0.470479825,1.316370599,5.352174683,3.465553515,0.044389041,2.778617356,12.51711791
8.61E-05,0.74938814,0.034675537,3.95E-09,18865.02012,1.50E-07,1.47E-09,2.60E-18,6.33E-07,15.63747554,9.183922809,0.038965906,2.09E-07,4.51E-28,0,0.284797419,9.61350843
3.70E-05,0.617650417,0.015559247,3.28E-09,8701.502401,1.94E-07,8.99E-10,1.94E-18,7.02E-07,2.79444378,15.33333826,7.393106256,0.062442195,1.69E-07,1.67E-29,0.618498927,10.12892938
4.76E-05,0.861478889,0.037568828,1.65E-09,24658.43343,2.71E-07,1.41E-09,1.35E-18,6.74E-07,0.566604697,1.294467304,3.245052701,6.856709891,5.363094835,0.536182547,4.198385787,14.40593905
4.10E-05,0.60942743,0.017744285,2.02E-09,45075.56198,1.36E-07,7.12E-10,3.08E-18,9.88E-07,0.327354111,0.808598541,2.748994676,8.451351836,2.171221554,0.000421502,2.744057732,12.46774351
1.15E-05,0.544941709,0.01706045,1.73E-09,9221.731161,1.39E-07,1.30E-09,1.52E-18,8.14E-07,1.343791692,2.462603381,4.419191,5.965278879,2.240009307,0.075036839,4.503102776,14.84781171
9.46E-05,0.875837543,0.054930555,4.35E-09,12920.41421,3.16E-07,2.44E-09,2.26E-18,4.25E-07,10.88278911,0.043324947,8.74E-06,2.48E-16,0,0,0.164934602,9.401050747
4.55E-05,0.784568195,0.017236638,6.39E-10,9809.350943,9.82E-08,3.64E-10,1.54E-18,5.79E-07,0.442665827,0.805035838,1.433576569,2.753842189,3.995334586,2.396049092,7.901872716,19.63677285
1.60E-05,0.60654161,0.013081227,2.59E-09,41720.07033,6.36E-08,1.82E-09,1.74E-18,4.40E-07,0.658412084,1.493201584,4.344493861,8.629076062,2.078583914,0.000101652,3.287445349,13.19505439
6.28E-05,0.525973045,0.058670701,1.54E-09,11052.5179,3.91E-07,1.40E-09,3.42E-18,9.82E-07,1.882284908,10.3119911,13.22881985,0.616694065,1.77E-05,1.55E-09,1.293563177,10.72522142
2.24E-05,0.511508222,0.025891099,4.43E-09,7822.366487,1.63E-07,2.10E-09,3.41E-18,2.80E-07,0.00021233,4.61E-05,7.95E-07,6.80E-27,0,0,3.58E-05,9.220649589
5.07E-05,0.622712219,0.038301982,1.62E-09,42189.71654,2.58E-07,2.82E-09,3.71E-18,3.52E-07,1.156372167,5.69217611,14.09848011,2.432287428,0.000329485,1.73E-14,1.604259742,11.07895691
5.57E-05,0.659307668,0.057366107,4.61E-09,49030.53411,1.06E-07,7.73E-10,3.34E-18,8.59E-07,3.878219328,11.16242911,1.293403669,3.47E-06,3.60E-18,0,0.181541967,9.570804354
9.05E-05,0.518223448,0.038428969,1.08E-09,42883.61086,2.47E-08,1.43E-09,1.20E-18,9.46E-07,0.590162519,1.036724474,1.6337261,2.124260786,2.144892469,1.293235764,9.410268425,21.99958731
3.98E-05,0.584846955,0.065876838,3.55E-09,41898.16655,2.02E-07,2.31E-09,3.62E-18,6.06E-07,16.23940462,4.178743413,0.000608643,3.91E-10,2.05E-32,0,0.003223869,9.287988066
3.15E-05,0.887446255,0.011717375,3.13E-09,7641.769265,1.75E-07,4.58E-10,2.19E-18,3.12E-07,1.212033922,9.006036113,11.42905288,0.450744092,1.21E-05,5.13E-26,0.922608886,10.44851828
5.26E-05,0.812971224,0.035133134,2.53E-09,25890.18132,1.03E-07,1.80E-09,1.52E-18,5.68E-07,0.861715854,2.209163425,7.105106653,10.60297057,1.248138359,9.26E-05,2.996118516,12.79295222
2.81E-05,0.520966575,0.03363925,4.78E-09,32117.85448,1.81E-09,4.04E-10,2.40E-18,8.94E-07,0.42422711,1.210656159,10.41779458,4.83463306,2.13E-05,2.09E-07,1.62106204,11.07695493
3.45E-05,0.675318489,0.036463682,2.14E-09,20031.49906,3.47E-07,1.76E-09,3.50E-18,9.46E-07,4.810424731,16.30100231,3.971226574,0.00501841,9.77E-10,1.42E-33,0.294472424,9.867017137
8.92E-05,0.533479533,0.024886638,1.95E-09,14306.16805,1.55E-07,2.91E-09,3.58E-18,3.90E-07,13.06553811,21.10479414,0.938628327,1.57E-05,3.60E-08,1.22E-30,0.490829669,9.844076839
1.35E-05,0.891108273,0.074961375,4.74E-09,19036.2991,2.96E-07,3.82E-10,3.73E-18,8.72E-07,11.5394711,2.274509207,3.60E-05,2.95E-11,1.74E-33,0,0.000613331,9.29551068
9.23E-05,0.668252147,0.041899754,2.07E-09,43421.10671,2.52E-08,1.91E-09,1.42E-18,8.43E-07,0.654336479,1.228930641,2.280040207,4.447243731,4.719841996,0.893152904,5.779547552,16.47400253
6.22E-05,0.76997906,0.01392822,2.88E-09,19103.68815,2.70E-07,4.16E-10,2.09E-18,7.22E-07,0.401602815,1.087108439,5.38704815,7.496163922,0.461998876,3.04E-05,2.120941974,11.68247744
8.77E-05,0.605368969,0.041554458,4.82E-09,36118.11483,6.42E-08,4.26E-10,1.03E-18,9.42E-07,0.231374632,0.520903336,1.340595707,4.477151492,4.684694063,0.300868944,3.632202759,13.60386582
1.01E-05,0.624590377,0.026464202,4.04E-09,20086.63811,3.95E-07,3.49E-10,3.85E-18,7.76E-07,8.718178384,6.421438974,0.016188308,2.47E-07,9.85E-20,0,0.002416274,9.4416843
4.28E-05,0.590774827,0.027789754,3.91E-09,14017.93222,1.14E-07,4.96E-10,2.15E-18,3.21E-07,0.870923447,7.568955589,10.66859976,0.385776777,4.86E-06,1.15E-26,0.955146523,10.37137925
9.11E-05,0.550718493,0.010206946,2.12E-09,21357.01015,3.67E-07,1.09E-09,1.79E-18,5.72E-07,0.63685272,1.483169627,4.521047215,7.290864328,1.661895049,0.001152069,3.309827979,13.18329209
7.90E-05,0.904107294,0.018992847,4.34E-09,13167.06094,1.54E-07,2.93E-09,2.20E-18,9.20E-07,16.18489201,0.151501212,7.85E-06,1.95E-17,0,0,0.276593732,9.523547797
7.99E-05,0.822270052,0.072602626,4.47E-09,12703.79149,4.61E-08,2.23E-09,1.10E-18,5.55E-07,2.49743994,12.71513242,15.68199574,0.624636276,4.67E-06,5.18E-27,1.346957117,10.81687093
4.58E-05,0.710148115,0.03298502,3.91E-09,9761.883395,2.00E-07,1.33E-09,2.94E-18,9.52E-07,12.7884877,0.048081725,8.23E-07,6.91E-19,0,0,0.070911302,9.298113369
5.54E-05,0.566832979,0.078560436,1.16E-09,21926.54125,2.44E-07,2.52E-09,1.78E-18,9.98E-07,1.087231832,1.949411848,3.363809164,4.972009738,3.093887321,0.371839305,4.702701513,15.09494063
9.53E-05,0.827206148,0.029707231,4.96E-09,25603.39414,8.43E-08,1.49E-09,2.92E-18,8.99E-07,17.2140128,1.770098064,1.71E-06,3.16E-14,2.11E-39,0,0.315813149,9.566639801
8.02E-05,0.711658615,0.067362242,1.69E-09,37511.38443,3.98E-07,1.19E-09,1.63E-18,9.01E-07,0.376423259,0.839981938,2.115083928,5.14600127,5.020229708,0.591194601,4.040583429,14.19002118
6.15E-05,0.673795974,0.055390792,2.22E-09,30099.29124,3.27E-07,1.66E-09,1.76E-18,3.13E-07,0.686431171,1.788662115,6.202186422,9.01654425,1.059311212,0.000398753,2.61992086,12.3179368
3.17E-05,0.691194122,0.025744147,1.99E-09,39447.06228,1.05E-07,2.56E-09,2.04E-18,8.38E-07,0.834144516,2.059731253,6.645222249,10.18314888,1.305577693,3.51E-05,3.044905275,12.86769571
3.19E-05,0.85244789,0.03484587,3.85E-09,33767.21945,1.58E-07,2.61E-09,1.85E-18,4.94E-07,2.458313338,14.42208998,6.810800602,0.048343983,1.11E-07,9.36E-30,0.51051257,10.0920947
1.66E-05,0.525909687,0.072762111,3.69E-09,9935.103888,3.51E-07,2.68E-09,2.75E-18,6.14E-07,3.921323932,0.001322634,4.00E-06,9.97E-26,0,0,2.12E-05,9.220814634
8.75E-05,0.897154451,0.017385696,4.09E-09,43257.27975,2.99E-07,2.25E-09,3.53E-18,3.02E-07,13.90227041,0.208467501,3.03E-06,4.81E-13,6.27E-37,0,0.32581075,9.577629661
3.29E-05,0.538040987,0.077532009,3.46E-09,6386.004382,3.96E-07,1.44E-09,2.64E-18,9.85E-07,12.66335963,0.086505545,2.63E-05,1.17E-15,0,0,0.000110552,9.228491228
5.70E-05,0.692058252,0.075815178,4.13E-09,36815.46881,2.11E-07,1.07E-09,3.23E-18,4.29E-07,9.427776431,9.069916894,0.062635434,6.04E-07,4.56E-27,0,0.036655249,9.456471232
6.25E-05,0.827999096,0.035644077,3.48E-09,37666.3558,1.68E-07,1.20E-09,1.27E-18,4.82E-07,0.464359052,1.173225215,3.935661761,8.558897885,1.905584828,0.002807963,2.725416992,12.44952143
2.09E-05,0.625666329,0.075446631,2.30E-09,22465.68077,1.80E-07,4.37E-10,2.19E-18,8.65E-07,0.340374225,0.816503178,2.403048233,7.551311258,3.080260261,0.010297933,2.90712273,12.69529556
7.17E-05,0.776142266,0.031744798,2.05E-09,35819.00795,3.29E-07,1.60E-09,2.32E-18,5.15E-07,0.649467717,1.761308617,7.285065796,8.321440736,0.422052948,1.61E-05,2.405277576,12.03458609
2.84E-05,0.666566723,0.021563895,2.52E-09,26803.0306,1.95E-07,2.74E-09,1.35E-18,2.79E-07,1.052557477,2.728281439,8.730127053,8.642310796,0.622855792,3.49E-05,2.622813675,12.33899489
4.05E-05,0.572520304,0.033892002,3.62E-09,34381.78456,3.70E-07,5.19E-10,2.79E-18,7.52E-07,0.445867366,4.862626395,8.051995579,0.393046503,8.25E-05,3.59E-15,0.740123102,10.17194726
4.83E-05,0.65732744,0.054098034,1.70E-09,14800.15745,3.30E-08,2.64E-09,2.21E-18,8.44E-07,1.867606148,4.154077055,10.9369296,8.564126657,0.342271078,5.70E-11,3.234124355,13.08322979
7.72E-05,0.515552036,0.026604863,4.59E-09,28399.95826,2.41E-07,8.46E-10,1.57E-18,9.47E-07,0.619964483,4.099597847,9.910348385,1.622538093,0.002219096,1.38E-08,1.389320767,10.80370414
4.79E-05,0.845232249,0.064953918,3.23E-09,36279.62789,3.65E-08,5.97E-10,2.90E-18,4.67E-07,0.453962711,1.319283634,10.06764776,5.079932274,0.00089796,1.57E-13,1.641563791,11.11409383
6.38E-05,0.717314536,0.061116913,3.27E-09,39862.11665,3.81E-07,2.75E-09,2.93E-18,7.79E-07,12.49836147,9.851267483,0.126866847,1.29E-05,5.22E-19,0,0.093748463,9.526260689
4.38E-05,0.800788623,0.020886278,4.23E-09,7551.850582,3.14E-07,1.74E-09,1.66E-18,3.03E-07,20.57610627,5.830447829,0.032122428,1.02E-06,5.59E-27,0,0.051242889,9.381671559
2.82E-05,0.643698422,0.053303553,4.52E-09,40469.96561,1.79E-07,1.63E-09,1.07E-18,5.57E-07,0.586962709,1.612840819,7.071644409,7.371947429,0.337111609,3.11E-05,1.970040949,11.51977166
2.86E-05,0.752987201,0.076205475,1.80E-09,8685.600541,2.97E-08,1.04E-09,2.39E-18,9.43E-07,1.506576129,3.971598366,13.37260969,9.966744844,0.026838956,9.91E-11,2.926223572,12.69047192
5.22E-05,0.767839875,0.054868858,3.50E-09,38627.27176,1.24E-07,2.14E-09,2.75E-18,9.10E-07,5.226292845,15.49308746,2.583182726,0.000228128,2.41E-14,0,0.234591806,9.71583634
9.03E-05,0.724677604,0.036940914,4.30E-09,15191.09198,2.89E-07,3.26E-10,2.48E-18,5.80E-07,1.402508374,10.01802971,4.165985575,0.018673719,1.37E-07,4.46E-29,0.618245475,10.02207214
2.85E-05,0.732437699,0.059616509,4.45E-09,22162.93006,1.40E-07,2.49E-09,2.99E-18,3.30E-07,9.4864695,0.004439509,8.50E-09,2.90E-29,0,0,3.77E-05,9.221384838
2.13E-05,0.670511324,0.074493726,2.22E-09,43231.98494,1.31E-07,2.78E-09,2.09E-18,9.41E-07,0.889994925,2.414898052,9.443262402,8.878170284,0.216798169,4.48E-07,2.419768394,12.07112475
2.90E-05,0.744826873,0.06313882,2.94E-09,47962.09565,4.80E-08,7.39E-10,3.14E-18,8.57E-07,0.422096117,1.206066478,9.051249435,5.70356313,0.002992626,1.72E-12,1.677346996,11.15749371
9.30E-05,0.883713134,0.036115035,3.95E-09,23358.2691,1.29E-07,2.45E-09,2.75E-18,3.20E-07,19.75876205,3.741757038,0.000346298,9.19E-11,7.20E-34,0,0.258237279,9.503391427
1.74E-05,0.784165213,0.019109524,3.49E-09,38392.11651,1.26E-08,1.45E-09,1.01E-18,4.95E-07,0.543723717,1.174254707,2.854639408,6.85262289,6.094255434,0.315956372,4.707636165,15.0274221
6.00E-05,0.68522137,0.040035625,2.29E-09,6615.939309,6.05E-08,1.51E-09,3.03E-18,9.71E-07,12.35299515,24.60819846,1.441913081,3.20E-06,1.52E-26,0,0.266680521,9.602256511
5.03E-05,0.600567279,0.044317651,4.36E-09,39965.91875,2.42E-07,6.95E-10,2.69E-18,7.85E-07,1.282059074,9.76402275,3.998875376,0.011532973,3.85E-08,5.37E-30,0.412895118,9.877163565
8.64E-05,0.76843648,0.04131974,4.62E-09,19854.22248,2.50E-07,3.15E-10,3.48E-18,8.60E-07,7.537900365,7.652879131,0.034704656,2.20E-07,9.06E-20,0,0.262421367,9.625046174
2.79E-05,0.771687673,0.059800592,3.30E-09,15331.20625,1.94E-07,2.09E-09,1.05E-18,6.57E-07,1.401734914,4.088175989,12.7861058,6.272952633,0.087049915,6.47E-07,2.093357555,11.67195097
1.99E-05,0.881465304,0.069846181,3.39E-09,20796.07475,1.89E-07,2.16E-09,3.63E-18,4.85E-07,16.90088156,0.215074796,1.50E-06,1.24E-18,0,0,8.56E-05,9.227038088
5.10E-05,0.509971713,0.052426802,7.77E-10,13658.60004,2.03E-07,1.88E-09,2.03E-18,3.79E-07,1.319377133,2.21958922,3.179126015,3.652470653,2.479444791,0.575671691,6.097956605,17.10548398
9.68E-05,0.840778796,0.042581897,3.99E-09,15940.23904,5.60E-08,7.42E-10,1.59E-18,2.62E-07,0.858279653,3.142038782,12.98380979,4.36181375,0.002792484,3.26E-12,1.98888959,11.52012992
9.58E-05,0.645233166,0.063776017,2.54E-09,42349.72003,2.17E-07,2.17E-09,2.50E-18,9.90E-07,0.936355679,4.959191678,12.58121089,2.310665011,0.000891372,5.28E-13,1.527022374,10.98313189
6.58E-05,0.7634477,0.022152427,3.78E-09,21084.11865,2.06E-07,1.52E-09,2.79E-18,4.33E-07,15.69798856,7.490558303,0.022422689,1.56E-07,3.45E-28,0,0.233628795,9.561145611
3.22E-05,0.680117086,0.0193212,3.64E-09,16499.25441,1.05E-08,2.85E-09,2.80E-18,3.63E-07,27.49560047,10.7346236,4.17E-05,1.11E-16,0,0,0.000704918,9.227531419
1.80E-05,0.586288259,0.023025632,1.65E-09,36770.53327,2.83E-07,6.29E-10,1.75E-18,6.06E-07,0.275571535,0.543731611,1.106723513,2.475198938,3.804056659,1.486949931,4.820011593,15.2896368
6.76E-05,0.660466565,0.039683471,2.83E-09,32796.03427,1.52E-07,8.83E-10,1.24E-18,4.80E-07,0.373975484,0.835814279,2.141743649,5.69656294,4.58835821,0.282233481,3.822780273,13.87632835
7.50E-05,0.892616883,0.015673157,4.32E-09,47626.60993,2.46E-07,6.21E-10,3.10E-18,6.88E-07,1.389920254,9.468214028,3.169834509,0.003294716,4.24E-09,1.59E-31,0.480849373,9.879977448
9.37E-05,0.613467069,0.010030544,2.34E-09,14524.06405,3.92E-07,1.51E-09,3.98E-18,6.85E-07,17.34027389,8.087063892,0.032966215,3.11E-07,8.68E-28,0,0.501299282,9.807446461
7.16E-05,0.673336325,0.050397482,4.73E-09,15047.20731,3.20E-07,2.97E-09,3.31E-18,7.46E-07,2.80E-06,1.13E-11,2.82E-25,0,0,0,0.16299887,9.398930097
2.83E-05,0.505636194,0.024136949,1.18E-09,19929.86627,7.81E-09,1.94E-09,3.46E-18,6.03E-07,1.533266339,2.648265957,3.965595132,4.881430806,2.326027951,0.081608266,5.249857368,15.72056606
3.31E-05,0.522867773,0.013728918,4.90E-09,46924.36499,2.15E-07,1.75E-09,2.23E-18,8.40E-07,6.436560204,12.01099028,0.505077062,9.94E-05,1.75E-07,2.86E-29,0.129886319,9.618345755
6.32E-05,0.72781108,0.052096343,1.55E-09,11424.97984,7.10E-08,7.99E-10,1.51E-18,7.12E-07,0.755525552,1.464724551,3.080619373,6.034003475,4.937106829,0.631552507,5.286637542,15.8504689
9.25E-05,0.523712983,0.040593043,1.60E-09,16282.99605,6.78E-08,9.66E-10,3.27E-18,6.19E-07,0.962928376,1.986244618,5.277004759,7.405086322,1.012340814,8.71E-08,3.294817511,13.14819641
8.65E-05,0.860549024,0.042225655,2.33E-09,45258.26375,3.43E-07,9.82E-10,2.77E-18,4.29E-07,0.421273261,1.175517639,6.641259703,6.699130164,0.213911607,3.05E-06,1.979546681,11.51051099
2.93E-05,0.64216587,0.041808652,3.26E-09,40924.34379,2.14E-08,6.25E-10,3.17E-18,8.52E-07,0.460407413,1.389387091,11.08971521,4.203329322,7.94E-05,7.86E-17,1.558901504,11.00901381
2.76E-05,0.618766677,0.036834241,2.21E-09,12768.6081,3.76E-08,2.75E-09,2.54E-18,3.18E-07,3.500020985,20.33393947,13.04854867,0.01279416,2.92E-11,5.50E-39,0.990245445,10.46700056
9.34E-05,0.506910988,0.046255996,3.74E-09,34903.053,2.24E-07,1.27E-09,1.70E-18,3.98E-07,0.66631547,3.075277902,10.57803718,3.20754576,0.011029247,1.38E-08,1.671399845,11.1396387
8.26E-05,0.576226624,0.059174877,4.61E-09,44633.91393,3.32E-07,2.99E-09,1.95E-18,4.18E-07,10.11393297,10.84918663,0.258682645,0.000131012,4.42E-14,0,0.201078045,9.652902475
9.14E-05,0.808650424,0.065205889,1.22E-09,41990.69276,3.18E-07,2.66E-09,3.59E-18,5.02E-07,0.858727487,2.281385313,8.306934585,9.863313252,0.503643411,4.56E-06,2.71852765,12.43299466
2.35E-05,0.704177912,0.022238281,4.43E-09,13777.87143,1.45E-07,2.21E-09,2.18E-18,2.72E-07,21.08274594,1.670338006,0.000222698,3.74E-11,9.86E-35,0,0.000230154,9.244737985
4.89E-05,0.805601052,0.026123209,3.58E-09,18307.52839,1.19E-08,1.93E-09,1.41E-18,5.99E-07,1.556033764,4.393131659,17.1419375,6.627545534,0.000801549,9.23E-14,2.510085722,12.1594796
9.73E-05,0.740820845,0.057713477,4.60E-09,6154.152901,3.49E-07,2.99E-09,2.11E-18,3.54E-07,0.021302137,8.83E-06,1.12E-11,6.16E-34,0,0,0.179591703,9.417114575
1.46E-05,0.859891498,0.02327997,4.06E-09,30809.66336,1.83E-07,1.13E-09,3.96E-18,9.05E-07,14.54075115,1.744521456,3.41E-06,4.08E-13,5.56E-37,0,0.00025185,9.248817148
6.81E-05,0.572214263,0.028109629,2.28E-09,32718.97584,2.33E-07,1.65E-09,2.43E-18,7.32E-07,0.81239906,2.741961632,11.42398166,5.059805378,0.02611694,1.01E-08,2.065801328,11.6113246
6.09E-05,0.500417182,0.067688008,4.16E-09,9506.318455,1.58E-07,2.56E-09,2.29E-18,4.61E-07,12.14271032,0.03404764,5.62E-06,1.39E-07,7.17E-11,1.00E-35,0.098282027,9.328059676
9.89E-05,0.88455787,0.057629612,1.68E-09,44391.57719,2.85E-07,5.75E-10,2.37E-18,7.33E-07,0.226429857,0.513927009,1.287763641,3.632909729,5.513286007,0.904686516,4.056500291,14.18434269
8.05E-05,0.844239315,0.044086516,2.47E-09,30882.90352,2.87E-07,1.85E-09,3.52E-18,4.31E-07,4.346165498,14.99405074,3.411113985,0.002379789,3.43E-10,3.03E-34,0.437680084,9.865679321
6.87E-05,0.797990438,0.039472006,1.71E-09,44757.78067,1.53E-07,8.36E-10,3.88E-18,6.05E-07,0.395407317,1.020474406,4.374746269,9.148579853,1.057948922,9.30E-06,2.542767105,12.20446012
4.39E-05,0.687155492,0.060352579,3.63E-09,15531.61922,1.76E-08,2.11E-09,2.19E-18,7.92E-07,6.263356471,23.90944207,4.157790766,1.31E-05,1.80E-25,0,0.325890564,9.681224488
3.90E-05,0.514300688,0.014866492,2.43E-09,16787.66412,3.35E-07,2.65E-09,2.32E-18,3.61E-07,4.49277821,17.54776007,6.162833647,0.037092358,1.84E-07,6.51E-11,0.629055252,10.05511414
8.75E-05,0.514002765,0.065307961,4.89E-09,41607.73166,3.78E-07,2.21E-09,1.00E-18,6.10E-07,0.755207744,3.063854825,9.848242598,3.37359972,0.034178634,4.97E-07,1.530400999,10.97906036
3.38E-05,0.720453419,0.044496097,2.56E-09,27846.87575,1.25E-07,1.43E-09,3.05E-18,7.22E-07,1.178788039,9.389912902,11.8494013,0.292608468,7.71E-07,3.08E-28,0.923752197,10.42987277
5.32E-05,0.821193207,0.02234199,3.79E-09,18953.54529,1.13E-07,9.95E-10,3.67E-18,9.36E-07,16.9616505,4.160277639,6.71E-05,9.34E-12,3.38E-35,0,0.104286976,9.350636659
9.48E-05,0.775222537,0.058036228,4.20E-09,48197.23897,3.84E-07,2.61E-09,2.80E-18,8.49E-07,14.49600896,3.593167375,0.002669765,3.27E-08,5.59E-29,0,0.172386036,9.4785932
5.18E-05,0.768940351,0.063412163,7.02E-10,46444.60911,3.17E-07,9.64E-10,1.97E-18,3.29E-07,0.266967324,0.517922828,1.044660209,2.305047818,3.838298574,2.561670628,6.541256123,17.73942098
9.79E-05,0.682607017,0.051808932,4.70E-09,46025.09079,5.66E-08,1.66E-09,1.92E-18,4.75E-07,0.959677326,9.126897875,10.34802161,0.165870476,2.40E-07,4.57E-29,1.039746847,10.40981509
9.78E-05,0.657772238,0.037194423,3.01E-09,39140.10252,1.88E-07,1.23E-09,3.00E-18,5.28E-07,0.846660755,8.789860419,8.97168983,0.174249794,1.18E-06,1.02E-27,1.028609692,10.39175547
3.24E-05,0.550177043,0.0525847,3.14E-09,35632.94957,2.37E-07,1.01E-09,1.99E-18,7.47E-07,0.52152597,1.58808724,8.627119604,5.553984828,0.082695317,3.91E-07,1.655963009,11.15863417
8.83E-05,0.900138563,0.02228349,2.62E-09,24319.73714,2.58E-08,2.78E-09,3.68E-18,6.35E-07,10.87091643,22.0839848,0.428733226,2.71E-08,4.17E-30,0,0.342067636,9.618258905
1.31E-05,0.58436262,0.023906242,4.75E-09,30958.18739,2.68E-07,1.75E-09,1.33E-18,4.69E-07,1.052855394,7.900433581,9.740632308,0.522237399,0.00025314,4.69E-14,0.810172811,10.33738468
7.82E-05,0.877061028,0.07675011,2.14E-09,9589.198241,1.14E-07,1.85E-09,1.50E-18,4.54E-07,1.863798449,5.08666497,14.61852698,8.520474631,0.115216153,1.29E-07,2.699901986,12.41911361
6.73E-05,0.702124198,0.072494077,3.08E-09,27890.08224,1.69E-07,2.29E-09,3.72E-18,2.70E-07,18.6572257,5.171095116,0.000975254,4.00E-10,1.09E-32,0,0.059972235,9.321244851
1.67E-05,0.899350719,0.021211607,2.26E-09,19243.57714,2.80E-07,2.28E-09,1.95E-18,4.61E-07,1.507407846,6.023580978,14.46802477,3.207398167,0.004787616,4.29E-11,1.637392634,11.15921495
9.07E-05,0.614679651,0.010575673,6.27E-10,20672.04301,7.19E-08,1.38E-09,3.57E-18,7.03E-07,0.920611124,1.636034761,2.608647464,3.804594966,3.616557615,1.060424522,8.015124614,19.70246773
9.85E-05,0.902629834,0.056214853,6.93E-10,42846.61335,1.27E-07,5.78E-10,3.62E-18,3.77E-07,0.23297332,0.490488295,1.083792792,2.538915382,4.682420468,3.299006297,6.628897632,17.70314089
5.63E-05,0.518504833,0.023775384,4.57E-09,7364.477464,8.85E-08,2.87E-09,2.16E-18,7.56E-07,5.779071177,0.000604115,7.74E-06,1.93E-08,1.54E-30,0,0.276458777,9.523399569
7.51E-05,0.645957761,0.050165388,1.82E-09,40425.73635,3.60E-07,2.70E-09,3.25E-18,4.00E-07,1.139436817,6.159286665,13.14783202,1.860522605,0.000478802,1.04E-13,1.496633699,10.94837896
2.95E-05,0.650128709,0.043381933,1.05E-09,8039.270493,2.88E-08,1.31E-09,2.92E-18,2.89E-07,1.74776515,3.135884246,5.716657333,7.954936027,2.43476717,0.018046582,4.602241696,14.8728964
4.62E-05,0.781982797,0.030335899,4.21E-09,32192.09282,4.20E-08,3.37E-10,3.45E-18,4.98E-07,0.442822445,5.664754253,9.014333159,0.070704606,4.33E-09,7.52E-32,0.70620224,10.07007495
3.63E-05,0.800105746,0.065784424,3.91E-09,41794.35212,3.85E-07,2.08E-09,1.61E-18,7.54E-07,0.919838725,6.424923092,10.14735705,0.771174882,0.000735135,1.32E-12,0.884314911,10.38818881
4.08E-05,0.541859246,0.062859444,3.76E-09,11481.32113,1.00E-07,1.68E-09,1.52E-18,7.43E-07,3.010030786,16.91895462,9.250104819,0.080962393,4.09E-07,7.66E-29,0.732192506,10.24269501
8.60E-05,0.818381673,0.064131571,1.72E-09,33119.96497,3.52E-07,2.50E-09,3.80E-18,3.67E-07,1.455576115,10.55021482,11.56092139,0.35132755,4.94E-06,8.94E-27,1.038309891,10.46287132
4.32E-05,0.63327029,0.070028529,1.16E-09,40267.82417,9.58E-08,2.94E-09,1.79E-18,7.75E-07,0.851159634,1.542467763,2.628044965,4.33408967,3.927674064,0.921282802,5.682834043,16.43400824
9.75E-05,0.880425317,0.049505121,2.10E-09,15258.36827,2.59E-07,7.57E-10,1.09E-18,4.85E-07,0.503475427,1.149771499,2.894414929,6.310694171,5.212830152,0.564144212,4.235101304,14.4322102
1.18E-05,0.815589463,0.054659464,4.12E-09,41292.49842,3.59E-07,2.23E-09,1.92E-18,4.27E-07,3.114865462,12.7119349,3.740055376,0.01964409,1.42E-07,2.60E-29,0.279536598,9.892087866
4.99E-05,0.565725739,0.018842551,4.10E-09,11900.63535,1.81E-08,9.18E-10,1.53E-18,7.41E-07,1.337456704,5.417459974,15.16642949,3.124195954,2.33E-05,4.43E-09,2.029243798,11.57693861
1.86E-05,0.787374424,0.041719817,2.39E-09,34312.79333,9.80E-08,9.01E-10,3.67E-18,3.35E-07,0.664265655,3.839639223,12.28091682,2.196820373,4.09E-05,4.23E-25,1.292041162,10.76921927
5.79E-05,0.748431344,0.076440773,4.46E-09,44238.57455,2.31E-07,1.44E-09,3.60E-18,8.64E-07,13.5486224,1.652174055,1.10E-05,3.84E-12,3.41E-35,0,0.020868296,9.279401193
5.72E-05,0.793810721,0.044783444,3.70E-09,33425.54476,1.28E-07,2.68E-09,2.76E-18,3.83E-07,15.22321236,10.7581177,0.060472926,2.23E-07,4.26E-28,0,0.094779356,9.451822811
3.89E-05,0.721909015,0.026336508,4.87E-09,42492.13743,2.92E-07,9.75E-10,1.59E-18,3.44E-07,0.512204167,3.628717942,9.053418035,1.48721933,0.002807461,4.94E-10,0.948448193,10.41163916
3.24E-05,0.507849825,0.079637491,1.94E-09,42228.78736,5.46E-08,2.69E-09,2.71E-18,8.16E-07,1.03296108,2.097888905,5.306153928,7.008318332,0.951761448,3.44E-08,2.779621908,12.51694063
6.34E-05,0.710839308,0.055242001,3.48E-09,13744.15866,2.69E-07,2.39E-09,2.28E-18,9.69E-07,20.27041559,6.638602079,0.025791091,2.71E-07,5.46E-28,0,0.108016458,9.420485451
4.70E-05,0.746139999,0.048358983,6.65E-10,25564.56456,3.53E-07,1.01E-09,2.90E-18,9.37E-07,0.458032162,0.895356971,1.867684478,4.05163117,4.909234918,1.671059588,5.695220223,16.474155
2.40E-05,0.562488604,0.072363918,3.67E-09,6821.933502,1.88E-07,1.33E-09,2.91E-18,6.52E-07,11.35736665,0.021488834,2.47E-07,4.99E-19,0,0,9.49E-05,9.221711195
7.46E-05,0.611173052,0.060151278,8.78E-10,45305.35868,3.24E-07,1.82E-09,1.68E-18,5.14E-07,0.482855879,0.880800677,1.532728291,2.730684708,3.406156282,1.557554105,6.18395499,17.20598577
9.72E-05,0.823640299,0.013529378,4.84E-09,9864.991347,2.56E-07,2.22E-09,1.69E-18,8.17E-07,19.69353908,0.85917253,0.000952781,8.88E-10,2.42E-32,0,0.411665425,9.672099106
3.28E-05,0.764301701,0.063661371,2.41E-09,37009.84613,3.33E-09,6.32E-10,3.37E-18,3.09E-07,0.447860559,1.127571566,4.471261052,11.37722811,0.498427392,9.83E-09,2.552061048,12.20535447
5.73E-05,0.895562013,0.015288423,4.68E-09,42049.57852,2.78E-07,1.32E-09,1.01E-18,8.62E-07,0.459710227,1.235561048,5.232808718,7.255568557,0.607647119,0.00040541,2.04388156,11.59781241
2.39E-05,0.815299306,0.019656543,3.72E-09,34853.34918,3.80E-07,2.90E-09,3.44E-18,5.17E-07,11.32993456,0.04253639,1.88E-06,2.43E-17,0,0,3.86E-05,9.232775617
3.84E-05,0.742080575,0.023524111,1.71E-09,31938.17581,7.51E-08,1.05E-09,1.13E-18,8.46E-07,0.41301349,0.794564581,1.602434018,3.466472105,4.651101948,1.944001582,6.059639752,16.9879223
9.87E-05,0.705603263,0.056114262,3.96E-09,19908.61205,3.72E-07,7.76E-10,1.10E-18,2.76E-07,0.525799064,1.417604853,5.725811542,7.311164346,0.569033909,0.000383779,2.194299315,11.77580803
5.51E-05,0.71609318,0.029219159,8.28E-10,7269.626276,2.10E-08,2.55E-09,2.44E-18,7.82E-07,2.674744656,4.439480023,7.125661666,7.963415051,2.652600449,0.084694169,6.021289201,16.75321044
9.96E-05,0.631836637,0.030752204,1.43E-09,39233.24432,1.84E-07,1.41E-09,1.44E-18,5.26E-07,0.457203221,0.860843485,1.630625237,3.252576066,3.97579024,1.409332843,5.91155626,16.75715813
8.20E-05,0.742972242,0.056693918,2.82E-09,35078.57278,2.67E-07,2.85E-09,3.82E-18,7.06E-07,17.6534537,5.923308901,0.005436182,9.98E-09,2.92E-30,0,0.154494671,9.442379649
7.29E-05,0.661832804,0.01207754,1.80E-09,14902.18374,3.45E-07,1.60E-09,3.16E-18,6.45E-07,1.7998914,11.48576835,12.30888916,0.427846309,9.52E-06,2.65E-26,1.340833056,10.75990285
3.32E-05,0.86670056,0.039287361,4.39E-09,27985.05001,2.48E-07,3.47E-10,2.10E-18,5.37E-07,0.329416528,1.947663887,8.103996624,2.401887427,0.006755729,2.90E-09,1.025015162,10.48007527
1.09E-05,0.627652592,0.0108915,1.34E-09,38082.37541,2.91E-07,1.76E-09,2.70E-18,6.12E-07,0.602149821,1.337834462,3.442971808,7.697929103,3.177118801,0.024472458,3.542296819,13.54184153
7.94E-05,0.876838731,0.028305876,2.69E-09,40714.95299,3.74E-07,8.93E-10,2.53E-18,3.87E-07,0.438634757,1.431454784,8.108105913,4.911648012,0.070024263,3.47E-07,1.726979145,11.20537956
7.07E-05,0.830502122,0.02083696,4.14E-09,46328.12578,3.63E-07,6.37E-10,2.00E-18,8.69E-07,0.329405797,1.59544256,7.702204114,2.908480691,0.021189088,7.46E-08,1.314714457,10.71652487
7.44E-05,0.558425486,0.060745354,2.78E-09,6015.625449,3.11E-07,1.58E-09,1.19E-18,7.67E-07,2.374100109,8.679536105,12.82781711,2.607328126,0.002547106,3.62E-11,1.758071719,11.26605613
9.91E-05,0.757507778,0.010440558,1.06E-09,37827.71006,2.81E-08,1.35E-09,3.60E-18,8.05E-07,0.569113456,1.157012607,2.646122613,6.303358253,6.083196363,0.28946506,5.523225803,16.01139525
8.16E-05,0.874792947,0.053608564,3.59E-09,26043.22629,4.44E-08,2.02E-09,1.15E-18,3.49E-07,0.999448232,2.624222059,8.944314898,10.64598261,0.59432607,2.67E-06,2.942389187,12.71292405
1.70E-05,0.835170181,0.056362375,8.50E-10,16059.81573,2.28E-07,7.17E-10,1.56E-18,5.87E-07,0.440970736,0.882456227,1.915180017,4.172716489,5.162020617,2.120310935,6.078673513,17.05522294
7.72E-05,0.869079017,0.069425056,4.37E-09,9274.421835,1.47E-07,5.26E-10,2.83E-18,7.29E-07,16.2363998,5.118733657,0.00191265,1.74E-09,2.16E-31,0,0.079616958,9.365827157
6.14E-05,0.623186484,0.028241971,4.27E-09,29996.51724,1.01E-07,1.91E-09,1.33E-18,4.96E-07,1.042962544,4.810494179,13.10028516,2.916420573,0.002265924,4.85E-12,1.720781755,11.20775084
7.61E-05,0.594566204,0.061425559,9.93E-10,7448.410742,1.09E-07,3.08E-10,2.50E-18,3.95E-07,0.629609643,1.152597606,1.949993374,3.199120127,3.611785137,1.234364486,6.031220918,16.89317669
8.15E-05,0.705276916,0.071718912,2.65E-09,46423.69335,8.89E-08,1.48E-09,3.33E-18,8.86E-07,0.811445669,5.790451222,12.62421199,0.998634898,3.33E-06,4.73E-27,1.21776222,10.62628531
1.92E-05,0.874411546,0.034211406,1.74E-09,9570.584617,2.94E-08,1.40E-09,2.70E-18,3.38E-07,1.997981556,5.846870966,19.82918793,5.330449066,0.000189799,3.97E-24,2.406343199,12.03829701
7.80E-05,0.905814253,0.016667411,7.34E-10,34595.76254,3.90E-07,2.68E-09,1.05E-18,9.77E-07,0.543429081,1.142995505,2.581226064,5.221808673,5.28905016,1.837997978,5.929117673,16.8170851
3.06E-05,0.718556619,0.030559135,4.93E-09,26986.43831,1.12E-07,1.98E-09,2.36E-18,3.32E-07,17.63391922,4.833049733,0.001337516,9.37E-10,5.88E-32,0,0.000522669,9.289613506
1.23E-05,0.548090142,0.029530453,4.44E-09,15738.74256,2.90E-07,2.69E-09,3.50E-18,6.67E-07,0.000197568,2.68E-10,4.97E-24,0,0,0,6.54E-06,9.22061701
2.69E-05,0.631705519,0.011270679,1.84E-09,49595.99121,1.36E-07,2.44E-09,3.83E-18,8.09E-07,0.99555477,5.128431993,14.10699867,2.331197382,6.39E-05,8.38E-25,1.450696772,10.95820662
6.90E-05,0.653014502,0.018733901,3.01E-09,26775.22189,6.11E-08,4.11E-10,1.50E-18,4.21E-07,0.286816914,0.626095847,1.540354184,4.543982256,5.334679208,0.448071925,4.176774747,14.31664222
1.25E-05,0.553842752,0.024703099,1.53E-09,10215.72034,1.57E-07,1.92E-09,3.06E-18,4.34E-07,2.388384595,10.30341173,13.54005235,2.184852081,7.75E-06,1.22E-26,1.654718427,11.22471612
4.15E-05,0.658378715,0.062653029,6.86E-10,14096.50868,3.71E-07,1.22E-09,2.31E-18,8.07E-07,0.807007543,1.467517491,2.693368569,4.702088216,4.038863033,0.952964654,5.535271915,16.27328816
9.44E-05,0.754704432,0.06399375,1.63E-09,12585.25292,3.95E-07,4.23E-10,2.31E-18,4.13E-07,0.453886486,1.099186666,3.062722155,7.961637272,3.50742969,0.033553348,3.315259289,13.20292891
2.11E-05,0.877672504,0.031925881,3.88E-09,44152.14412,3.82E-07,6.93E-10,2.33E-18,8.28E-07,0.41158545,3.43469425,8.430749043,1.166135696,0.001250318,1.02E-10,0.827314052,10.31189496
4.68E-05,0.624983077,0.072045719,1.39E-09,23728.85359,3.76E-07,9.89E-10,3.24E-18,8.22E-07,0.596136748,1.491987167,5.345228666,8.871966857,1.295590001,0.000163434,2.681153537,12.40617744
2.53E-05,0.6129379,0.012954519,3.54E-09,25223.65871,3.50E-07,1.37E-09,3.31E-18,7.14E-07,14.88743788,4.909893981,0.005377278,4.28E-08,6.57E-29,0,0.000912062,9.357911826
6.85E-05,0.678819419,0.055764561,1.97E-09,23478.34447,3.46E-07,1.14E-09,1.16E-18,7.58E-07,0.488102482,1.044615879,2.532648855,5.500185382,4.484331733,0.537545293,4.128277896,14.3154875
1.85E-05,0.661748861,0.034002606,3.47E-09,30192.64245,8.22E-08,2.91E-09,3.04E-18,7.19E-07,18.89249485,9.496127789,0.008266549,3.14E-09,2.15E-31,0,0.001223366,9.298778755
4.86E-05,0.852644201,0.061504534,2.28E-09,13613.00185,2.25E-07,1.69E-09,3.28E-18,5.73E-07,8.492688736,18.45967922,1.935924285,0.000220892,1.18E-14,0,0.144277283,9.677794947
4.29E-05,0.842744261,0.057220426,2.69E-09,13832.93394,2.40E-07,5.59E-10,3.12E-18,5.56E-07,1.030381184,10.4574976,8.385435799,0.124690375,7.41E-07,4.06E-28,0.640402578,10.19690562
3.66E-05,0.87002321,0.045068399,3.18E-09,15360.17202,3.25E-07,2.18E-09,2.12E-18,9.48E-07,9.398425903,16.53065905,1.200846547,0.000985975,1.52E-12,1.59E-41,0.08986065,9.667188042
2.64E-05,0.576376058,0.072422633,7.18E-10,36595.83788,1.21E-07,1.38E-09,2.22E-18,3.05E-07,0.578778239,1.040376011,1.682713544,2.405016252,2.792450349,1.51984952,7.108394144,18.51376755
9.77E-05,0.723363034,0.0555251,2.02E-09,10754.72341,2.87E-07,2.02E-09,1.62E-18,5.80E-07,1.804572595,5.372221331,14.77313855,5.825434233,0.046662439,7.40E-08,2.37566532,12.00291714
8.14E-05,0.610089074,0.07655539,1.07E-09,40162.7068,2.29E-07,2.09E-09,3.04E-18,6.56E-07,0.680319549,1.348838888,2.882985233,5.921541518,3.807533892,0.224002348,4.262171524,14.46263869
5.38E-05,0.698261616,0.05559417,9.61E-10,7525.647354,1.23E-07,3.54E-10,1.32E-18,4.99E-07,0.534922843,0.96759728,1.69716264,3.124595469,3.933918108,1.827606441,6.778920488,18.04491111
5.04E-05,0.850331315,0.043253864,1.35E-09,43375.85636,2.66E-07,2.27E-09,2.46E-18,7.10E-07,0.632448419,1.521268037,4.113153463,9.233368896,3.787559093,0.027113915,3.569974128,13.54730127
6.26E-05,0.608602923,0.0768256,2.23E-09,32407.13042,2.32E-07,8.95E-10,1.12E-18,9.17E-07,0.356694749,0.719764658,1.538344347,3.455931999,4.204376161,1.090814343,4.516553094,14.86041817
9.15E-05,0.714997318,0.077099672,3.75E-09,48294.6029,4.85E-09,2.03E-09,1.69E-18,3.50E-07,0.818005956,2.141176569,9.12690338,11.08572192,0.020094587,3.81E-11,2.769650551,12.47064315
7.99E-05,0.819220774,0.011969619,1.61E-09,32658.45525,8.74E-08,3.69E-10,3.86E-18,9.09E-07,0.26339691,0.621744124,1.683112593,6.382373351,4.826322116,0.016005761,3.560915766,13.47714472
4.43E-05,0.787915672,0.064246541,2.98E-09,42541.98305,4.01E-08,2.58E-09,1.35E-18,6.72E-07,0.811986875,2.023869871,6.048865687,11.50380432,1.893100845,0.000116058,3.29004034,13.17163089
1.51E-05,0.668638256,0.064374375,1.52E-09,18703.66858,3.43E-07,2.47E-09,1.60E-18,3.74E-07,1.103661464,2.484358575,6.217429554,8.639476021,2.126475467,0.006681318,3.40461501,13.35747622
2.27E-05,0.653609666,0.028581143,1.57E-09,12051.97912,2.12E-07,2.01E-09,1.23E-18,7.19E-07,1.229505118,2.473705986,5.297948383,7.427223494,2.834435603,0.134760896,4.258608399,14.52211386
2.71E-05,0.555521506,0.058146301,1.75E-09,11773.33664,2.94E-07,2.92E-09,2.16E-18,7.09E-07,2.526611298,9.642718538,12.9539317,2.576959385,0.000286916,3.08E-15,1.634124307,11.17450915
7.95E-05,0.688401519,0.045299745,4.33E-09,30512.16993,1.83E-07,2.18E-09,1.81E-18,5.66E-07,4.463280052,14.87547449,3.503450417,0.006542608,3.22E-09,1.71E-32,0.481730444,9.921135858
5.69E-05,0.577097078,0.071809176,3.33E-09,17262.9773,1.09E-07,1.31E-09,2.14E-18,9.06E-07,1.717272942,13.61405069,9.47964851,0.09350114,1.35E-07,1.06E-29,0.78537223,10.26104316
2.60E-05,0.698422778,0.0411701,4.11E-09,41921.88467,1.05E-07,6.76E-10,3.13E-18,6.44E-07,0.828828016,10.12310389,5.275782413,0.00622149,1.66E-09,1.57E-32,0.389380564,9.892062311
8.98E-05,0.878838592,0.030902446,1.03E-09,49836.56516,2.77E-07,1.34E-09,1.18E-18,5.71E-07,0.287327366,0.604593415,1.338612559,3.055127303,4.620109885,2.610386823,6.219580095,17.23261827
8.27E-05,0.501758553,0.027117742,2.06E-09,24296.44614,3.99E-07,1.59E-09,1.44E-18,4.92E-07,0.7134935,1.439482791,3.130445586,5.444275105,2.343069505,0.111662528,3.840622586,13.91170161
5.83E-05,0.714393629,0.046425923,2.16E-09,19370.99189,1.43E-07,2.15E-09,3.03E-18,2.66E-07,2.463138397,16.49777399,9.543355297,0.047300415,1.81E-08,2.03E-31,0.828051745,10.24769842
2.42E-05,0.759110327,0.079480224,7.23E-10,20947.97555,2.78E-07,3.97E-10,1.58E-18,5.82E-07,0.246086351,0.469723578,0.921250075,1.983722144,3.435303696,2.576883523,6.816444019,18.17191005
5.77E-05,0.681582499,0.034065347,3.17E-09,40702.41693,3.39E-07,1.61E-09,3.14E-18,5.94E-07,4.394729445,12.84355188,2.115910445,0.001276342,3.27E-10,5.48E-34,0.324181356,9.784683518
8.18E-05,0.895916065,0.070703837,2.90E-09,27635.43926,9.08E-08,2.63E-09,3.21E-18,6.46E-07,10.54699491,17.77844828,0.53706691,1.64E-06,8.14E-27,0,0.108794568,9.504129194
6.65E-05,0.523227879,0.0274011,8.37E-10,11816.5694,2.14E-07,6.83E-10,2.36E-18,9.10E-07,0.765083987,1.362332945,2.157186157,2.9736036,2.826487505,0.982514845,6.880006434,18.25156199
7.26E-05,0.681938915,0.039357894,2.51E-09,36933.67059,1.81E-07,1.89E-09,2.57E-18,7.25E-07,0.95129456,4.983605661,12.91249834,2.359003632,0.000566916,1.34E-13,1.595594557,11.06041672
3.05E-05,0.883420531,0.032715158,1.46E-09,24429.31336,7.58E-08,2.46E-09,3.65E-18,6.92E-07,1.545790072,5.061531404,17.71576877,4.451918021,0.000241413,6.96E-24,2.093668211,11.66385153
9.09E-05,0.54647408,0.029965826,3.44E-09,43156.34267,1.60E-07,1.77E-09,3.54E-18,7.02E-07,9.810670734,11.53767411,0.129664444,1.07E-05,5.23E-08,2.47E-30,0.398636865,9.753367044
3.68E-05,0.839457387,0.037980433,1.77E-09,33940.15435,1.39E-08,2.65E-09,2.63E-18,5.05E-07,1.158826337,2.936981203,9.426261241,13.34188046,0.408986195,2.33E-08,3.232266267,13.06170103
3.27E-05,0.508142601,0.02942612,2.51E-09,48016.28246,8.19E-08,4.32E-10,2.69E-18,3.16E-07,0.236002685,0.510183652,1.232670439,4.481554487,3.763992868,0.117336607,3.113494914,12.95273902
8.92E-05,0.786705369,0.066298634,3.34E-09,10179.74861,3.46E-07,2.41E-09,3.20E-18,4.68E-07,4.445043537,0.000950379,9.87E-09,5.07E-29,0,0,0.115119139,9.34648839
3.36E-05,0.560105432,0.014066795,1.49E-09,20786.39871,1.22E-07,9.39E-10,1.86E-18,4.90E-07,0.643310938,1.195696927,2.104683097,3.620137508,3.618399673,0.790140016,5.621066024,16.35523703
7.78E-05,0.835483122,0.048310316,1.74E-09,22009.27001,2.71E-07,2.95E-09,2.11E-18,2.56E-07,1.456823284,4.144654169,13.51893669,6.999175692,0.079175213,1.25E-07,2.436303008,12.07962402
8.67E-05,0.542351412,0.051498358,2.74E-09,7172.704998,6.84E-08,1.67E-09,2.40E-18,3.87E-07,11.51821806,23.69834294,2.035533289,3.02E-05,4.30E-08,1.91E-30,0.409671698,9.743198872
6.43E-05,0.704528224,0.020154305,4.80E-09,34970.57935,2.51E-07,1.10E-09,1.42E-18,8.27E-07,0.618431789,3.731459159,9.835964565,1.979209273,0.004751744,1.05E-09,1.324056375,10.7334468
9.51E-05,0.870433465,0.073647236,2.57E-09,25361.70641,1.72E-07,1.45E-09,1.91E-18,2.54E-07,0.835653316,2.350633968,10.23320253,7.265837569,0.117233926,2.47E-07,2.202902608,11.7941057
3.13E-05,0.588100261,0.043524862,4.48E-09,36184.24277,3.41E-08,2.45E-09,3.53E-18,6.46E-07,19.7203545,0.856372677,2.59E-09,1.02E-30,0,0,0.000115629,9.221636929
5.53E-05,0.540979153,0.056893427,2.35E-09,31007.74538,2.21E-07,5.20E-10,3.75E-18,5.47E-07,0.428174645,1.889854381,9.641509835,3.425577948,0.003556499,1.35E-07,1.451207398,10.88618886
2.46E-05,0.87164164,0.050020127,2.26E-09,32467.1728,3.79E-07,2.09E-09,2.07E-18,4.20E-07,0.883903795,2.778736946,10.90988909,5.58624298,0.069797319,2.70E-07,1.824537764,11.35336769
2.01E-05,0.792242995,0.053719228,1.07E-09,49703.93033,1.48E-07,2.73E-09,3.34E-18,3.17E-07,0.698805694,1.653379132,4.416319098,9.959800486,3.894166885,0.008147691,3.869739422,13.93166976
1.89E-05,0.695116001,0.024377249,3.11E-09,40061.26982,7.85E-08,3.39E-10,2.61E-18,5.49E-07,0.227543015,0.571554568,2.301904269,7.729324806,1.713592501,9.44E-05,2.24935822,11.85773627
5.64E-05,0.854858146,0.033347514,5.00E-09,48403.13095,3.08E-07,3.32E-10,1.61E-18,5.06E-07,0.171624097,0.45640042,2.792652769,5.66761922,0.671496922,0.00052676,1.558380807,11.01411706
2.70E-05,0.674702159,0.02201794,3.21E-09,25095.99357,5.30E-08,7.06E-10,1.20E-18,9.27E-07,0.4301637,0.940539498,2.343857835,6.222570361,4.862022482,0.218732305,3.926440936,14.02976093
8.10E-05,0.635014153,0.032253638,4.76E-09,34537.15036,4.91E-08,2.99E-09,3.35E-18,6.66E-07,11.17369336,0.000546774,1.87E-11,1.26E-33,0,0,0.308947497,9.559093912
5.75E-05,0.646126178,0.043636449,3.17E-09,37356.68524,1.18E-07,1.46E-09,3.09E-18,6.29E-07,1.802270654,13.55232316,5.817480848,0.0066674,1.28E-09,4.03E-33,0.574710645,9.960910382
4.13E-05,0.886598259,0.033216142,3.84E-09,23180.93679,3.87E-07,2.81E-09,3.12E-18,4.59E-07,7.921171445,0.007157332,3.30E-07,4.24E-20,0,0,3.03E-05,9.224394265
6.49E-05,0.648366579,0.076037146,4.66E-09,26542.13516,2.98E-07,2.12E-09,1.90E-18,5.64E-07,12.49182325,9.865499656,0.157890491,4.31E-05,1.33E-15,0,0.066195192,9.520215147
6.35E-05,0.889352128,0.071540887,3.79E-09,44954.02791,8.97E-08,1.87E-09,1.70E-18,5.59E-07,0.779831719,3.140638079,12.1720629,3.889157035,0.004257886,1.25E-11,1.6136423,11.10739297
3.86E-05,0.526760351,0.036398471,2.04E-09,22089.66311,3.34E-08,1.54E-09,1.74E-18,6.38E-07,1.043065931,1.895388741,3.113771327,4.574402933,3.041501357,0.218210179,4.848694993,15.259296
9.06E-05,0.836918078,0.052919043,3.86E-09,8567.595119,2.30E-07,1.93E-09,3.56E-18,4.03E-07,0.005445597,1.48E-08,3.46E-21,0,0,0,0.173406571,9.41033493
2.07E-05,0.719680145,0.073997757,2.64E-09,12502.26084,1.61E-07,3.20E-10,2.80E-18,7.36E-07,0.551303727,2.029478091,10.36505306,4.37957642,0.009543152,7.23E-10,1.544577568,11.03857288
5.28E-05,0.728835751,0.066931574,2.42E-09,46512.90404,4.73E-08,2.44E-09,2.29E-18,4.45E-07,0.879756756,2.394203246,10.39790647,9.209807708,0.061159409,5.59E-09,2.4596717,12.10770299
3.78E-05,0.573671744,0.056792193,4.53E-09,47041.73275,1.10E-07,5.86E-10,3.97E-18,8.43E-07,4.909767659,10.31183863,0.232731343,3.98E-08,3.32E-29,0,0.034933925,9.437995448
7.31E-05,0.724922611,0.048566192,3.15E-09,8102.149227,2.18E-08,3.62E-10,2.12E-18,9.61E-07,0.879110474,2.502856326,13.20906359,6.388421642,0.001210125,1.92E-13,2.289483457,11.88021971
9.35E-05,0.540624482,0.010768144,3.78E-09,37756.72574,2.06E-07,9.22E-10,2.17E-18,8.90E-07,0.577818209,4.151207382,10.1115935,1.472861695,0.000546576,2.66E-08,1.517441327,11.01634342
1.69E-05,0.737582699,0.028137082,2.67E-09,10825.05524,1.66E-07,7.03E-10,2.72E-18,4.35E-07,1.417207265,11.91267501,10.04188099,0.157418582,4.93E-07,1.35E-28,0.768184302,10.30839513
2.41E-05,0.545839466,0.065101671,4.84E-09,16134.95398,9.06E-08,1.06E-09,2.27E-18,2.86E-07,14.74562304,9.83043564,0.039720456,4.70E-06,4.15E-26,0,0.003974971,9.383102431
5.44E-05,0.634181948,0.074814317,3.72E-09,35481.39119,1.85E-07,1.97E-09,2.45E-18,2.65E-07,4.932440469,14.55397485,2.572424782,0.001155295,1.11E-10,4.47E-35,0.225967384,9.761294172
7.03E-05,0.757072138,0.065970874,1.05E-09,14283.06786,2.03E-08,2.69E-09,2.65E-18,6.22E-07,1.783952708,3.363442161,7.02739494,9.874567007,2.646223651,0.007246573,4.783196415,15.0690681
3.09E-05,0.69047131,0.052025746,3.68E-09,24391.81623,1.49E-07,9.34E-10,2.41E-18,9.59E-07,1.152465979,11.26280761,7.419067901,0.064426865,1.72E-07,3.05E-29,0.557900078,10.11595396
4.01E-05,0.766275808,0.078062358,3.33E-09,42752.7778,2.65E-07,2.64E-09,2.84E-18,5.92E-07,8.14373465,13.76198067,0.599031736,8.59E-05,5.81E-15,0,0.045085119,9.600554948
2.31E-05,0.635628155,0.063903172,3.75E-09,47860.63019,3.08E-07,7.62E-10,1.31E-18,5.61E-07,0.269377612,0.665999368,2.131067137,6.506292503,2.541765008,0.020855838,2.383687728,12.03511823
2.90E-05,0.703699509,0.058548228,2.92E-09,19691.29413,8.36E-08,1.83E-09,1.04E-18,5.85E-07,0.943009651,2.196570454,5.95768378,9.609208702,2.175199535,0.00185649,3.425777681,13.37404072
7.09E-05,0.716767716,0.043042679,2.96E-09,34191.3357,1.03E-07,2.93E-09,1.14E-18,3.09E-07,0.922256366,2.308762446,7.000877936,9.969099611,1.392481134,0.000330757,3.212369995,13.06745677
6.37E-05,0.574735113,0.051174599,3.41E-09,41358.51142,1.46E-08,2.63E-09,3.42E-18,5.78E-07,7.588601278,19.69185046,1.147817835,1.40E-05,3.62E-25,0,0.253359113,9.498735282
8.90E-05,0.761874135,0.037747776,3.68E-09,45732.04899,1.67E-08,6.72E-10,2.77E-18,9.33E-07,0.440371281,1.270359608,10.19986042,5.013556429,0.000200975,3.73E-15,1.915639437,11.4166492
3.23E-05,0.512226203,0.068173705,8.83E-10,23584.24327,1.55E-07,1.86E-09,2.13E-18,4.84E-07,0.973314711,1.692891011,2.561205518,3.205827685,2.650376506,0.808280464,5.962446198,16.90031758
7.09E-05,0.55501294,0.023159758,2.92E-09,10949.91447,8.53E-08,3.88E-10,1.87E-18,4.48E-07,0.60167889,1.485525511,6.018863492,7.873953068,0.891162777,2.43E-06,2.839147673,12.57405303
8.97E-05,0.721237217,0.039489283,1.96E-09,16917.47553,3.89E-07,2.37E-09,2.25E-18,9.96E-07,1.788659332,8.128674905,14.51148921,1.870719986,0.001033906,1.20E-12,1.681699714,11.16358787
1.59E-05,0.869523643,0.047734956,2.04E-09,7101.648825,3.10E-07,4.39E-10,1.32E-18,9.63E-07,0.630327438,1.503656599,3.997641275,8.19101522,3.898388959,0.078734061,3.439024467,13.39387458
8.41E-05,0.691535349,0.045745389,2.65E-09,19342.78607,3.54E-07,2.51E-09,3.07E-18,8.12E-07,16.53186242,10.56033829,0.119003602,4.65E-06,8.23E-26,0,0.240771903,9.600670239
1.20E-05,0.56923334,0.075736979,1.02E-09,15096.27201,3.54E-07,2.89E-09,2.97E-18,4.74E-07,1.692939424,3.599839349,8.27555236,6.813987524,0.818116465,5.80E-07,2.987772802,12.80414337
8.32E-05,0.772922855,0.072265756,3.43E-09,26337.31429,3.51E-08,1.74E-09,1.13E-18,8.26E-07,0.842558564,2.10092328,6.284028305,11.32616501,1.789343428,0.000117944,3.402480282,13.31093186
8.07E-05,0.532281491,0.05731991,4.02E-09,45107.06789,2.40E-07,2.71E-09,2.26E-18,6.71E-07,6.629204678,14.08448277,1.04733004,0.000415396,1.09E-07,9.50E-30,0.278225088,9.745611253
6.60E-05,0.559280143,0.027707705,1.41E-09,15178.43856,3.08E-07,2.83E-09,3.92E-18,9.78E-07,4.021293131,19.53939776,8.65822292,0.034764825,7.69E-08,2.94E-30,0.943485649,10.3102209
6.93E-05,0.750413625,0.054787335,2.72E-09,49629.77992,3.03E-07,8.66E-10,1.64E-18,4.44E-07,0.284592283,0.683788755,1.905070039,6.129934828,3.762890443,0.069888319,2.978277749,12.77553561
1.76E-05,0.773337727,0.071098238,4.71E-09,17551.29817,2.74E-08,2.78E-09,2.50E-18,6.98E-07,24.84293552,0.782357966,8.37E-08,2.77E-28,0,0,0.000127262,9.221294527
7.53E-05,0.541430118,0.04390763,3.97E-09,16071.75454,3.81E-08,2.04E-09,2.13E-18,4.34E-07,10.25802893,20.79524849,1.073874043,1.24E-05,9.15E-08,8.18E-30,0.341643305,9.673740282
7.62E-05,0.623917747,0.047499967,4.66E-09,21791.93836,3.41E-07,1.35E-09,3.20E-18,2.97E-07,7.165771751,0.002637924,3.70E-08,4.12E-21,0,0,0.216204075,9.457262222
4.26E-05,0.640546915,0.068449933,2.48E-09,14637.25115,3.32E-07,2.30E-09,2.18E-18,5.95E-07,3.65615894,16.82863056,7.386930077,0.072872695,3.26E-07,4.75E-29,0.561750349,10.12185127
3.60E-05,0.897418252,0.053476199,4.27E-09,41382.21044,1.35E-07,8.17E-10,1.17E-18,5.93E-07,0.335204495,0.834900072,2.739862585,7.663395854,2.361739755,0.007109709,2.546748908,12.2373067
9.22E-05,0.589808576,0.015218569,4.79E-09,23012.07727,2.70E-07,2.05E-09,3.30E-18,9.89E-07,1.558132738,2.99E-06,4.74E-12,1.15E-33,0,0,0.463014753,9.728678882
6.52E-05,0.834412348,0.078088405,1.85E-09,21062.94948,3.20E-07,1.96E-09,1.45E-18,2.73E-07,0.879140828,2.168017809,5.895903615,9.80911068,2.453756997,0.010071306,3.234753557,13.12030244
4.12E-05,0.537437104,0.048201208,6.79E-10,22799.09372,3.82E-08,7.85E-10,1.88E-18,3.46E-07,0.598498589,1.056373861,1.669333216,2.185584405,2.249044391,1.366588858,9.009249679,21.4070949
3.40E-05,0.903630966,0.04018364,1.45E-09,28728.50814,2.20E-07,1.74E-09,1.90E-18,3.93E-07,0.65997392,1.548258874,4.012097044,8.465875046,4.871979286,0.1473766,3.955080657,14.06442467
9.65E-05,0.628987025,0.034580446,2.35E-09,38704.69013,2.34E-07,1.90E-09,1.64E-18,5.41E-07,0.617983023,1.500414373,4.749534228,8.596928684,1.789415195,0.001548586,3.176326503,13.00737573
7.21E-05,0.785605857,0.017829015,6.16E-10,34994.58258,1.46E-07,1.72E-09,1.56E-18,8.82E-07,0.508917923,0.92387278,1.697240385,3.332070062,4.358105005,2.179926993,7.61757374,19.20117235
6.31E-05,0.552662908,0.066504977,4.54E-09,33997.95476,5.40E-08,6.20E-10,2.27E-18,6.14E-07,0.540535451,4.24684073,10.85472807,1.267595852,1.41E-05,3.34E-08,1.150629555,10.54099897
1.53E-05,0.699471727,0.066114603,3.42E-09,6587.665638,1.53E-07,2.00E-09,2.24E-18,3.47E-07,25.42892697,3.384821358,0.001251153,2.20E-10,8.25E-34,0,0.000490259,9.245124834
5.08E-05,0.603044799,0.05948507,2.42E-09,14447.29807,2.00E-08,2.72E-09,3.11E-18,3.85E-07,8.659842037,26.75779371,3.124106081,2.33E-06,5.07E-27,0,0.304242655,9.588073786
1.49E-05,0.65990773,0.060227219,2.18E-09,41018.94478,9.48E-08,3.80E-10,3.64E-18,9.23E-07,0.246191173,0.614370931,2.294684383,8.132035899,1.858132886,7.06E-05,2.379885502,12.01613813
6.02E-05,0.656743685,0.05994721,7.45E-10,19584.30026,1.82E-07,1.36E-09,2.57E-18,9.68E-07,0.788878663,1.427429016,2.482958208,4.280027182,4.09986422,1.082584743,5.965060135,16.82752282
7.49E-05,0.686548905,0.034475208,9.47E-10,29868.2585,3.27E-07,2.19E-09,1.78E-18,6.31E-07,0.674591613,1.289332233,2.62099762,4.988873402,4.378627386,0.964618256,5.520972431,16.22205907
4.07E-05,0.831273218,0.063899172,4.62E-09,24154.59424,1.99E-07,1.78E-09,1.81E-18,8.00E-07,6.931693557,14.73356337,1.240097809,0.000705068,7.84E-13,4.40E-42,0.092681478,9.682318844
4.53E-05,0.79832784,0.072899436,2.08E-09,35563.35682,3.05E-07,1.26E-09,2.15E-18,2.94E-07,0.514974103,1.317833264,4.644364689,8.882379708,1.53725177,0.000903314,2.558955332,12.25174053
5.01E-05,0.573200662,0.071490755,1.78E-09,37985.29915,3.61E-07,2.22E-09,2.62E-18,2.50E-07,0.802244239,2.154505278,8.693894622,7.220512417,0.166216086,1.01E-06,2.18816462,11.78655338
3.74E-05,0.721582961,0.012404225,2.46E-09,41087.57162,2.62E-08,2.76E-09,3.75E-18,7.81E-07,1.910923908,18.23393911,7.901482727,0.000221332,5.04E-15,0,0.628248733,9.994151561
7.75E-05,0.847564584,0.062718969,2.12E-09,20522.37934,2.21E-07,1.36E-09,1.75E-18,6.66E-07,0.797667685,2.05566824,6.699563434,9.862675762,1.234771402,0.000293167,2.86345827,12.62634842
8.70E-05,0.78979817,0.047270823,3.52E-09,31544.14535,2.93E-07,2.72E-09,2.99E-18,8.32E-07,17.29420207,4.276688958,0.003426837,1.16E-08,4.74E-30,0,0.204634305,9.488702505
5.09E-05,0.779689548,0.04799992,3.10E-09,31663.56818,1.39E-07,2.20E-09,2.32E-18,7.79E-07,1.523281521,12.66711357,9.609485741,0.12508451,3.38E-07,6.65E-29,0.780002234,10.27702451
3.25E-05,0.873880241,0.043163696,1.21E-09,25444.67549,2.47E-07,4.30E-10,1.99E-18,5.49E-07,0.245070459,0.530135286,1.218382559,2.960698359,4.91112665,2.547505033,5.330371101,15.973282
1.14E-05,0.70709111,0.03101364,2.45E-09,15505.31332,1.30E-07,1.36E-09,1.30E-18,3.50E-07,0.913424118,2.212824958,6.345877624,9.826479327,1.775853213,0.000981166,3.193195919,13.06969799
7.39E-05,0.593961787,0.022487637,2.57E-09,15877.08208,2.54E-07,1.77E-09,2.83E-18,3.04E-07,6.765927497,17.39374157,2.870386638,0.001527217,1.88E-12,2.44E-41,0.560715027,9.96161298
8.51E-05,0.67168187,0.059361672,2.39E-09,37071.06944,1.00E-07,2.06E-09,2.35E-18,5.90E-07,0.917331799,2.734318119,12.41309912,6.273732598,0.01712001,1.17E-09,2.220705883,11.80659688
4.66E-05,0.86215888,0.036761288,1.31E-09,26599.00016,1.34E-08,2.50E-09,3.17E-18,9.30E-07,1.276045119,3.158244395,9.043840707,14.35485946,0.849272723,1.47E-07,3.609249762,13.53362309
8.31E-05,0.652612418,0.06349006,2.45E-09,32528.76993,3.77E-07,9.06E-10,3.97E-18,6.38E-07,1.026262957,10.29583819,6.262736983,0.050113074,2.59E-07,8.91E-29,0.637092939,10.04017452
6.55E-05,0.549105576,0.023415767,3.16E-09,34778.48414,1.90E-07,1.69E-09,1.77E-18,2.98E-07,0.786682129,2.849626667,11.21463292,4.514587687,0.022946248,3.96E-08,1.968140646,11.49289409
2.88E-05,0.838274038,0.064745345,2.09E-09,34684.17596,3.22E-07,2.87E-09,2.09E-18,8.01E-07,1.065871479,3.304259119,12.06603215,5.780330102,0.057231666,9.83E-08,1.939048285,11.48861855
9.80E-05,0.77900124,0.037213632,8.34E-10,17803.49514,1.64E-07,2.53E-09,2.38E-18,7.75E-07,1.158544464,2.323185223,5.136308825,8.332134935,4.265143096,0.265545331,5.298439285,15.84084485
4.60E-05,0.863954864,0.011338395,2.20E-09,19436.26293,2.24E-07,1.49E-09,1.88E-18,3.43E-07,0.96129034,2.634449592,9.80001981,8.405956103,0.247251903,2.50E-06,2.361855151,11.9955785
9.42E-05,0.655749013,0.069524785,1.46E-09,26288.06567,3.09E-07,1.90E-09,2.65E-18,5.21E-07,0.865097825,2.185669447,7.383477969,9.109629064,0.9237847,3.86E-05,2.907935269,12.68327716
5.41E-05,0.732610311,0.077221199,2.97E-09,17313.77751,8.95E-08,7.54E-10,1.57E-18,6.78E-07,0.648866013,1.676633109,6.047449318,9.961432261,1.127444688,4.54E-05,2.70169784,12.42435388
4.63E-05,0.529357551,0.027646168,2.96E-09,18564.40708,2.13E-07,1.16E-09,2.63E-18,6.77E-07,2.27565172,14.04198857,6.311568653,0.033212189,5.74E-07,1.87E-10,0.646552364,10.06330257
8.06E-05,0.770729862,0.02065581,2.50E-09,35379.25431,2.97E-07,2.14E-09,3.56E-18,9.42E-07,5.085404266,15.00048751,2.707621859,0.001113292,8.50E-11,2.40E-35,0.522672984,9.926067843
7.20E-05,0.803535065,0.013609074,1.11E-09,26402.82454,2.60E-07,4.61E-10,1.21E-18,6.76E-07,0.218334182,0.440479285,0.944893326,2.175485871,3.787834589,2.692935237,6.395605986,17.49495785
8.62E-05,0.906114151,0.012799176,9.30E-10,44688.54118,3.31E-07,2.62E-09,2.81E-18,8.24E-07,0.638104193,1.474281747,3.738167483,7.971915451,5.483264604,0.314384113,4.566749677,14.83515429
3.94E-05,0.566625726,0.044154767,1.84E-09,28104.96948,3.57E-07,6.91E-10,3.69E-18,7.72E-07,0.492998515,1.4577809,8.619171022,5.765472518,0.067183956,1.23E-07,1.735724734,11.23059117
2.29E-05,0.530584804,0.042453788,7.52E-10,17720.58616,7.36E-08,8.04E-10,2.02E-18,6.60E-07,0.702807631,1.23696036,1.922077806,2.470756792,2.44792944,1.246230839,8.011228581,19.95866645
2.04E-05,0.905113987,0.042921534,2.44E-09,37256.57885,2.23E-08,1.92E-09,3.72E-18,6.34E-07,1.356762752,10.89285537,13.52613693,0.014615941,7.69E-10,7.81E-34,0.996068288,10.39765963
6.20E-05,0.686083839,0.021834849,3.86E-09,39637.9321,2.64E-07,2.10E-09,3.29E-18,9.48E-07,15.38162349,3.460903098,0.000734101,1.16E-09,1.67E-31,0,0.245903613,9.519585723
6.72E-05,0.7014081,0.029898598,2.93E-09,21565.1998,1.92E-07,1.65E-09,2.13E-18,8.68E-07,1.401495992,9.482621402,12.07078556,0.528852841,1.98E-05,1.17E-25,1.215057201,10.618154
2.25E-05,0.558799678,0.051613401,8.19E-10,35454.04937,1.77E-07,1.09E-09,1.27E-18,8.66E-07,0.441372163,0.792156464,1.292072637,1.907382532,2.417692355,1.585432214,7.248124887,18.83161027
2.66E-05,0.751712615,0.045838302,4.09E-09,16188.61867,2.04E-07,2.04E-09,1.38E-18,4.27E-07,2.961260458,15.03760865,7.525321472,0.101928557,1.29E-06,7.21E-28,0.573292418,10.14352029
8.99E-05,0.865439751,0.038095866,2.31E-09,7714.165691,2.88E-07,2.17E-09,2.10E-18,6.01E-07,7.104887636,20.97480363,5.549934984,0.017126979,5.73E-09,1.61E-32,0.658221026,10.04028012
8.36E-05,0.737969316,0.031378542,2.32E-09,27531.11798,3.30E-07,2.79E-09,3.23E-18,7.37E-07,6.65111426,16.80607729,2.60653645,0.001448527,2.10E-12,3.06E-41,0.487522729,9.905377051
4.45E-05,0.627186651,0.018123309,2.72E-09,41201.83236,2.22E-07,2.53E-09,1.64E-18,7.01E-07,0.817128689,2.270122921,9.236353384,7.512146234,0.204333883,2.69E-06,2.267855689,11.87058255
8.57E-05,0.512154444,0.014326118,2.62E-09,33689.4623,2.23E-07,2.17E-09,2.05E-18,5.50E-07,0.9769645,3.827183611,11.13378267,3.950103341,0.007087294,1.34E-08,2.14088067,11.69987678
9.20E-05,0.85908924,0.051278019,2.31E-09,23534.26583,9.39E-08,1.60E-09,2.56E-18,3.15E-07,1.161207942,4.612275364,15.01106827,3.613171338,0.000539978,5.58E-14,1.940852236,11.47133832
6.82E-05,0.828774809,0.057042551,1.97E-09,43562.54145,1.91E-07,1.50E-09,3.06E-18,5.00E-07,0.621311646,1.739414608,8.893889436,7.375239232,0.107086149,8.85E-08,2.100615353,11.66723202
2.77E-05,0.825590744,0.045969245,9.11E-10,43711.23314,1.22E-07,2.96E-09,2.59E-18,5.51E-07,0.715562633,1.499400533,3.494774316,7.14986199,5.808059402,0.630752067,5.177606065,15.70226284
3.18E-05,0.655403443,0.073507561,2.27E-09,41182.27512,3.87E-07,1.34E-09,3.36E-18,4.71E-07,0.718313555,5.076655165,10.82731194,1.222934342,0.000291301,4.15E-14,1.0137817,10.51140571
1.12E-05,0.61412648,0.017684954,4.40E-09,26136.89867,2.88E-07,1.04E-09,3.88E-18,4.22E-07,9.284356961,0.009520417,1.77E-08,1.41E-21,0,0,8.21E-05,9.229201134
9.47E-05,0.790089689,0.015961918,2.71E-09,33854.69675,9.55E-08,1.01E-09,2.77E-18,3.01E-07,0.648668352,2.45139351,11.7967202,4.110325699,0.001761894,1.17E-12,1.985172879,11.50318133
3.80E-05,0.528992135,0.05317039,2.37E-09,49368.70141,1.91E-07,2.41E-09,2.82E-18,7.59E-07,0.940446064,5.246717291,12.81319685,2.076897177,0.00030789,2.26E-08,1.356539022,10.83221488
2.34E-05,0.708534016,0.044859459,3.82E-09,12832.95262,1.77E-07,5.38E-10,3.80E-18,8.82E-07,15.24012412,3.400400492,9.42E-05,2.62E-11,3.32E-34,0,0.00068322,9.271171633
5.94E-05,0.741423056,0.035580533,1.86E-09,42385.39476,2.81E-07,2.31E-09,3.45E-18,2.53E-07,1.00836578,5.480940746,13.04478241,2.089313292,0.000359162,3.54E-14,1.481642039,10.93209295
9.08E-05,0.88909312,0.060602068,1.88E-09,38535.09056,2.09E-07,1.37E-09,1.99E-18,9.55E-07,0.485284658,1.164855714,3.184508903,8.204076285,3.968475322,0.038432324,3.517332984,13.46652889
1.97E-05,0.596340971,0.065418238,2.80E-09,15418.08322,3.13E-08,6.55E-10,3.22E-18,5.29E-07,1.100504614,7.94041379,14.32009706,0.254230642,2.59E-08,5.43E-31,1.097873968,10.5332988
4.96E-05,0.567278468,0.027455683,4.07E-09,10723.7773,1.98E-07,1.88E-09,2.56E-18,3.24E-07,13.47817453,0.065868031,2.56E-06,1.71E-18,0,0,0.18746958,9.425750377
6.04E-05,0.859313065,0.035892372,4.89E-09,20718.99595,3.73E-07,1.43E-09,3.45E-18,3.65E-07,1.112016395,1.33E-06,3.41E-12,1.26E-33,0,0,0.107220325,9.337841948
9.48E-05,0.801632028,0.019997662,4.88E-09,34081.15413,1.85E-07,2.20E-09,3.47E-18,7.64E-07,4.50962955,3.10E-05,1.57E-11,4.18E-33,0,0,0.374676807,9.631378924
8.69E-05,0.651929478,0.068943448,3.09E-09,41099.49726,1.30E-08,4.52E-10,3.49E-18,3.05E-07,0.357098118,0.980263997,7.660130913,6.687994892,0.000761156,7.08E-14,1.925229453,11.43286878
9.62E-05,0.597683884,0.04289268,3.07E-09,24714.03382,2.38E-07,2.57E-09,3.66E-18,9.58E-07,19.0711419,1.833871729,8.20E-05,1.34E-11,3.18E-35,0,0.303677176,9.553303371
1.43E-05,0.769425095,0.053752164,4.55E-09,36890.43647,3.68E-07,3.74E-10,3.14E-18,6.59E-07,1.465803172,8.544704559,2.425375785,0.002024572,6.39E-09,5.44E-31,0.179808392,9.741658524
1.26E-05,0.63813138,0.022661086,3.65E-09,42987.52115,3.10E-07,2.38E-09,3.40E-18,2.93E-07,15.3993728,3.377667702,0.000875044,1.85E-09,3.67E-31,0,0.00034045,9.306105305
1.77E-05,0.709830233,0.029276757,3.25E-09,27143.63063,1.51E-07,1.15E-09,3.24E-18,5.12E-07,4.784499898,14.35298069,2.358195667,0.000169638,1.30E-14,0,0.174680117,9.699305938
6.66E-05,0.583673357,0.010357038,3.00E-09,10474.58018,2.63E-07,9.09E-10,3.80E-18,7.35E-07,18.14975275,3.094254473,0.000361223,1.58E-10,2.74E-33,0,0.36522315,9.62097632
3.56E-05,0.509191876,0.061663568,4.72E-09,10115.65002,2.46E-07,1.73E-09,1.38E-18,8.91E-07,13.02077535,14.06338773,0.565054738,0.000402822,1.83E-08,3.74E-31,0.061064581,9.575287923
7.11E-05,0.611802247,0.030912909,2.97E-09,8373.276029,2.42E-07,2.75E-09,3.51E-18,4.64E-07,3.30683807,0.000198888,3.19E-10,1.05E-31,0,0,0.281996609,9.529482169
6.40E-05,0.853920108,0.035269259,2.30E-09,7656.646949,8.62E-08,1.15E-09,3.19E-18,6.55E-07,7.814371783,21.88759435,3.393558229,7.35E-05,4.73E-24,0,0.38261254,9.744299338
7.10E-05,0.653976958,0.05395481,1.20E-09,9405.143673,3.33E-07,2.74E-09,3.58E-18,2.96E-07,3.700164896,18.12948573,13.83684949,0.24695743,7.56E-07,1.44E-28,1.229392946,10.64557545
8.73E-05,0.725530652,0.030107772,4.75E-09,40845.98589,5.20E-08,1.90E-09,1.55E-18,8.20E-07,0.989801263,6.233953471,13.17331245,1.311860396,2.37E-05,1.58E-25,1.519704153,10.96582377
8.01E-05,0.552116906,0.074093503,4.42E-09,28455.0538,3.48E-07,1.62E-09,3.11E-18,8.42E-07,12.85458935,0.130187276,1.72E-05,1.75E-12,5.65E-36,0,0.111584623,9.347825776
8.11E-05,0.575574506,0.075455374,1.56E-09,22505.17955,3.30E-07,9.56E-10,3.71E-18,6.98E-07,0.718459079,2.177309183,10.50101913,5.93551688,0.043193131,2.83E-08,2.011023707,11.55849331
3.91E-05,0.642495532,0.019609812,2.03E-09,40373.12578,2.27E-07,1.00E-09,3.83E-18,6.42E-07,0.559213516,2.364085576,10.80294232,3.654492685,0.003169695,5.39E-12,1.50700747,10.95955307
8.94E-05,0.794590782,0.053376719,2.38E-09,40217.86641,1.16E-07,2.83E-09,2.60E-18,2.58E-07,1.25571315,6.431307686,14.73503691,2.020768724,7.75E-05,1.16E-24,1.633679621,11.11119263
8.40E-05,0.591175011,0.011533047,4.05E-09,26431.89742,2.68E-07,2.95E-09,3.43E-18,9.65E-07,4.3467457,0.000150926,4.56E-10,6.47E-31,0,0,0.455459981,9.72035091
7.47E-05,0.5498559,0.06973004,1.76E-09,49133.8386,2.27E-07,1.29E-09,3.55E-18,3.68E-07,0.49558118,1.301497921,6.270785407,7.945273622,0.356998411,1.20E-06,2.277364664,11.88333452
4.90E-05,0.676101052,0.045921988,2.34E-09,38905.56534,2.73E-07,2.66E-09,2.51E-18,5.91E-07,1.159468648,6.403479112,13.01213204,1.693772302,0.000452688,9.30E-14,1.337845427,10.78912281
9.86E-05,0.579715274,0.052997807,4.27E-09,43104.71679,2.59E-07,1.77E-09,3.49E-18,3.12E-07,14.26226985,1.256027295,1.45E-05,5.68E-12,4.87E-35,0,0.254640189,9.49944273
4.84E-05,0.568999747,0.059768288,2.79E-09,14147.35185,2.25E-10,2.11E-09,3.59E-18,7.06E-07,16.26251699,22.14594355,0.000956437,1.08E-05,2.69E-25,0,0.071141928,9.30272201
1.27E-05,0.564495705,0.033877106,4.72E-09,8492.739665,1.84E-07,2.00E-09,3.02E-18,9.15E-07,0.000344097,7.02E-10,9.06E-23,0,0,0,6.65E-06,9.220618709
6.29E-05,0.60249932,0.070809721,4.58E-09,45036.76953,3.77E-07,8.28E-10,2.23E-18,7.94E-07,0.73723549,8.168080993,5.196401466,0.063666508,5.11E-06,3.09E-26,0.483545533,9.979613065
7.36E-05,0.835904512,0.049105863,2.61E-09,21864.44769,3.88E-07,2.51E-09,2.00E-18,6.47E-07,1.775185721,11.15258049,11.09489782,0.461335184,6.38E-05,9.67E-25,1.039739044,10.43731274
3.35E-05,0.774525327,0.067510038,8.53E-10,39920.59522,1.81E-07,1.22E-09,2.14E-18,9.99E-07,0.382925875,0.742291195,1.520973049,3.344725776,4.712223693,2.19302052,6.187961746,17.17537362
2.06E-05,0.61960654,0.040493102,4.18E-09,27562.64921,3.36E-07,9.44E-10,2.06E-18,5.67E-07,1.389218865,10.37312424,5.437619155,0.059959928,1.99E-06,3.85E-27,0.411575642,10.0101745
2.94E-05,0.56822182,0.021001718,3.35E-09,42100.63592,3.88E-07,7.86E-10,2.42E-18,7.34E-07,0.436443821,2.746191564,8.871431415,2.148324535,0.00524361,1.56E-09,1.035664554,10.50737918
9.63E-05,0.689714292,0.04920664,1.67E-09,47219.06739,3.06E-07,1.28E-09,1.80E-18,7.98E-07,0.355093765,0.77268116,1.898175362,4.758534407,5.088095962,0.661844426,4.311158343,14.53019461
5.17E-05,0.736877906,0.055978086,3.36E-09,30320.20872,3.14E-07,4.51E-10,3.44E-18,7.39E-07,0.525987356,7.895875481,5.951490517,0.056958317,6.39E-07,6.84E-28,0.490835005,9.996917776
2.45E-05,0.633598169,0.037070119,1.37E-09,12146.10843,3.23E-07,2.71E-09,3.88E-18,9.66E-07,5.091799221,21.10301169,7.665984851,0.019402864,3.52E-09,6.45E-33,0.569278035,10.09390113
8.94E-05,0.595165327,0.016973654,2.09E-09,15823.92105,5.80E-08,2.35E-09,3.36E-18,8.49E-07,4.478097324,22.78841232,6.661526129,0.000436868,2.21E-14,0,0.936852791,10.28102205
4.93E-05,0.826727644,0.016601456,1.43E-09,18514.34107,1.08E-07,9.50E-10,2.58E-18,6.08E-07,0.685292739,1.644713075,4.435426855,10.29344861,3.792628022,0.006307918,3.792311386,13.81504198
9.93E-05,0.738801119,0.055177204,1.23E-09,6538.125383,3.66E-07,1.97E-09,3.06E-18,5.66E-07,3.290168917,13.56236293,17.08932827,1.014326671,4.40E-05,2.99E-25,1.665988779,11.15342246
7.38E-05,0.626534442,0.057497617,4.38E-09,32145.05534,5.97E-08,9.37E-10,1.19E-18,7.50E-07,0.484800722,1.228697532,4.637730222,9.003815917,1.370504393,0.000107093,2.770661353,12.49944371
7.85E-05,0.823315626,0.073133383,7.29E-10,8313.201228,2.43E-07,5.32E-10,1.37E-18,7.13E-07,0.539297902,1.046184236,2.194239811,4.509360551,5.013515466,1.906430934,6.34331681,17.43273589
3.71E-05,0.503843356,0.011164263,3.55E-09,31493.32768,3.55E-07,8.55E-10,1.38E-18,5.45E-07,0.416671128,1.052629177,4.34553996,6.64889706,1.016804398,0.000635037,2.213690162,11.81225857
2.19E-05,0.570413024,0.070126966,4.65E-09,47534.4881,3.42E-07,6.09E-10,2.20E-18,9.74E-07,0.38274081,4.159334944,7.688731248,0.447112383,0.000221018,8.86E-14,0.644705401,10.14778153
4.23E-05,0.69638269,0.077453181,1.26E-09,34253.33981,2.08E-07,1.91E-09,1.47E-18,8.77E-07,0.570719053,1.104567337,2.275040557,4.606110096,4.588151696,1.151263228,5.249872676,15.86976886
3.35E-05,0.637054978,0.021544157,1.32E-09,16360.48556,1.90E-07,5.40E-10,3.11E-18,5.81E-07,0.502623821,1.105250421,2.787206,7.186304465,3.877467923,0.051194583,3.670234164,13.69328811
8.81E-05,0.669862742,0.055042962,1.47E-09,22917.41268,2.74E-07,6.46E-10,3.87E-18,3.36E-07,0.503709438,1.32402323,5.620838953,9.149724097,0.764414542,1.07E-05,2.582566979,12.25187926
6.21E-05,0.554615287,0.039108555,1.42E-09,45357.42196,1.87E-07,1.12E-09,2.22E-18,6.91E-07,0.421151355,0.803655187,1.491460308,2.882226456,3.698726836,1.072146981,5.119714569,15.65177514
5.21E-05,0.857355669,0.046349804,4.17E-09,10951.58184,1.71E-07,2.36E-09,1.11E-18,2.86E-07,3.682439585,16.92251389,8.953408711,0.140304153,2.09E-06,1.35E-27,0.724262585,10.21359158
8.65E-05,0.839321423,0.06250769,3.70E-09,13060.88386,1.76E-07,5.48E-10,1.87E-18,5.11E-07,0.839228613,5.319098909,11.54484041,1.510086175,0.000445255,7.55E-14,1.262194042,10.67722775
2.38E-05,0.900469666,0.031603254,2.90E-09,31726.00144,5.10E-08,2.58E-09,2.66E-18,3.96E-07,1.907444775,15.96557802,9.884466482,0.012755569,1.15E-09,1.35E-33,0.729702835,10.21317588
8.23E-05,0.755559018,0.063060263,3.28E-09,22421.47295,3.47E-07,2.98E-09,2.61E-18,7.20E-07,18.60729222,6.136986125,0.02186854,3.39E-07,1.07E-27,0,0.123680256,9.442168641
8.46E-05,0.505120088,0.035746747,1.54E-09,33909.47342,1.85E-08,2.23E-09,1.96E-18,3.80E-07,1.059128089,1.85701573,2.819421089,3.462341695,2.697554941,0.622734546,6.566243321,17.58619096
1.10E-05,0.586840644,0.034237998,4.22E-09,23068.54671,2.62E-07,7.20E-10,2.84E-18,6.24E-07,7.083030699,10.85588553,0.26535345,2.13E-05,4.62E-16,0,0.020810406,9.555331751
9.50E-05,0.752455557,0.046161745,3.56E-09,42680.43364,1.67E-07,1.11E-09,2.34E-18,6.68E-07,0.628519585,4.544779901,10.65103633,1.372060401,0.000191294,1.06E-14,1.283315114,10.68743954
2.67E-05,0.810864491,0.071058593,9.52E-10,48655.17207,1.76E-07,1.20E-09,2.30E-18,8.78E-07,0.331414376,0.680250925,1.506080621,3.515417624,5.180910993,2.313761027,5.820256298,16.64773341
1.88E-05,0.500887315,0.051361,1.90E-09,11278.27905,2.47E-07,1.19E-09,1.12E-18,9.11E-07,0.997956886,1.795344421,3.05050475,4.332644591,2.599092495,0.310489076,4.266623615,14.55490989
4.22E-05,0.864588325,0.020505867,1.55E-09,30763.7006,2.62E-07,1.18E-09,3.97E-18,3.56E-07,0.698318765,2.080974253,10.65977153,6.114464844,0.032475126,6.45E-09,1.883150922,11.42046218
1.03E-05,0.848220391,0.026255983,3.00E-09,27379.26033,3.81E-07,2.33E-09,1.84E-18,9.26E-07,1.382416749,8.784104583,11.24320358,0.655556236,0.000235209,1.52E-14,0.944579506,10.45729941
8.96E-05,0.812481104,0.073878341,4.24E-09,29359.27417,9.46E-08,1.84E-09,1.59E-18,6.54E-07,1.237435207,8.579669095,12.30978393,0.583731843,1.45E-05,6.76E-26,1.108274713,10.55177515
9.69E-05,0.60078996,0.012829103,8.01E-10,39178.41134,2.37E-07,1.39E-09,2.06E-18,6.40E-07,0.488474643,0.888960971,1.503685432,2.497727339,3.199387698,1.611673244,7.416407357,18.87904408
8.13E-05,0.644475305,0.066638747,2.79E-09,7052.627515,3.52E-07,9.16E-10,3.05E-18,2.89E-07,18.20062927,7.983643878,0.04166659,6.69E-07,3.03E-27,0,0.149765809,9.481931207
4.36E-05,0.780698507,0.048626974,3.80E-09,8865.7879,2.51E-07,1.32E-09,1.23E-18,8.67E-07,2.050306996,11.62094466,11.52662045,0.526502169,0.000117148,2.70E-24,0.951635907,10.45372363
7.74E-05,0.587392938,0.052342999,1.24E-09,38874.47593,1.27E-07,2.20E-09,3.51E-18,3.27E-07,0.818937215,1.729100235,4.420449551,8.164998423,1.955474107,7.67E-05,3.572507183,13.52374469
7.14E-05,0.663126692,0.033539781,1.67E-09,35128.68822,1.37E-07,1.58E-09,3.76E-18,6.39E-07,0.830567805,2.566668551,12.49981736,5.696920511,0.005741431,1.29E-11,2.18576762,11.75522542
5.55E-05,0.754353251,0.063211744,9.65E-10,33227.27258,3.37E-07,1.03E-09,3.62E-18,4.43E-07,0.428564155,0.98242144,2.537374085,6.522984263,5.398741779,0.281909754,4.029334564,14.15765391
6.94E-05,0.731472439,0.014715216,4.47E-09,23127.61645,3.75E-07,1.81E-09,2.11E-18,7.86E-07,14.54416364,6.473354831,0.035414522,4.08E-06,1.33E-25,0,0.304804336,9.662923979
2.33E-05,0.60216383,0.017341576,6.53E-10,15642.49477,3.07E-08,2.23E-09,1.37E-18,3.98E-07,1.374286532,2.285739992,3.219764174,3.725800324,2.951405559,1.022949819,9.319796268,21.79829076
2.02E-05,0.892805019,0.034341976,2.20E-09,17439.1218,3.22E-08,2.27E-09,1.93E-18,9.87E-07,1.652117675,4.507504441,15.46351871,8.842056569,0.013412581,5.25E-11,2.714801454,12.42513372
6.27E-05,0.516718541,0.043429213,3.70E-09,29409.16664,1.01E-08,1.23E-09,3.26E-18,5.53E-07,2.549222809,18.3861205,4.127207306,1.05E-05,5.41E-07,2.16E-09,0.528921055,9.813858881
5.91E-05,0.702558494,0.075187063,4.02E-09,36032.4209,2.61E-07,1.53E-09,1.49E-18,4.78E-07,0.731956705,3.565773355,10.64447466,2.816017522,0.010134649,4.22E-09,1.327624179,10.78428192
4.51E-05,0.524609245,0.038046035,3.41E-09,41528.06532,3.72E-07,5.65E-10,2.66E-18,4.49E-07,0.354869457,2.313325753,8.296731522,2.126843734,0.004706039,7.09E-08,1.120638459,10.50266186
9.16E-05,0.538310294,0.056489937,2.58E-09,33498.67784,2.09E-07,2.47E-09,1.72E-18,5.24E-07,0.958280832,2.539405966,9.124620608,6.302233248,0.231636731,2.81E-07,2.393643932,12.02802473
4.25E-05,0.606128923,0.029132939,2.81E-09,43662.29899,3.64E-07,2.34E-09,1.26E-18,3.81E-07,0.609596641,1.508147956,4.84353531,7.970592278,1.52995926,0.002679938,2.66853106,12.38821728
1.75E-05,0.671422718,0.039791317,3.24E-09,7929.103309,3.61E-07,5.28E-10,3.86E-18,8.36E-07,16.15647741,1.521900707,9.52E-05,4.88E-11,7.41E-34,0,0.000509462,9.264779929
1.62E-05,0.797286523,0.054352901,1.91E-09,23779.60385,1.18E-07,2.40E-09,1.56E-18,2.84E-07,1.00984489,2.474230538,6.748083062,10.94449091,2.240596122,0.00176787,3.50945754,13.47406254
3.75E-05,0.747340293,0.048804236,3.02E-09,27776.5573,3.38E-07,3.01E-10,1.45E-18,3.70E-07,0.191250912,0.443446618,1.160129595,3.721213923,4.6061138,0.46187404,3.084517407,12.93386995
4.42E-05,0.530286681,0.03851258,4.42E-09,26697.69627,1.97E-07,2.32E-09,3.55E-18,5.89E-07,4.015551298,0.000159109,1.33E-05,2.98E-09,3.34E-32,0,0.124431369,9.356683484
1.82E-05,0.743938221,0.055722317,4.66E-09,31352.84137,2.61E-07,1.79E-09,1.02E-18,2.74E-07,0.789255206,2.739598949,10.12936939,4.492180673,0.058037338,7.55E-07,1.568028048,11.05407205
7.23E-05,0.52207036,0.040845082,6.09E-10,40513.62205,1.32E-07,1.50E-09,1.73E-18,2.69E-07,0.556730627,0.984074875,1.558264002,2.067350417,2.192886267,1.330915577,8.591533329,20.88269773
7.43E-05,0.818876454,0.01539017,2.51E-09,16297.04897,1.37E-07,2.08E-09,1.39E-18,6.02E-07,1.350706091,3.670508246,11.69002319,8.901373277,0.236063924,1.60E-06,2.820355795,12.54736377
5.77E-05,0.829317688,0.068851123,1.29E-09,35966.27768,1.58E-07,1.70E-09,2.21E-18,8.18E-07,0.558418313,1.276203113,3.219772703,7.290776373,5.752133993,0.377877287,4.435394349,14.7013091
7.31E-05,0.557089925,0.077726641,2.19E-09,20476.13819,3.04E-07,5.10E-10,3.18E-18,9.24E-07,0.508959153,1.728677732,9.307780344,4.868388946,0.033023716,9.66E-08,1.687404081,11.16901513
5.50E-05,0.75851402,0.036186608,3.24E-09,10561.82042,5.82E-09,6.98E-10,1.17E-18,6.26E-07,0.879956004,1.868360045,4.623250871,9.91742485,3.757470222,0.000583253,4.442987129,14.62680528
1.95E-05,0.559962386,0.01978492,4.01E-09,47290.19922,2.12E-07,7.37E-10,3.03E-18,5.62E-07,0.888855908,9.288260914,4.789915798,0.016602365,1.15E-07,8.65E-30,0.355687159,9.913010905
2.49E-05,0.71217302,0.015487091,3.50E-09,33294.44799,1.86E-07,2.82E-09,3.08E-18,4.79E-07,18.01973511,5.645766198,0.004143881,5.58E-09,1.03E-30,0,0.000708858,9.309525716
1.78E-05,0.616213777,0.048872398,1.30E-09,29042.65082,1.46E-07,5.73E-10,1.61E-18,7.87E-07,0.327323902,0.614414932,1.099933607,2.033243111,3.15462429,1.951466419,6.1834836,17.20260536
8.25E-05,0.667296265,0.067229524,4.17E-09,37169.00885,2.41E-07,1.45E-09,3.53E-18,6.91E-07,14.26454962,2.295280612,6.26E-05,3.55E-11,8.73E-34,0,0.129519549,9.386689213
4.60E-05,0.793091117,0.066409067,4.68E-09,13961.13055,6.98E-08,8.15E-10,3.66E-18,4.02E-07,12.28792451,0.005506717,1.09E-10,1.83E-23,0,0,0.000136695,9.221215019
9.12E-05,0.563471539,0.053073624,4.64E-09,49185.71176,1.29E-07,1.06E-09,3.68E-18,5.71E-07,12.07528038,5.311257594,0.000767631,1.63E-06,3.35E-27,0,0.254269619,9.529750159
2.06E-05,0.643312492,0.066562569,1.95E-09,12445.01322,3.53E-07,2.79E-09,3.08E-18,4.47E-07,11.10749741,19.97255156,1.626697845,0.000471219,9.88E-14,6.50E-44,0.121259823,9.659067759
9.56E-05,0.654416564,0.046072994,4.26E-09,39993.53294,1.95E-07,5.08E-10,2.15E-18,9.81E-07,0.336971229,1.725501712,8.326466213,2.854978838,0.007972589,2.52E-09,1.419784359,10.83681998
8.29E-05,0.780164465,0.029039495,3.03E-09,45951.16311,2.45E-07,1.95E-09,2.42E-18,8.73E-07,0.910955554,6.904654609,10.96788994,0.651117224,6.43E-05,1.25E-24,1.208953773,10.60345178
9.92E-05,0.524130509,0.054613563,2.73E-09,12196.1256,6.23E-08,1.54E-09,2.01E-18,5.18E-07,1.904425146,9.148240817,12.73475441,2.224839199,3.98E-06,5.30E-09,1.797188248,11.31042723
1.26E-05,0.560871303,0.022845537,2.70E-09,28226.73848,3.49E-07,2.61E-09,2.49E-18,6.11E-07,3.483845843,15.24690313,5.403570477,0.031060527,7.43E-08,4.39E-30,0.40424639,9.998704341
6.42E-05,0.855959081,0.062240585,1.40E-09,8290.705563,2.69E-07,2.93E-09,3.60E-18,9.76E-07,9.863692139,24.71451862,4.619727795,0.001446228,8.23E-13,4.35E-42,0.396518061,9.825687425
6.14E-05,0.634398967,0.062960205,1.32E-09,11586.2205,3.21E-07,1.14E-09,2.45E-18,6.22E-07,1.023552939,2.372930607,6.670612638,8.69556744,1.435358972,0.000190119,3.202486457,13.0743226
5.11E-05,0.571647241,0.056439082,4.52E-09,22761.72847,4.34E-08,1.21E-09,2.66E-18,9.32E-07,10.38423658,14.49934126,0.141124795,1.08E-06,1.30E-27,0,0.104359063,9.442584025
5.41E-05,0.603623775,0.038863992,9.00E-10,10368.9153,2.22E-07,2.52E-09,1.04E-18,3.48E-07,1.507609125,2.503524501,3.911848927,5.018345925,2.994709093,0.568240263,5.991225453,16.95351576
9.18E-05,0.506509644,0.032196252,2.84E-09,11380.45294,5.52E-08,9.48E-10,3.44E-18,5.34E-07,8.226525819,19.23548826,1.443115183,3.98E-06,9.57E-08,1.49E-10,0.505725268,9.805434865
3.13E-05,0.888573559,0.019928528,3.93E-09,42447.28909,3.44E-07,2.43E-09,3.73E-18,8.84E-07,10.77748966,0.029064799,3.49E-07,9.56E-19,0,0,4.01E-05,9.232415668
7.81E-05,0.832876357,0.01820889,1.38E-09,33009.81147,3.88E-08,1.08E-09,3.77E-18,7.61E-07,0.589430582,1.42885493,4.040411061,11.46503185,2.628653631,3.99E-05,3.688891209,13.62953893
8.82E-05,0.749971413,0.037658375,2.15E-09,21736.71674,1.96E-07,1.52E-09,1.29E-18,4.14E-07,0.705915841,1.667563521,4.436126875,8.741784752,3.525500288,0.039074356,3.816712732,13.85576742
3.08E-05,0.695653498,0.075279853,4.20E-09,28713.30826,1.15E-07,2.76E-09,1.34E-18,6.37E-07,1.576436089,9.445043816,13.0109994,0.720062018,4.85E-05,5.53E-25,1.086005049,10.60512392
7.34E-05,0.638741369,0.060800383,1.35E-09,46607.04336,2.13E-07,2.54E-09,2.58E-18,6.62E-07,0.686825151,1.494761788,3.706808738,7.875627452,3.181225396,0.035620338,3.790111174,13.83359275
4.64E-05,0.752151892,0.023379758,1.48E-09,32023.26518,2.53E-07,1.68E-09,2.04E-18,4.16E-07,0.595574665,1.384093616,3.648352737,8.062528216,4.322413032,0.085325831,3.815756913,13.87357518
2.22E-05,0.617040791,0.024685524,1.60E-09,38250.45254,6.76E-08,1.31E-09,3.26E-18,8.25E-07,0.593957865,1.350287832,3.974430322,9.27651967,2.041983893,1.89E-05,3.233804954,13.10254453
5.46E-05,0.791623741,0.077021395,6.60E-10,44083.07576,3.13E-07,4.14E-10,2.52E-18,8.78E-07,0.157131018,0.312938527,0.647748304,1.451954312,2.941483267,2.907118885,6.877468048,18.22925263
3.49E-05,0.578981751,0.037433217,4.55E-09,26915.95952,4.39E-08,2.81E-09,2.87E-18,5.96E-07,21.5211858,1.1960729,1.68E-07,9.17E-28,0,0,0.040047599,9.264366238
5.98E-05,0.601247933,0.076618875,3.21E-09,27055.07784,1.09E-08,8.26E-10,3.57E-18,7.61E-07,1.018834304,10.7500083,10.73579063,0.000793283,1.49E-11,1.01E-36,0.854125446,10.18813043
3.53E-05,0.891835513,0.030199759,1.92E-09,12272.26214,3.66E-07,3.98E-10,1.72E-18,9.12E-07,0.413197091,0.975506626,2.606025204,6.605061523,4.505887133,0.154619929,3.375782099,13.30945879
1.58E-05,0.903404193,0.019232526,4.36E-09,32588.36738,1.56E-07,2.46E-09,3.65E-18,9.16E-07,6.503294119,0.000229332,8.86E-11,3.43E-32,0,0,2.63E-05,9.220934503
3.82E-05,0.885618297,0.072149044,3.99E-09,45598.81135,1.56E-07,1.83E-09,1.67E-18,8.23E-07,0.768354196,4.203495106,11.41541663,2.384469613,0.002065919,4.91E-12,1.263775733,10.76398333
9.41E-05,0.694429184,0.075218449,4.67E-09,18027.61327,2.38E-07,1.99E-09,2.17E-18,4.63E-07,18.01606834,2.07430479,0.000854168,1.39E-09,1.18E-31,0,0.105453018,9.365767303
3.96E-05,0.51075976,0.010833724,3.87E-09,16527.91508,1.63E-07,1.73E-09,3.19E-18,8.53E-07,15.94584726,0.148935677,1.88E-05,7.15E-07,2.89E-10,1.53E-16,0.182874247,9.420712712
2.26E-05,0.5610541,0.028535159,2.95E-09,42262.98,1.68E-07,1.40E-09,3.86E-18,2.60E-07,3.980233742,13.60109501,2.560822845,0.000153289,9.47E-15,0,0.189276833,9.698902015
6.74E-05,0.771171351,0.052485193,4.49E-09,23993.53572,2.43E-07,2.19E-09,3.78E-18,5.20E-07,0.156161367,4.61E-08,2.52E-14,4.39E-37,0,0,0.113114173,9.344294046
4.41E-05,0.585409403,0.047931533,2.71E-09,16685.94331,2.33E-07,2.57E-09,1.09E-18,4.38E-07,1.352460794,3.287854787,8.984212328,6.907258284,0.637053789,2.08E-05,2.660553877,12.38796951
5.36E-05,0.661142334,0.070874159,4.88E-09,40940.40539,1.70E-07,2.59E-09,1.65E-18,4.52E-07,3.978037716,14.2285446,3.611712362,0.00853019,7.25E-09,8.68E-32,0.304491739,9.869304219
7.65E-05,0.819560099,0.046556101,4.19E-09,39306.83298,4.99E-08,2.03E-09,3.95E-18,3.73E-07,17.99822975,1.521786035,1.04E-08,7.69E-30,0,0,0.163295656,9.399254645
1.10E-05,0.855426819,0.079225635,1.36E-09,18391.23582,2.05E-07,2.86E-09,2.71E-18,4.41E-07,1.70201524,4.765144128,15.12064758,7.469626353,0.047131554,1.11E-08,2.460733282,12.12174057
4.33E-05,0.52967957,0.048456256,2.11E-09,24955.07034,1.44E-07,8.39E-10,1.82E-18,5.41E-07,0.529610326,1.048693961,2.154030548,4.62995369,3.430728061,0.266469571,3.886811722,13.98426533
6.62E-05,0.592401206,0.03073248,1.09E-09,29795.64518,7.28E-08,1.74E-09,2.94E-18,6.63E-07,0.856452277,1.58042159,2.758264096,4.691118,3.886326055,0.422397696,5.480018313,16.07683815
5.87E-05,0.72246418,0.076115877,1.19E-09,8604.885254,3.22E-07,2.21E-09,3.69E-18,6.26E-07,3.298639715,16.04716215,15.0322677,0.382141023,1.93E-06,8.79E-28,1.209755396,10.70570013
9.26E-05,0.822892327,0.046854085,8.74E-10,13477.01716,1.13E-07,1.53E-09,3.15E-18,7.99E-07,1.117227268,2.497039329,6.225236368,10.70200098,3.673349706,0.008737933,4.593078466,14.85612277
6.79E-05,0.547505329,0.051886691,4.91E-09,7394.307353,1.06E-07,2.16E-09,3.97E-18,9.75E-07,2.54E-05,7.93E-23,4.22E-48,0,0,0,0.179574466,9.417095877
3.42E-05,0.862402407,0.022897187,1.20E-09,26864.56867,7.17E-08,1.70E-09,2.73E-18,3.88E-07,0.77849567,1.823647438,4.714634123,10.14595755,4.844759206,0.020197131,4.271682412,14.44463098
9.39E-05,0.504155454,0.074150281,3.23E-09,8215.902211,2.84E-07,1.49E-09,2.62E-18,4.50E-07,21.06761319,3.809864056,0.004053312,4.24E-07,2.38E-09,7.93E-33,0.148071812,9.407692947
4.82E-05,0.847304337,0.024076066,1.94E-09,12422.75562,2.82E-08,2.28E-09,3.13E-18,6.90E-07,3.257116452,19.76474871,14.01756741,0.006557788,6.74E-12,2.91E-40,1.095628601,10.48499176
7.04E-05,0.598518365,0.055460264,2.87E-09,32251.36176,4.06E-09,2.29E-09,2.16E-18,7.25E-07,1.204741294,3.078130196,13.06491039,6.610360309,0.007046946,5.57E-08,2.629710625,12.29359341
3.11E-05,0.867162146,0.041134432,8.45E-10,36027.56722,1.62E-08,4.86E-10,3.15E-18,4.41E-07,0.265793839,0.525646789,1.071092025,2.355827532,4.384214463,3.299684398,7.223967894,18.45933638
2.87E-05,0.760375705,0.023648715,2.93E-09,24919.70823,1.66E-07,8.48E-10,1.03E-18,3.14E-07,0.416516516,0.966593459,2.507766344,6.156535564,5.026866562,0.345864455,3.695052889,13.73256579
6.61E-05,0.580540108,0.058097166,6.04E-10,39547.50802,3.32E-07,2.14E-09,1.55E-18,9.54E-07,0.596239349,1.052002486,1.683918969,2.547323172,2.914637525,1.438724094,6.900333039,18.28804958
6.06E-05,0.539733225,0.07057978,3.94E-09,6349.90373,1.26E-07,9.13E-10,1.17E-18,2.59E-07,1.84242141,8.791327296,13.12051628,1.653786033,0.000242155,1.05E-09,1.452974776,10.91008235
1.45E-05,0.775316818,0.07630581,1.29E-09,28951.11739,1.32E-07,2.41E-09,2.76E-18,9.18E-07,0.969660462,2.393236636,6.922640255,11.44292424,1.737606971,0.000114943,3.412900568,13.33674596
4.98E-05,0.811507566,0.051113967,4.37E-09,24063.03915,2.96E-07,2.86E-09,3.78E-18,2.84E-07,0.002480222,2.26E-09,5.72E-16,1.13E-39,0,0,0.03060291,9.254043935
3.44E-05,0.596042362,0.077903243,2.36E-09,48996.15235,1.19E-09,2.34E-09,1.98E-18,8.41E-07,0.908531615,1.683231541,3.063472812,6.01292286,3.691118145,0.099722914,4.318134453,14.44510452
7.24E-05,0.832101382,0.069631298,3.36E-09,11718.03838,1.17E-07,7.23E-10,3.89E-18,6.00E-07,17.89647643,4.936659888,0.000158757,2.28E-11,1.07E-34,0,0.068017428,9.316562735
5.30E-05,0.88578851,0.07024464,3.07E-09,30280.03226,6.17E-08,3.00E-09,1.34E-18,8.03E-07,1.228792236,3.347337477,11.79166469,9.136354651,0.147770813,1.19E-07,2.556498976,12.23948328
4.37E-05,0.78111702,0.048083507,9.84E-10,45385.30082,1.49E-08,2.25E-09,3.17E-18,4.19E-07,0.723906694,1.382163699,2.836148383,6.027420213,5.89365212,0.682343332,5.627220814,16.2087574
5.21E-05,0.843635924,0.024976745,2.18E-09,28001.24705,8.41E-08,1.25E-09,2.52E-18,7.59E-07,0.752506335,2.031251366,8.73502206,9.430527928,0.185063152,8.72E-08,2.468492431,12.11671945
1.63E-05,0.824146218,0.04385989,1.10E-09,28805.42727,6.92E-09,1.97E-09,3.74E-18,7.77E-07,0.96154186,2.224900197,5.898189247,12.58429242,2.893917255,1.31E-05,4.146222459,14.22187071
2.99E-05,0.890305097,0.071289939,4.03E-09,44017.00432,3.65E-07,1.96E-09,1.63E-18,6.29E-07,0.852607666,6.091213118,10.03195669,0.787012183,0.000739435,1.29E-12,0.878300233,10.3823063
7.00E-05,0.693240434,0.028915671,1.87E-09,6441.454674,8.50E-08,1.24E-09,2.88E-18,3.53E-07,3.061913877,17.49891401,14.14409125,0.097578699,2.22E-08,1.91E-31,1.31371805,10.73550335
8.67E-05,0.621889758,0.060027865,1.10E-09,29147.20882,9.70E-08,1.08E-09,3.32E-18,8.74E-07,0.596267035,1.14971363,2.270121733,4.787874941,4.568684919,0.421297923,4.821634344,15.17606191
3.67E-05,0.544461235,0.068059751,2.66E-09,36552.4139,2.07E-07,8.77E-10,3.04E-18,6.87E-07,0.560281704,3.140771509,10.63430673,2.581517878,0.001204068,4.31E-08,1.241299986,10.7280001
1.87E-05,0.774066008,0.031697876,1.88E-09,22285.52504,3.76E-07,1.63E-09,1.93E-18,3.21E-07,0.842453307,2.217867494,7.440457145,9.215316653,0.819038176,0.000171794,2.525299164,12.2098727
7.19E-05,0.665398575,0.078201827,2.91E-09,29626.02456,1.73E-07,2.84E-09,3.09E-18,3.75E-07,12.25655593,14.61633742,0.320896854,5.10E-06,7.85E-26,0,0.083272751,9.506705678
7.96E-05,0.856681107,0.059074078,1.50E-09,34631.12485,1.62E-07,1.72E-09,1.47E-18,6.75E-07,0.517653728,1.155432104,2.809952124,6.142125796,5.889289551,0.959541406,4.926036367,15.37882832
8.53E-05,0.851779857,0.026633135,4.55E-09,25049.92095,9.91E-08,3.91E-10,2.96E-18,4.60E-07,1.231982191,10.65844599,4.166395047,0.001567474,2.48E-10,6.51E-34,0.587246046,9.922599028
6.89E-05,0.761297378,0.064560944,1.45E-09,37339.6075,2.18E-07,1.87E-09,1.91E-18,7.56E-07,0.558947975,1.251972907,3.174399862,7.07958972,5.011953803,0.302418677,4.24162482,14.448182
8.03E-05,0.535553232,0.079332181,3.86E-09,44330.71163,1.20E-07,2.07E-09,2.82E-18,8.34E-07,6.749113341,14.60850736,0.904306298,2.45E-05,2.05E-07,3.35E-29,0.162635077,9.592887684
4.58E-05,0.512849223,0.073591477,1.01E-09,18640.86908,1.80E-07,2.15E-09,2.97E-18,4.23E-07,1.344338624,2.382374953,3.803470911,4.969700168,2.399574999,0.125581843,4.182842351,14.36989096
4.93E-05,0.621025567,0.05961084,3.90E-09,23434.42944,3.15E-07,1.34E-09,2.44E-18,5.43E-07,8.473989442,12.16172657,0.409281669,0.000129538,2.57E-14,0,0.088587505,9.594146017
4.21E-05,0.760698786,0.050843852,3.40E-09,47661.7097,4.23E-08,1.41E-09,2.85E-18,6.70E-07,0.829129447,6.460172736,12.79071968,0.478664231,1.91E-07,2.68E-29,1.024727197,10.476061
9.00E-05,0.749084732,0.029842666,4.83E-09,12760.4597,6.55E-08,1.21E-09,2.47E-18,5.03E-07,20.12952386,3.440601533,3.42E-05,1.41E-12,4.76E-37,0,0.321120837,9.572474321
1.22E-05,0.630174705,0.058981907,1.23E-09,29730.86363,2.04E-07,1.71E-09,1.53E-18,5.42E-07,0.632503764,1.171170165,2.165725837,4.002744734,3.987686418,1.074584639,5.357403605,16.02891464
3.96E-05,0.507282087,0.027202402,3.04E-09,27427.6686,4.49E-08,2.29E-09,1.48E-18,5.26E-07,1.150921365,2.308026787,5.36469162,6.723576837,1.024539739,3.75E-08,3.324103015,13.23248135
3.41E-05,0.901002559,0.073376933,4.57E-09,30667.91269,2.24E-07,2.82E-09,3.67E-18,2.76E-07,0.308985764,8.73E-08,4.89E-14,1.09E-36,0,0,4.89E-06,9.220618119
1.53E-05,0.866166976,0.013343867,3.59E-09,8198.472844,1.45E-07,7.68E-10,2.72E-18,4.53E-07,16.69580239,9.805107084,0.043032132,1.61E-07,2.37E-28,0,0.004497264,9.379320583
3.34E-05,0.605309722,0.0137927,2.87E-09,28198.78816,3.62E-07,1.94E-09,2.34E-18,4.90E-07,1.672803342,11.99324172,7.880439334,0.147033451,4.12E-06,8.33E-27,0.655580947,10.18681273
9.82E-05,0.789380004,0.02272513,4.04E-09,10631.04712,3.15E-07,6.87E-10,3.75E-18,3.40E-07,7.524511393,0.002291574,1.12E-08,1.16E-20,0,0,0.374983602,9.631716416
9.53E-05,0.742465339,0.024809355,1.04E-09,36680.65705,2.26E-07,1.25E-09,3.52E-18,3.28E-07,0.478636755,1.087558205,2.82194531,7.202606029,5.111238624,0.14296559,4.320880444,14.49193264
9.70E-05,0.697498957,0.060562726,1.25E-09,15620.13727,2.45E-07,1.29E-09,1.75E-18,5.01E-07,0.77431843,1.583041643,3.574585039,6.70448772,4.267700538,0.382919871,4.694754634,15.05725151
7.41E-05,0.738493811,0.02641747,3.13E-09,46842.21486,1.11E-07,2.84E-09,1.76E-18,9.91E-07,0.97080561,3.454708536,12.94819811,4.674584715,0.009469418,7.38E-11,2.060920587,11.60851484
6.83E-05,0.637679829,0.011849565,1.79E-09,48477.2343,3.70E-08,1.17E-09,1.85E-18,8.85E-07,0.441967936,0.842710318,1.564001315,3.124288067,4.374850674,1.406340714,6.225580737,17.06852491
5.66E-05,0.833274214,0.067449009,4.76E-09,6197.298785,2.82E-07,1.84E-09,1.01E-18,8.75E-07,10.31445632,18.24264475,1.889151606,0.00596319,2.40E-09,3.73E-33,0.162623836,9.685481694
2.92E-05,0.644566941,0.054525033,3.67E-09,14407.25321,3.03E-07,2.59E-09,3.55E-18,2.67E-07,0.538187175,6.67E-06,1.02E-11,1.54E-33,0,0,8.25E-06,9.220621702
4.86E-05,0.735164096,0.055883562,4.56E-09,48443.02878,2.92E-07,8.71E-10,1.10E-18,2.66E-07,0.296321515,0.752544706,2.791284917,6.8124646,1.732985076,0.006879556,2.167403035,11.76179803
4.99E-05,0.746265067,0.036601505,2.46E-09,20314.37934,1.99E-07,1.81E-09,3.82E-18,6.56E-07,12.35745236,14.40087579,0.257630809,2.22E-06,1.84E-26,0,0.101917335,9.508832488
6.07E-05,0.853465591,0.061023898,4.50E-09,28300.61984,2.19E-07,1.55E-09,1.95E-18,9.06E-07,4.852660433,13.71190737,2.322709145,0.002567922,9.22E-10,2.50E-33,0.214300547,9.76791507
1.56E-05,0.556014353,0.019364375,7.60E-10,21987.80719,2.31E-07,2.74E-09,3.54E-18,5.54E-07,1.325748644,2.366617746,3.967074031,5.508239557,2.735028923,0.145453908,5.082005665,15.60977071
5.29E-05,0.776833233,0.079892329,3.66E-09,25848.69372,1.26E-07,8.13E-10,2.04E-18,7.93E-07,0.678195736,3.774366885,11.38861258,2.465672666,0.000893835,4.20E-13,1.278653756,10.77476919
8.52E-05,0.687812257,0.049393244,4.87E-09,19711.82671,3.78E-07,1.16E-09,3.81E-18,9.04E-07,0.201853554,6.61E-08,7.90E-14,6.58E-36,0,0,0.219647182,9.461039239
6.66E-05,0.516908049,0.043708924,3.56E-09,26078.12578,2.58E-07,4.69E-10,2.87E-18,2.64E-07,0.543614527,6.355300999,8.056509327,0.231547931,9.85E-06,1.44E-08,0.884368339,10.23690155
7.60E-05,0.536968035,0.078878029,1.81E-09,9435.488827,3.00E-07,2.16E-09,3.41E-18,9.84E-07,11.55665042,20.82483584,1.58433125,0.000206782,2.37E-08,5.42E-31,0.211928152,9.65080517
7.15E-05,0.797047696,0.025348556,4.82E-09,7001.865802,7.97E-08,1.98E-09,1.16E-18,3.62E-07,11.95192063,21.57696529,1.850451947,0.000408021,3.22E-14,0,0.379677398,9.791929323
5.24E-05,0.696893988,0.064430073,1.58E-09,47189.61321,3.39E-07,1.39E-09,3.25E-18,9.93E-07,0.484824253,1.252015401,4.812782615,8.991303359,1.261847124,0.000165252,2.516050207,12.19019996
1.72E-05,0.551369699,0.016189872,4.33E-09,16976.6649,4.00E-07,1.95E-09,3.42E-18,5.34E-07,0.166642236,1.32E-06,3.65E-12,9.19E-34,0,0,2.18E-05,9.220660926
8.85E-05,0.656317363,0.051965001,1.76E-09,29666.37933,7.70E-08,6.53E-10,1.74E-18,4.04E-07,0.368027547,0.715317217,1.421410581,3.124719172,4.532275821,1.50657186,5.49052459,16.12185523
8.44E-05,0.805983416,0.043954464,2.81E-09,32865.43583,1.19E-07,2.35E-09,1.26E-18,6.36E-07,0.834324384,2.121689511,6.551320182,10.31387559,1.526505501,0.000509238,3.163176073,12.9961387
9.98E-05,0.664846147,0.046643202,3.92E-09,41557.294,2.10E-07,1.26E-09,2.17E-18,5.64E-07,0.766117028,7.471797292,9.027107222,0.2994443,1.61E-05,1.28E-25,1.00561093,10.36856678
2.46E-05,0.519701876,0.015871929,8.66E-10,29874.01462,2.54E-07,1.54E-09,2.49E-18,8.10E-07,0.699326383,1.260365103,2.056540188,2.953754368,2.886384112,0.972357009,6.540952726,17.79516509
7.28E-05,0.889750609,0.016335867,4.28E-09,32971.79446,4.64E-08,2.48E-09,2.96E-18,4.72E-07,19.98903793,6.119890631,6.75E-05,4.39E-12,3.83E-36,0,0.25644311,9.501420944
6.77E-05,0.536183346,0.017438254,3.25E-09,42707.43115,2.66E-07,2.71E-09,2.38E-18,4.01E-07,2.904492075,14.10061238,4.945072694,0.022283825,3.57E-07,7.41E-29,0.737820477,10.1336918
3.54E-05,0.788763592,0.067819335,4.98E-09,38775.9475,1.64E-07,2.39E-09,1.72E-18,7.63E-07,5.210361599,14.32647728,2.373620502,0.00216475,4.97E-10,6.88E-34,0.176037665,9.768344619
5.37E-05,0.871958227,0.042165689,1.28E-09,49748.13398,3.41E-07,2.81E-09,1.31E-18,6.50E-07,0.512248803,1.131502251,2.704454805,5.747169723,5.502133125,1.278495723,4.828207154,15.27597711
3.45E-05,0.739771354,0.062375509,3.18E-09,11222.01632,2.91E-07,2.77E-09,2.25E-18,9.83E-07,22.28349781,6.527804222,0.02653353,2.10E-07,2.62E-28,0,0.002503137,9.3280472
7.97E-05,0.685067686,0.03340507,1.29E-09,44799.01963,1.65E-07,1.56E-09,1.25E-18,9.37E-07,0.416703209,0.779838441,1.478823024,3.007444514,4.01196781,1.832756781,6.32956041,17.3737613
5.81E-05,0.816261807,0.056922507,3.15E-09,41845.76263,1.11E-07,2.89E-09,2.35E-18,7.11E-07,1.604619467,13.37402411,9.405658408,0.082192696,9.08E-08,5.67E-30,0.761589331,10.24700108
5.13E-05,0.594832949,0.021668732,4.23E-09,10602.15745,2.35E-07,2.64E-09,1.08E-18,3.83E-07,5.296784704,18.19513239,6.275708284,0.05988095,4.89E-07,8.88E-29,0.687169861,10.07995762
6.21E-05,0.841643848,0.061280259,1.79E-09,23708.22862,1.34E-07,2.48E-09,1.77E-18,5.23E-07,1.101072722,2.775228203,7.934868476,11.37482078,1.570076434,0.000272197,3.312025774,13.20269997
7.45E-05,0.754990933,0.037833951,9.15E-10,48179.04043,6.45E-08,1.17E-09,2.20E-18,3.37E-07,0.383357561,0.717812018,1.324217468,2.659478508,4.150085937,2.412345199,7.193669045,18.49817064
3.94E-05,0.828423772,0.064922956,2.56E-09,40627.13063,5.75E-08,2.99E-09,1.67E-18,3.31E-07,0.988168517,2.582699832,8.848160227,10.97780406,0.586477801,1.45E-06,2.845380951,12.60031322
4.51E-05,0.608938983,0.015704767,3.82E-09,37580.40668,3.51E-07,1.59E-09,2.60E-18,5.10E-07,5.572267567,12.54748981,1.008495058,0.00056387,9.71E-11,6.61E-35,0.240850793,9.729670827
8.09E-05,0.700108765,0.068593422,3.02E-09,16774.73503,3.99E-07,2.91E-09,3.71E-18,5.32E-07,7.171147499,0.004091641,8.07E-08,1.53E-27,0,0,0.100748824,9.330759043
1.30E-05,0.726606236,0.014234747,2.54E-09,30473.69442,3.62E-07,2.05E-09,3.79E-18,7.91E-07,10.22189984,12.7928238,0.306329044,1.99E-05,9.80E-18,0,0.023484002,9.537606297
3.54E-05,0.564934934,0.04496783,4.99E-09,23649.90021,3.65E-07,8.85E-10,1.40E-18,9.39E-07,0.769811698,6.393530619,8.765749911,0.513770518,0.000528401,7.41E-13,0.758992497,10.25578712
8.34E-05,0.873053915,0.04210754,3.12E-09,12341.46127,1.36E-07,3.78E-10,1.51E-18,6.52E-07,0.475603362,1.205237264,4.165486381,8.962245558,1.804535082,0.001005206,2.841677574,12.58712687
7.84E-05,0.52007467,0.050078307,2.82E-09,47020.60652,3.83E-07,1.68E-09,3.01E-18,2.71E-07,1.06171656,10.16487496,6.944621269,0.100806577,2.67E-06,3.35E-09,0.774608724,10.15998263
1.55E-05,0.731857136,0.061722598,3.09E-09,45914.47773,3.28E-07,6.48E-10,3.29E-18,8.71E-07,0.416535288,3.876182817,8.782928652,0.862382246,0.000146954,1.31E-14,0.798560066,10.27979137
3.57E-05,0.534698151,0.025275834,8.11E-10,49546.31429,2.49E-07,2.31E-09,2.89E-18,8.34E-07,0.666668821,1.210179536,2.003752758,3.004924717,3.07143226,1.021289662,6.131930025,17.1021717
5.49E-05,0.858422564,0.040324888,7.96E-10,9731.929741,5.88E-08,2.88E-09,1.08E-18,8.67E-07,1.660165312,2.940496155,5.571734046,7.935307195,4.576382068,0.791178451,6.673225645,17.807826
6.53E-05,0.898202749,0.073237764,4.95E-09,27182.32169,8.67E-08,2.67E-09,1.86E-18,7.90E-07,14.9311206,12.24379027,0.1334183,1.15E-06,6.36E-27,0,0.032408764,9.436644567
3.20E-05,0.816593559,0.025062823,3.19E-09,21247.19743,1.75E-07,1.47E-09,2.98E-18,2.53E-07,8.37499633,15.3255043,0.727030706,2.96E-05,1.92E-17,0,0.054797524,9.581833836
2.23E-05,0.509099749,0.06758793,9.78E-10,32746.43787,4.07E-08,2.10E-09,3.00E-18,4.05E-07,1.034687188,1.816257107,2.762885715,3.410912345,2.724057095,0.676543439,5.687611236,16.40806496
3.03E-05,0.683982593,0.032103187,1.27E-09,33098.79832,1.53E-08,1.67E-09,2.25E-18,4.18E-07,0.778129442,1.426854091,2.485446452,4.442429679,4.663702676,1.045772636,6.222470906,17.05841893
7.02E-05,0.639295418,0.049008988,2.55E-09,36349.84627,1.12E-07,1.99E-09,1.05E-18,8.75E-07,0.614023331,1.256258044,2.813402973,5.810772864,4.121945081,0.379821361,4.417874714,14.68741452
9.43E-05,0.840290668,0.077188252,3.74E-09,28570.37695,3.04E-07,1.29E-09,3.12E-18,8.18E-07,12.58648394,7.476382257,0.030962557,6.74E-07,6.09E-27,0,0.087494671,9.471855488
3.48E-05,0.872426876,0.04930132,2.77E-09,17892.58972,2.57E-07,1.91E-09,3.18E-18,8.61E-07,15.41969592,11.47938703,0.130666178,2.50E-06,2.68E-26,0,0.010549845,9.446644888
8.54E-05,0.80779368,0.027253705,2.35E-09,49293.87841,1.53E-07,1.05E-09,1.30E-18,4.55E-07,0.302983804,0.681122138,1.675270628,4.250025053,5.699443746,1.105069066,4.548436971,14.83612406
1.62E-05,0.862990712,0.028790863,3.62E-09,29083.95077,1.40E-07,1.58E-09,2.06E-18,4.56E-07,1.206369261,10.37601999,9.96399605,0.221681737,2.07E-06,2.17E-27,0.772847583,10.31683276
6.51E-05,0.649852161,0.01016923,1.47E-09,31173.8878,3.11E-07,6.68E-10,2.37E-18,3.37E-07,0.323921636,0.696148244,1.672394629,4.409536443,4.969777015,0.62379577,4.306459749,14.51656338
2.59E-05,0.625404687,0.072022298,4.92E-09,48891.6256,1.42E-07,1.67E-09,2.61E-18,8.51E-07,10.13155974,9.501814934,0.063487188,4.77E-07,2.74E-27,0,0.00538462,9.447168387
5.94E-05,0.841019586,0.061864263,1.69E-09,28914.22789,5.14E-08,4.90E-10,1.45E-18,8.50E-07,0.264634168,0.550982094,1.219968029,2.875394526,4.90380134,2.874685384,6.17172956,17.10668028
4.94E-05,0.587537502,0.059334697,2.61E-09,38458.15637,4.83E-08,1.64E-09,3.70E-18,5.74E-07,1.222278867,12.19712188,10.10651734,0.009500017,2.32E-08,3.39E-31,0.816378729,10.19554728
1.13E-05,0.904648056,0.060889802,1.41E-09,39580.88516,2.20E-07,9.61E-10,2.42E-18,7.30E-07,0.355881378,0.811903321,2.044063346,5.298995155,5.952538747,0.644233373,4.157602447,14.33789343
2.60E-05,0.804181515,0.044712428,3.54E-09,44840.09422,1.59E-07,1.08E-09,2.53E-18,6.28E-07,0.628014542,5.121727417,10.51271363,0.829608034,4.04E-05,5.85E-25,0.919896437,10.40962703
4.88E-05,0.502092207,0.06361286,3.58E-09,38962.74319,2.54E-07,5.81E-10,2.37E-18,6.94E-07,0.366675837,1.70677612,8.473249062,3.167732971,0.013246968,2.08E-08,1.282163071,10.68994509
8.08E-05,0.646812627,0.07883634,3.21E-09,33595.69921,3.03E-07,1.47E-09,1.86E-18,9.62E-07,0.752713996,3.5293796,10.9482523,3.012602936,0.009975635,2.96E-09,1.441799171,10.88502266
4.77E-05,0.708720621,0.047149248,1.75E-09,48606.50114,1.62E-07,1.79E-09,1.18E-18,4.88E-07,0.423679228,0.851283183,1.836773452,4.072877498,4.792732423,1.418080542,5.15603504,15.73705827
1.92E-05,0.759761094,0.031795174,1.59E-09,49449.53727,1.74E-07,2.62E-09,2.08E-18,7.68E-07,0.632380443,1.491894243,3.995779602,8.948614289,3.918938308,0.028983636,3.681614695,13.70026199
2.44E-05,0.851345827,0.041373496,4.53E-09,36737.91924,1.17E-07,6.01E-10,2.41E-18,7.08E-07,0.524734986,5.865342958,8.872208208,0.267221533,2.63E-06,5.61E-27,0.699553815,10.19066585
4.33E-05,0.650975405,0.047085609,1.33E-09,12026.36305,2.80E-07,2.33E-09,1.40E-18,6.83E-07,1.34784661,2.705096157,5.713441949,7.493794498,2.599748675,0.110364631,4.152874772,14.36119347
1.50E-05,0.525260247,0.064787467,2.18E-09,13113.42253,3.87E-07,2.87E-09,3.28E-18,5.08E-07,20.87360412,9.958091716,0.078435155,2.69E-06,2.33E-10,7.10E-35,0.006507882,9.380560546
4.04E-05,0.791223549,0.026850369,2.07E-09,46742.0217,2.72E-07,1.38E-09,3.38E-18,5.22E-07,0.601526958,2.367300324,10.68941543,4.062226038,0.009328061,9.78E-10,1.521555106,11.00900754
2.17E-05,0.806817864,0.073812514,1.36E-09,22962.12925,1.86E-07,1.09E-09,2.24E-18,5.17E-07,0.569168404,1.323503031,3.424994825,7.851483579,5.189425102,0.186411925,4.064342059,14.20851474
8.38E-05,0.810713186,0.011818298,2.41E-09,37120.10053,2.85E-07,8.58E-10,1.07E-18,5.60E-07,0.290566522,0.649429432,1.587867359,3.933440959,5.131050794,1.22054189,4.4149503,14.66264921
6.71E-05,0.592835506,0.050630462,2.01E-09,18140.27357,1.42E-07,1.97E-09,3.77E-18,7.51E-07,5.08098474,19.38098169,4.853920651,0.000785511,1.82E-13,2.26E-43,0.539996319,9.90343515
7.41E-05,0.817459815,0.04018984,7.41E-10,24537.83458,1.31E-07,1.81E-09,2.45E-18,4.74E-07,0.726852335,1.405238971,2.967250715,5.906030311,5.469274516,1.241947573,6.13484127,17.01175462
7.02E-05,0.689016262,0.014966645,2.63E-09,47714.48899,2.36E-07,2.73E-09,3.79E-18,7.80E-07,7.287042021,14.99947858,0.885424664,3.46E-05,2.48E-16,0,0.396914292,9.794882834
6.68E-05,0.66911355,0.032659148,2.60E-09,15975.92122,8.13E-08,1.12E-09,1.28E-18,5.13E-07,0.811871226,1.816570041,4.76020694,8.934361664,2.673745814,0.003113852,3.791275517,13.82472203
2.12E-05,0.848585897,0.062821034,3.87E-09,13514.56797,2.01E-07,2.30E-09,2.90E-18,6.93E-07,10.02387988,0.012813879,1.47E-07,2.77E-27,0,0,4.70E-05,9.221786785
8.22E-05,0.706079733,0.071221605,2.99E-09,25337.51386,3.29E-07,8.61E-10,1.65E-18,7.07E-07,0.51622916,1.398980181,6.098843725,7.629461923,0.479194002,7.93E-05,2.131250047,11.70581293
1.33E-05,0.846733826,0.066853302,1.16E-09,38613.93917,1.51E-07,1.38E-09,2.28E-18,3.00E-07,0.444574938,0.98319447,2.370851358,5.508913653,6.2519008,1.135994941,4.988850282,15.46232235
7.91E-05,0.636436119,0.028440607,1.64E-09,6879.73273,1.96E-07,2.36E-09,1.37E-18,9.95E-07,2.247472098,4.952112111,10.33925887,7.211534211,0.738864532,7.15E-06,3.640562845,13.64464019
1.34E-05,0.556484482,0.069980142,2.91E-09,41687.05819,2.77E-07,1.46E-09,3.27E-18,5.77E-07,1.85958671,12.20457447,4.997502515,0.016682158,5.15E-08,1.60E-30,0.37130457,9.953064111
3.58E-05,0.514803621,0.043159529,4.24E-09,17030.70366,1.59E-07,1.15E-09,2.54E-18,8.08E-07,15.19006726,8.139784908,0.026123472,3.87E-06,3.48E-08,1.49E-30,0.054972984,9.414522491
5.39E-05,0.71145159,0.027925382,1.13E-09,6714.980844,2.82E-07,1.20E-09,3.34E-18,4.07E-07,1.908777599,5.847837695,16.34833966,5.393482643,0.009065972,7.08E-11,2.392490168,12.02691721
1.47E-05,0.54555355,0.028004198,3.53E-09,23221.30887,2.36E-07,2.52E-09,2.87E-18,9.68E-07,18.80691472,3.846884881,0.001922847,6.47E-09,2.93E-31,0,0.000488955,9.288386156
1.91E-05,0.675964095,0.035404816,3.93E-09,21463.30975,4.06E-08,7.12E-10,1.43E-18,4.83E-07,0.585687706,1.532089544,6.235851843,9.926830041,0.708405257,2.38E-06,2.515273146,12.18565136
3.80E-05,0.733392415,0.016235979,1.02E-09,20288.30384,2.19E-07,1.19E-09,2.84E-18,9.58E-07,0.67450484,1.44954839,3.528583943,7.513769724,4.707127412,0.214344806,4.377681417,14.63426099
5.87E-05,0.893470126,0.069053962,2.23E-09,40548.38654,9.63E-08,9.85E-10,3.77E-18,2.68E-07,0.59348052,2.389768808,11.85045955,3.644345826,0.000413072,3.50E-14,1.532161869,11.00411258
7.12E-05,0.659112958,0.035346637,2.33E-09,18236.73996,2.02E-07,1.57E-09,1.69E-18,3.94E-07,1.007690492,2.727344095,9.673074699,8.299765453,0.244604976,2.73E-06,2.628976505,12.31443323
7.92E-05,0.6772265,0.04557217,2.67E-09,38416.21813,1.25E-07,5.98E-10,1.81E-18,3.57E-07,0.282839131,0.668003212,1.80442532,5.890450913,4.746142093,0.10542631,3.504671573,13.43695018
5.89E-05,0.628273674,0.069125704,2.77E-09,10257.29397,3.12E-07,1.48E-09,1.67E-18,6.21E-07,1.955354537,10.29993076,13.06612257,0.805200414,0.000202675,6.99E-24,1.178865492,10.62788696
1.93E-05,0.781403392,0.033117877,3.61E-09,35339.12747,1.41E-07,2.88E-09,2.73E-18,6.84E-07,14.12204035,11.71882101,0.105371295,7.51E-07,3.40E-27,0,0.008489135,9.430742913
5.99E-05,0.838551275,0.040902715,3.98E-09,18808.81565,3.68E-07,2.42E-09,1.22E-18,9.73E-07,1.955473508,11.73360156,9.56961286,0.355143167,0.000115798,3.05E-24,0.870094877,10.28816503
5.92E-05,0.736053926,0.079989079,3.81E-09,17078.50764,3.40E-07,1.26E-09,3.30E-18,3.40E-07,15.18102483,0.312548046,1.98E-05,5.22E-12,1.79E-35,0,0.019917965,9.263290272
1.32E-05,0.817589571,0.028844337,4.01E-09,45776.84485,4.27E-08,1.88E-09,2.24E-18,9.94E-07,1.080106506,9.60667657,11.45954238,0.131465503,5.01E-08,2.21E-30,0.865617833,10.33956155
4.97E-05,0.876135424,0.01439439,3.08E-09,32394.02582,1.01E-07,2.27E-09,2.48E-18,8.06E-07,1.819094371,14.41638414,8.704417162,0.041711722,1.92E-08,3.15E-31,0.734033795,10.18212688
5.71E-05,0.882732272,0.065247819,7.59E-10,20614.32162,3.18E-07,2.50E-09,3.99E-18,4.11E-07,1.234373873,3.08292119,8.455445075,12.0262994,1.686921804,0.000228222,3.480968187,13.4199465
8.50E-05,0.543388426,0.038684141,4.81E-09,27265.3657,2.05E-07,1.61E-09,2.85E-18,4.52E-07,15.37427135,0.417702474,5.02E-05,9.79E-07,2.21E-27,0,0.316550047,9.567450007
8.47E-05,0.517733044,0.041008226,2.39E-09,45694.52379,1.50E-07,2.12E-09,2.05E-18,8.36E-07,0.712952967,1.683219555,5.919095302,6.875636066,1.005319144,2.47E-06,2.851420884,12.59926731
8.87E-05,0.765000816,0.02141991,3.05E-09,17498.97171,2.03E-07,2.53E-09,2.28E-18,5.53E-07,9.29999125,18.25552637,1.512491527,0.000385782,8.02E-14,0,0.471054237,9.88121819
4.19E-05,0.751220156,0.018381996,1.77E-09,17988.00743,8.64E-08,8.01E-10,1.83E-18,4.79E-07,0.570865179,1.256314205,3.151852566,7.368059146,5.131511649,0.20842998,4.290658807,14.50193457
6.98E-05,0.596693819,0.053551655,4.16E-09,11942.08338,2.81E-07,2.04E-09,1.58E-18,8.30E-07,13.37776031,13.9513975,0.52092431,0.00030126,9.16E-14,5.76E-44,0.212068856,9.652568513
7.63E-05,0.80455243,0.016106851,4.85E-09,48114.22667,5.47E-08,3.12E-10,2.34E-18,6.08E-07,0.219830937,0.619758847,5.75297433,5.388097066,0.032159622,5.69E-09,1.673407347,11.13027569
8.56E-05,0.648658609,0.039214226,4.77E-09,19634.93051,1.49E-07,1.07E-09,3.26E-18,6.83E-07,12.87458517,0.053558826,5.95E-08,3.15E-21,0,0,0.287808352,9.53586638
2.52E-05,0.615748453,0.012982758,4.15E-09,31202.02795,2.39E-07,1.58E-09,2.44E-18,6.17E-07,8.12803227,12.36408838,0.391811543,5.93E-05,3.39E-15,0,0.029852065,9.58026318
3.62E-05,0.902009971,0.071624282,7.09E-10,35183.78108,1.34E-07,4.95E-10,3.81E-18,3.19E-07,0.242734624,0.516169657,1.15662318,2.746883013,4.961777727,3.17548913,6.177013483,17.09095266
8.90E-05,0.863686405,0.066224567,1.42E-09,17606.89848,2.86E-07,5.89E-10,2.70E-18,3.59E-07,0.470714026,1.128298315,3.080393175,8.105783163,4.086666881,0.040056116,3.529750311,13.48360204
3.04E-05,0.582811851,0.061209475,4.85E-09,43019.81405,2.86E-07,2.40E-09,1.98E-18,2.81E-07,9.094440323,11.0784245,0.281083951,0.000109577,2.80E-14,0,0.021520662,9.572557165
5.59E-05,0.67281638,0.025812573,4.71E-09,29162.4945,3.26E-07,1.14E-09,1.89E-18,5.39E-07,2.90619311,11.77124567,3.179226143,0.012142265,7.59E-08,1.13E-29,0.422487255,9.889282636
2.97E-05,0.884898809,0.035474602,3.73E-09,14704.24578,2.53E-07,6.16E-10,1.40E-18,3.76E-07,0.644074635,1.973741154,9.079668644,5.606503966,0.104815296,1.39E-06,1.708299894,11.21534806
8.42E-05,0.830006075,0.038527031,9.72E-10,14771.31737,2.94E-07,9.30E-10,3.69E-18,9.52E-07,0.778355698,1.917888488,5.45085747,10.86801053,2.515143749,0.001535962,3.599137666,13.55171183
7.87E-05,0.799348538,0.050733334,2.55E-09,9042.912186,6.43E-09,2.96E-09,3.52E-18,7.66E-07,36.9785112,8.260305611,3.40E-06,5.93E-26,0,0,0.16167705,9.397483274
9.61E-05,0.564092174,0.046731477,2.37E-09,43966.12379,9.65E-09,2.77E-09,2.58E-18,5.69E-07,1.080407503,2.489909157,9.363968899,7.601731221,0.176874958,2.24E-07,2.900376164,12.62483715
9.60E-05,0.542974537,0.036254545,1.26E-09,46900.08294,1.73E-07,6.44E-10,1.43E-18,6.95E-07,0.267183071,0.498320758,0.86646297,1.394015751,2.094067471,1.738155784,7.173999856,18.62656319
3.02E-05,0.527297747,0.078686155,7.85E-10,27102.17004,3.19E-07,2.37E-09,3.37E-18,9.86E-07,1.044341343,1.864962054,3.059994558,4.39891531,2.951816292,0.341550038,4.528343431,14.84870615
5.32E-05,0.825943378,0.070453469,4.75E-09,20359.17484,6.01E-08,1.31E-09,2.91E-18,6.88E-07,18.51089793,3.350266777,5.43E-06,1.19E-13,1.26E-38,0,0.008124712,9.242260747
8.33E-05,0.739531733,0.054234048,3.84E-09,33642.00768,1.05E-07,1.02E-09,3.01E-18,2.97E-07,3.17051671,13.47525633,3.146175276,0.000245211,7.16E-12,5.22E-37,0.416471884,9.792211784
2.64E-05,0.684370021,0.079429822,2.89E-09,49807.20116,3.56E-07,1.56E-09,1.28E-18,5.33E-07,0.408223851,0.996862639,2.867907178,7.327912859,2.997260539,0.032463108,2.784145504,12.54496801
5.84E-05,0.620397338,0.074405428,4.21E-09,23933.53729,3.19E-07,2.07E-09,2.94E-18,4.45E-07,12.56531303,0.07946851,5.23E-06,4.43E-13,2.13E-37,0,0.045213492,9.276591905
4.56E-05,0.600201967,0.052811076,3.97E-09,49947.89119,1.79E-07,6.12E-10,2.68E-18,6.15E-07,0.375736966,3.280713705,8.812827353,1.246775392,0.000167506,1.47E-14,0.931215254,10.33788201
5.14E-05,0.63995278,0.012483882,8.92E-10,24845.717,3.96E-07,2.43E-09,2.43E-18,7.05E-07,0.89518423,1.74005521,3.629176609,6.231153903,3.649006612,0.321687908,4.977527398,15.45983116
5.90E-05,0.785965368,0.047328138,3.52E-09,37406.64926,2.16E-07,1.16E-09,3.91E-18,7.70E-07,11.19376631,8.15469767,0.023845131,6.46E-08,1.09E-28,0,0.091480548,9.453141369
9.19E-05,0.778462734,0.030625961,9.38E-10,33510.41057,3.02E-07,2.95E-09,1.11E-18,5.99E-07,0.658124396,1.287978092,2.75874967,5.319248348,4.810686341,1.363346705,5.884717148,16.74839253
7.77E-05,0.664762224,0.062161885,1.17E-09,39699.50135,2.34E-07,7.28E-10,1.48E-18,7.34E-07,0.268663645,0.508807547,0.964639054,2.000590311,3.322935472,2.186136663,6.2588214,17.30251256
2.30E-05,0.836345801,0.074660501,3.05E-09,39015.49682,2.12E-07,2.39E-09,1.48E-18,7.38E-07,0.823805349,2.310223303,9.563903316,7.165735064,0.176523211,2.28E-06,2.050397166,11.61800778
6.80E-05,0.663868767,0.042011148,2.94E-09,48053.03039,1.15E-07,1.47E-09,1.65E-18,7.45E-07,0.486239347,1.23073081,4.264116479,9.196936738,1.772906671,0.000526304,2.908603548,12.67144892
2.52E-05,0.501065564,0.022553738,8.21E-10,43311.19427,2.55E-07,1.95E-09,2.41E-18,3.45E-07,0.644197941,1.157329208,1.866816825,2.562034857,2.571165883,1.06631804,6.808800386,18.22428623
4.72E-05,0.723909436,0.025983673,3.05E-09,21647.05819,3.92E-07,1.55E-09,2.39E-18,2.63E-07,3.398572885,14.04837246,4.464251345,0.023682895,8.34E-08,7.10E-30,0.429576198,9.940839248
5.45E-05,0.599128388,0.036553129,2.75E-09,44609.57593,3.70E-07,2.49E-09,2.55E-18,5.58E-07,1.173358224,10.15673811,8.927733767,0.247090412,1.32E-05,7.36E-26,0.875823021,10.27326616
7.18E-05,0.895038343,0.03510167,1.93E-09,44199.07588,1.78E-07,4.66E-10,2.93E-18,6.65E-07,0.226454409,0.53437851,1.444520948,5.287448991,4.816230113,0.103599586,3.277959699,13.1469821
6.54E-05,0.814616442,0.023705063,3.29E-09,38783.88242,3.44E-07,3.94E-10,2.47E-18,8.40E-07,0.248141587,0.695093392,5.033378022,5.562633833,0.202943172,8.32E-06,1.62076029,11.07921022
2.78E-05,0.52147951,0.020332324,4.31E-09,39427.31749,8.03E-08,1.34E-09,1.80E-18,4.81E-07,0.758269511,4.733771464,11.95718594,1.815012408,0.000148534,3.04E-08,1.20089322,10.69909521
4.47E-05,0.850956812,0.038709787,2.06E-09,20174.45846,3.35E-07,1.27E-09,1.22E-18,7.73E-07,0.615894723,1.454771855,3.816448403,7.748799776,4.189271319,0.140694645,3.52521532,13.51057417
4.75E-05,0.590182382,0.02543199,4.29E-09,38199.10606,1.87E-07,1.71E-09,1.22E-18,7.87E-07,0.687516225,2.183551697,9.670608013,5.356333472,0.079800452,5.38E-07,1.857111939,11.36830452
2.73E-05,0.628009364,0.058296113,1.17E-09,49897.53018,2.67E-07,1.44E-09,1.49E-18,6.80E-07,0.376369116,0.704893861,1.302069198,2.561741667,3.555593027,1.741951498,5.746798489,16.60132561
6.76E-05,0.631077695,0.02420613,2.76E-09,35218.23692,1.38E-07,2.13E-09,3.02E-18,7.44E-07,2.242069537,14.98700299,6.598496011,0.013173312,3.31E-09,1.51E-32,0.781013615,10.13650108
4.11E-05,0.679913684,0.061608958,4.34E-09,39372.58246,3.85E-07,7.32E-10,1.29E-18,5.45E-07,0.322013774,0.861660042,4.084769123,6.641357117,0.675802113,0.00066637,1.761691266,11.27014524
9.02E-05,0.679335259,0.067878547,2.01E-09,18332.91395,2.95E-07,6.60E-10,1.12E-18,2.81E-07,0.397039114,0.828201736,1.923292378,4.386717283,4.688860771,0.979513682,4.508816133,14.83590373
2.36E-05,0.843313762,0.015861912,1.12E-09,45608.31177,2.99E-07,2.67E-09,1.41E-18,6.32E-07,0.518877874,1.112676735,2.61525742,5.533678658,5.427771705,1.396253061,5.113312719,15.68161005
8.71E-05,0.647542867,0.077314576,3.80E-09,6324.021345,2.19E-07,9.69E-10,1.36E-18,5.08E-07,3.028674405,15.33708775,8.427690272,0.139600133,2.53E-06,2.29E-27,0.766738688,10.19970526
7.58E-05,0.736499489,0.074276545,4.00E-09,47372.7207,1.88E-08,1.85E-09,3.35E-18,3.97E-07,6.206468317,16.80375881,1.219331127,2.00E-08,4.33E-30,0,0.164051464,9.438045796
8.19E-05,0.693763461,0.032460058,1.58E-09,49107.56006,1.41E-07,1.65E-09,3.39E-18,4.65E-07,0.577162268,1.484765158,5.591410787,10.20176854,1.106750646,1.06E-05,2.973048755,12.73357373
3.77E-05,0.630565325,0.07378713,4.99E-09,21179.72983,2.41E-08,2.98E-09,3.91E-18,4.93E-07,3.59E-05,4.51E-15,1.15E-32,0,0,0,3.59E-06,9.220615176
6.24E-05,0.806458829,0.013494218,1.36E-09,28127.4645,3.63E-07,7.65E-10,3.22E-18,4.37E-07,0.420566255,1.024242248,2.935012677,8.284380221,3.297786352,0.014356768,3.251050995,13.11024085
8.24E-05,0.503391815,0.046964093,4.49E-09,19792.7638,7.78E-08,1.93E-09,3.57E-18,8.54E-07,6.265486641,6.59E-05,8.21E-06,2.70E-07,1.77E-10,7.77E-35,0.26806922,9.514186702
2.57E-05,0.856610654,0.05277971,3.60E-09,37554.3411,3.10E-07,7.71E-10,2.07E-18,9.64E-07,0.443505152,2.074673705,8.900855566,3.149291267,0.016974802,1.74E-08,1.220652947,10.68739245
2.20E-05,0.801998026,0.021191029,3.81E-09,27474.07315,2.15E-07,2.86E-09,3.48E-18,2.92E-07,9.304964129,0.005919064,2.22E-08,1.52E-28,0,0,3.19E-05,9.222044509
6.45E-05,0.734619455,0.044429997,3.42E-09,21415.46215,1.26E-07,7.81E-10,3.93E-18,5.38E-07,11.03189781,10.35237023,0.041123041,2.70E-08,1.65E-29,0,0.150914952,9.481529682
5.16E-05,0.756308143,0.068652214,4.51E-09,34368.26118,1.67E-07,1.13E-09,1.51E-18,3.26E-07,0.643750991,3.361582053,10.51758285,2.712839011,0.005667541,7.09E-10,1.275893224,10.75226568
1.05E-05,0.682675251,0.045433175,4.79E-09,31893.8627,3.74E-07,7.47E-10,2.93E-18,3.92E-07,9.97074292,5.878405175,0.014092357,5.89E-07,8.83E-27,0,0.001768023,9.442700488
8.37E-05,0.713429383,0.037312586,2.58E-09,25741.08161,3.97E-07,2.45E-09,3.90E-18,8.15E-07,17.90404745,5.161793782,0.006151129,2.28E-08,1.23E-29,0,0.268635307,9.555785915
5.57E-05,0.60460703,0.068336017,3.35E-09,34748.57955,1.23E-07,2.60E-09,1.30E-18,3.33E-07,0.949601757,2.561643251,9.7181028,7.392095089,0.138991608,5.36E-07,2.305265659,11.92925372
6.17E-05,0.849902959,0.034993784,2.17E-09,6740.577025,2.30E-07,1.30E-09,1.77E-18,8.62E-07,2.137267047,8.145131732,16.26575848,2.886919627,0.002190081,5.67E-12,1.829575867,11.34871819
6.50E-05,0.879477615,0.038181321,4.40E-09,44344.7266,2.79E-07,2.42E-09,2.67E-18,5.04E-07,14.85925468,4.405545677,0.004133349,3.43E-08,4.92E-29,0,0.125952519,9.440417342
3.64E-05,0.901776416,0.07487712,6.33E-10,48553.26045,2.68E-08,1.23E-09,3.28E-18,8.89E-07,0.392069301,0.761879855,1.537001112,3.306848707,5.186205573,2.946407363,7.402700569,18.72956449
9.84E-05,0.814314058,0.069216366,2.00E-09,18757.56962,2.15E-07,9.98E-10,1.28E-18,5.44E-07,0.560435964,1.300438621,3.339310403,7.247034082,5.01205079,0.314717116,4.085287112,14.23367128
5.67E-05,0.568156403,0.013209767,9.24E-10,35688.86384,1.69E-07,2.12E-09,3.40E-18,9.30E-07,0.824376633,1.533855553,2.731067381,4.663821242,3.645687414,0.354285964,5.545154635,16.1778322
7.87E-05,0.612366979,0.014481022,2.15E-09,42581.71718,1.60E-07,1.63E-09,1.43E-18,7.69E-07,0.495119559,1.023671041,2.30397143,5.188895491,4.174740708,0.413623796,4.604586751,14.91976603
2.21E-05,0.565236886,0.03040747,4.31E-09,16432.27122,1.54E-09,1.04E-09,2.99E-18,2.57E-07,9.818480346,19.74186669,0.002413233,1.68E-05,6.05E-25,0,0.001932196,9.262916077
9.59E-05,0.713066838,0.045137625,4.08E-09,6234.265153,1.28E-07,8.32E-10,3.83E-18,6.78E-07,1.036266168,6.13E-08,8.00E-15,1.58E-38,0,0,0.272157777,9.518676001
6.67E-05,0.89401809,0.039922423,3.37E-09,26469.34056,3.55E-08,2.26E-09,3.10E-18,1.00E-06,10.91360599,18.53871908,0.270440928,4.49E-08,1.39E-29,0,0.145255806,9.459143241
1.97E-05,0.527621901,0.033041926,3.29E-09,31105.642,4.20E-09,2.24E-09,1.12E-18,4.39E-07,1.177706787,2.093327287,3.262515673,4.366295643,2.98841749,0.29182677,5.378206731,15.93370311
6.57E-05,0.616793927,0.014607092,8.60E-10,48830.76928,3.64E-07,2.13E-09,3.31E-18,3.34E-07,0.566111955,1.104703725,2.264563545,4.67181192,4.28976491,0.578825437,5.144150603,15.65544073
5.95E-05,0.820080986,0.072728244,3.30E-09,12963.84413,1.39E-07,2.80E-09,3.25E-18,4.26E-07,12.82689082,0.020049621,5.86E-08,3.72E-28,0,0,0.019158718,9.24153752
2.74E-05,0.864816145,0.07569469,1.38E-09,14547.86745,6.49E-08,4.77E-10,2.80E-18,5.84E-07,0.506341394,1.169669518,2.993065382,7.664409509,6.159326748,0.148989964,4.269867212,14.44383419
1.37E-05,0.86862315,0.06246053,3.33E-09,25920.66474,7.93E-08,2.53E-09,2.82E-18,8.87E-07,12.1753449,16.49234626,0.30019451,6.84E-07,1.87E-27,0,0.023166069,9.442003832
3.85E-05,0.651522406,0.042694806,3.19E-09,24779.16605,2.65E-07,2.06E-09,3.01E-18,6.75E-07,14.8971039,9.580759193,0.073843116,1.50E-06,1.43E-26,0,0.033769096,9.436461325
6.99E-05,0.593483092,0.047576909,1.89E-09,36503.51976,3.48E-07,2.41E-09,1.15E-18,5.30E-07,0.632400515,1.277003314,2.787201654,5.277582035,3.579993253,0.427787279,4.249875056,14.48101504
9.74E-05,0.870916683,0.015016297,1.50E-09,31577.69441,1.97E-07,9.73E-10,2.95E-18,9.01E-07,0.478536618,1.164851299,3.316049938,9.076563944,3.294492634,0.006367808,3.585050159,13.51761019
1.84E-05,0.778152211,0.055072,2.44E-09,36383.17783,2.39E-07,6.05E-10,2.53E-18,8.13E-07,0.329846263,0.852996436,3.694440593,7.923965677,1.262495871,0.000241994,2.20137645,11.80443721
5.82E-05,0.639538581,0.036998815,3.27E-09,34470.89655,1.61E-07,2.17E-09,2.78E-18,4.09E-07,5.605762882,15.60957164,2.452571919,0.000397598,9.55E-14,6.61E-44,0.359806711,9.785885849
3.48E-05,0.544305369,0.011762217,3.91E-09,43975.10656,1.21E-07,1.67E-09,2.69E-18,3.22E-07,3.629550261,13.91944413,3.134452918,0.00059381,3.38E-07,8.49E-29,0.333432339,9.764442665
6.33E-05,0.60828387,0.035078683,2.01E-09,12301.01815,3.24E-07,1.20E-09,1.71E-18,2.76E-07,1.0192391,2.555445524,8.11758269,7.827377892,0.71552695,3.93E-05,2.793252138,12.53421639
7.73E-05,0.758676254,0.070040915,2.65E-09,39452.12446,2.31E-07,1.56E-09,1.14E-18,9.95E-07,0.46471481,1.09562615,2.909166636,6.903324064,4.470525753,0.162605739,3.547218676,13.52531909
3.98E-05,0.762408204,0.030841542,1.27E-09,46267.77132,6.19E-09,2.12E-09,1.66E-18,4.64E-07,0.691745214,1.257800667,2.161542109,3.82297067,4.68923416,1.888069263,7.523539394,18.84889759
9.79E-05,0.839905481,0.011133122,3.81E-09,9504.530756,3.97E-07,4.51E-10,1.67E-18,5.32E-07,0.879173275,6.017666558,10.24252946,0.869873663,0.000935727,1.71E-12,1.310422953,10.71212546
5.06E-05,0.593506222,0.065935929,3.30E-09,24177.72536,1.12E-07,2.93E-09,3.35E-18,7.25E-07,21.38730987,3.0849339,4.24E-05,1.60E-12,4.14E-37,0,0.050438631,9.279515498
8.57E-05,0.601785182,0.069855026,1.20E-09,35496.42039,3.43E-07,1.82E-09,1.53E-18,9.73E-07,0.557358162,1.037306599,1.948111528,3.666325795,3.756307027,1.068018407,5.245902547,15.85853982
3.19E-05,0.651311403,0.059978837,4.54E-09,8172.720822,1.44E-07,1.88E-09,1.59E-18,7.96E-07,22.01595119,8.077912136,0.041590836,3.32E-07,5.57E-28,0,0.003872667,9.34627812
1.29E-05,0.500824026,0.022638942,4.00E-09,24454.49636,3.68E-07,1.46E-09,2.22E-18,3.90E-07,7.037672283,12.88338287,0.728459909,0.000643775,6.32E-08,5.80E-11,0.054987993,9.653130157
2.13E-05,0.784802129,0.042202578,4.60E-09,15356.78867,1.91E-07,3.61E-10,1.43E-18,4.59E-07,0.454160848,1.494871366,8.160197883,4.874536328,0.074010971,4.80E-07,1.497401781,10.9809953
8.06E-05,0.878240989,0.063613443,2.48E-09,38499.88047,2.13E-08,1.00E-09,3.03E-18,3.74E-07,0.596331897,1.604839327,8.555226313,9.036714671,0.012051113,3.21E-10,2.344424122,11.94998644
5.05E-05,0.55762698,0.037177731,3.08E-09,19651.58036,3.76E-07,2.84E-09,3.53E-18,9.10E-07,12.6041157,0.06080488,3.75E-06,2.76E-17,0,0,0.161841809,9.39766118
7.78E-05,0.779322273,0.068215805,1.44E-09,26785.61048,7.54E-08,2.98E-09,1.60E-18,5.30E-07,1.019163469,2.108356724,4.861499988,8.515282578,4.411757258,0.202467947,4.867998515,15.26896344
8.65E-05,0.838427738,0.060657388,4.67E-09,24601.36737,3.29E-07,1.96E-09,2.71E-18,4.38E-07,11.30939163,0.0514168,4.23E-06,4.94E-13,3.52E-37,0,0.126988546,9.35948375
5.89E-05,0.696621039,0.023775079,1.38E-09,44074.49764,1.44E-07,4.72E-10,3.36E-18,3.20E-07,0.219842198,0.482937645,1.18032133,3.324533607,5.832871737,0.998438161,4.382627824,14.597947
8.20E-05,0.851276986,0.056103907,1.48E-09,8921.075208,2.60E-07,1.45E-09,1.44E-18,3.40E-07,1.241798981,3.017063056,7.55942379,10.51257223,2.667589958,0.014370768,3.7951428,13.84131315
7.70E-05,0.641898382,0.014619141,1.39E-09,36455.31279,1.03E-07,1.91E-09,2.57E-18,5.79E-07,0.704968413,1.440204626,3.277721784,7.045450896,3.801167901,0.082858218,4.656397242,14.94563199
9.21E-05,0.714260979,0.052402894,1.09E-09,48316.8975,5.68E-08,2.33E-09,3.14E-18,6.54E-07,0.682953726,1.354041829,2.965514112,6.531471001,5.146053893,0.249835979,4.990602332,15.37473763
1.70E-05,0.66349587,0.013149555,7.18E-10,7879.633148,1.72E-07,1.49E-09,2.75E-18,8.03E-07,1.563745924,2.779894284,4.95644327,6.858970622,3.272009474,0.216529957,5.626006759,16.33810291
3.86E-05,0.547334654,0.043465932,3.16E-09,15125.39806,1.80E-08,1.37E-09,2.09E-18,4.50E-07,1.63031963,8.015623664,15.47018901,1.764250717,3.41E-06,7.77E-09,1.634376118,11.11487986
2.24E-05,0.67558223,0.019179277,2.51E-09,41911.31174,3.50E-07,2.91E-09,3.13E-18,7.74E-07,3.935410847,14.90889735,4.070823818,0.008747324,4.99E-09,3.75E-32,0.30190246,9.891477467
9.27E-05,0.837907928,0.022879476,1.68E-09,46764.48637,5.37E-09,1.37E-09,1.25E-18,7.17E-07,0.466624714,0.871411434,1.629288979,3.287690175,4.8849175,2.578438578,7.925516386,19.37874946
2.46E-05,0.699949996,0.039705875,3.71E-09,8860.91671,2.44E-07,5.31E-10,2.43E-18,2.93E-07,6.265987877,14.30242888,1.391484594,0.000534324,2.77E-13,5.59E-43,0.104593286,9.68772649
8.71E-05,0.525048295,0.038630624,4.10E-09,32236.84877,1.26E-07,2.55E-09,3.08E-18,5.13E-07,18.3325129,2.031474466,4.55E-05,1.91E-06,3.06E-09,1.32E-32,0.325596018,9.577395012
4.34E-05,0.677018828,0.037439732,2.92E-09,41735.96273,2.94E-07,9.57E-10,3.36E-18,7.68E-07,0.676629525,8.042855597,7.714993191,0.138408201,2.11E-06,3.91E-27,0.644256111,10.13561363
1.55E-05,0.654993054,0.063777927,2.19E-09,41463.75196,3.72E-07,1.88E-09,1.09E-18,7.41E-07,0.466031513,1.005750893,2.463893217,5.433213085,4.281214448,0.453905505,3.780870262,13.8718207
3.02E-05,0.865985926,0.070824823,1.24E-09,33255.65295,2.44E-07,9.51E-10,1.98E-18,9.26E-07,0.361764464,0.800411776,1.912102955,4.557953369,5.834394647,1.583630722,4.871143863,15.32241853
5.51E-05,0.519705643,0.061168457,1.78E-09,14484.04529,1.09E-07,2.30E-09,1.18E-18,3.97E-07,1.449331906,2.493169139,3.809934296,4.651110251,2.449190723,0.250027196,4.792484097,15.23728955
6.76E-05,0.548043984,0.078304453,2.15E-09,33558.79027,3.35E-07,2.16E-09,2.23E-18,2.55E-07,0.884242755,2.692515549,10.16947574,5.619185001,0.054252609,1.32E-07,1.983431271,11.53540554
2.98E-05,0.585696417,0.031286888,4.85E-09,17242.42907,1.41E-07,1.71E-09,1.49E-18,5.19E-07,5.980252315,16.25932405,2.950696329,0.003701772,6.74E-10,7.01E-34,0.219219303,9.807793167
1.50E-05,0.82245518,0.021049911,4.61E-09,44289.77489,3.29E-07,1.46E-09,3.69E-18,4.04E-07,11.05175583,0.057343881,2.46E-07,3.29E-14,2.43E-38,0,6.48E-05,9.242357691
4.28E-05,0.715715495,0.017721183,2.22E-09,18398.75343,3.21E-07,8.48E-10,2.54E-18,7.53E-07,0.758819371,2.703291833,11.0188952,4.696650867,0.028251264,1.54E-08,1.717631414,11.21169848
7.92E-05,0.741955126,0.07024274,4.78E-09,40026.05938,3.38E-07,4.68E-10,3.60E-18,7.11E-07,6.370857469,7.047985593,0.032848511,3.77E-07,1.75E-19,0,0.119616744,9.519244615
6.24E-05,0.6055625,0.03607373,4.80E-09,42257.72779,2.75E-07,1.38E-09,2.63E-18,3.81E-07,10.83621948,7.159713002,0.032168935,1.26E-06,2.22E-26,0,0.220601563,9.593961211
8.01E-05,0.74128895,0.034803899,1.46E-09,30032.38843,3.76E-07,1.35E-09,2.67E-18,8.70E-07,0.592067165,1.478110034,4.515734429,9.462270453,2.233255811,0.003154344,3.195315268,13.03437884
2.75E-05,0.733200863,0.066893124,8.38E-10,42430.88297,1.00E-07,1.97E-09,2.25E-18,4.01E-07,0.586336561,1.082367195,1.979967829,3.834548179,4.61151844,1.721698198,6.389708065,17.41066473
6.37E-05,0.669626599,0.028301136,4.39E-09,36311.31729,3.72E-07,5.62E-10,1.66E-18,8.43E-07,0.330838918,1.176640138,6.95168567,4.054511502,0.069566049,1.97E-06,1.484054211,10.91486613
3.63E-05,0.785523211,0.038148719,2.42E-09,39499.17255,2.81E-08,2.09E-09,1.05E-18,8.83E-07,0.623088318,1.263800489,2.835213708,6.069092582,5.728770239,0.794121837,5.273523381,15.83106013
8.13E-05,0.681174866,0.030627864,4.75E-09,29836.4641,3.91E-07,6.82E-10,3.81E-18,9.76E-07,11.49542906,0.321406349,1.06E-06,5.68E-13,5.25E-36,0,0.307831207,9.557866645
1.15E-05,0.520813777,0.058630167,3.90E-09,22140.76712,2.33E-07,1.90E-09,2.11E-18,8.89E-07,8.580034838,14.78080616,0.80559465,0.000282772,7.15E-08,5.39E-30,0.060530135,9.631316554
2.67E-05,0.543417497,0.01119518,2.06E-09,34521.8461,1.97E-08,1.01E-09,1.78E-18,7.31E-07,0.590213202,1.09551824,1.873217328,2.978002418,3.443523912,1.004556183,6.306020099,17.19767442
7.17E-05,0.892775482,0.062856543,3.72E-09,7686.619183,1.94E-07,1.30E-09,2.03E-18,9.09E-07,18.22337619,11.00785942,0.123090325,3.53E-06,4.23E-26,0,0.077485862,9.459901515
8.67E-05,0.516428699,0.036188228,3.44E-09,43263.11712,1.67E-07,2.44E-09,3.94E-18,3.98E-07,16.83270538,3.290693508,8.27E-05,2.17E-06,1.60E-08,3.34E-31,0.34280329,9.596315686
1.65E-05,0.862612561,0.052985118,4.33E-09,30942.50581,3.99E-07,7.72E-10,3.88E-18,6.35E-07,11.94417999,1.332346552,1.49E-05,1.55E-11,6.66E-34,0,0.000262384,9.282406971
5.62E-05,0.640633435,0.068638962,4.43E-09,41610.25746,3.22E-07,2.00E-09,1.15E-18,3.52E-07,0.708513839,2.632797279,9.757657594,4.057672793,0.048276756,5.83E-07,1.51899702,10.97424461
6.40E-05,0.735843166,0.063378132,3.35E-09,9330.61988,2.59E-07,1.77E-09,2.68E-18,3.03E-07,21.24859132,1.25225184,0.000402709,1.04E-10,5.20E-34,0,0.073113466,9.31112082
3.62E-05,0.630668152,0.033185289,1.60E-09,47130.65979,3.02E-08,2.98E-09,3.27E-18,8.15E-07,0.988607301,2.328206955,7.971857162,9.952802148,0.432612411,2.81E-09,2.998503206,12.77912235
1.57E-05,0.718346246,0.021487373,2.81E-09,34947.5445,2.99E-07,1.29E-09,3.11E-18,9.62E-07,1.19265587,10.90661547,6.880565975,0.071891522,4.83E-07,2.23E-28,0.519485529,10.09645716
3.80E-05,0.718084949,0.071520043,4.08E-09,46985.05289,2.60E-07,2.67E-09,2.10E-18,3.13E-07,4.706124093,13.74426703,2.496982444,0.003495713,1.79E-09,8.21E-33,0.185451327,9.784728864
6.16E-05,0.894713738,0.028980869,2.10E-09,14712.48894,1.73E-07,1.01E-09,3.01E-18,3.27E-07,1.260146726,7.166636962,14.0841744,1.416438193,4.53E-05,4.65E-25,1.401889041,10.84744121
7.60E-05,0.589339545,0.056676856,4.64E-09,35832.73786,1.69E-07,1.52E-09,2.00E-18,6.99E-07,3.179166529,13.14758902,3.554286342,0.00580685,3.78E-09,3.70E-32,0.448252729,9.885868196
5.18E-05,0.817749351,0.037813054,4.92E-09,7363.694353,1.20E-07,1.96E-09,1.11E-18,5.43E-07,11.04920938,20.0971649,1.877687833,0.001298579,1.50E-12,1.48E-41,0.206094043,9.68358288
1.67E-05,0.89688341,0.053630097,2.09E-09,43572.35666,3.86E-07,2.28E-09,3.48E-18,5.84E-07,1.135928739,9.599046769,9.92886162,0.285847572,7.52E-06,2.46E-26,0.781376411,10.32531988
3.00E-05,0.891555329,0.022355289,4.69E-09,45434.65948,1.37E-07,2.52E-09,1.36E-18,9.33E-07,1.029950087,6.515104313,11.93755257,1.070276787,0.000275306,2.67E-14,1.068441571,10.57608932
3.90E-05,0.623828662,0.070734049,2.31E-09,45554.69701,3.11E-07,6.67E-10,2.49E-18,8.09E-07,0.282774627,0.708370461,2.50858773,7.374522605,2.160844946,0.004147271,2.393572229,12.0443128
8.28E-05,0.562715308,0.02700821,2.02E-09,9284.280392,1.54E-09,2.88E-09,1.92E-18,8.06E-07,3.168197926,5.328709106,8.800560565,6.385327834,0.389189468,3.79E-08,4.30742087,14.41139295
5.36E-05,0.762694796,0.059236364,1.06E-09,47844.22978,1.11E-07,2.25E-09,2.87E-18,9.23E-07,0.598849882,1.260181816,2.971892058,6.687147559,5.591314984,0.417673162,4.796350306,15.16943337
3.88E-05,0.63755083,0.020687584,6.82E-10,8857.873782,8.09E-08,1.54E-09,1.81E-18,4.53E-07,1.48128052,2.491631495,3.674874961,4.710154719,3.390275293,0.810113339,7.677876479,19.36481779
8.79E-05,0.850533874,0.042773107,3.95E-09,10189.66005,2.41E-07,1.28E-09,3.32E-18,9.05E-07,5.834092117,0.000664707,2.49E-09,6.76E-30,0,0,0.214973986,9.455912826
9.85E-05,0.876558415,0.024188554,2.09E-09,46740.83684,3.17E-07,3.37E-10,2.37E-18,6.10E-07,0.153028005,0.348909182,0.883899114,2.798553322,4.954035904,0.853748276,3.728650778,13.72859832
8.59E-05,0.874894307,0.031856586,4.08E-09,31160.12951,1.51E-07,2.36E-09,3.68E-18,6.83E-07,10.22618943,0.005957024,3.51E-09,6.43E-30,0,0,0.254200306,9.498958758
6.85E-05,0.528639935,0.066263559,4.05E-09,24109.44337,3.70E-07,7.33E-10,1.42E-18,6.97E-07,0.511632549,1.735277408,8.237125415,4.603710466,0.081947137,2.33E-06,1.611313,11.07452891
9.29E-05,0.875934614,0.019751735,9.22E-10,36270.36149,2.86E-09,1.64E-09,2.28E-18,3.38E-07,0.644920637,1.196544403,2.255858616,4.494116126,5.652690271,2.194999799,7.919599812,19.29458669
5.65E-05,0.57600078,0.022069513,3.17E-09,27383.12226,1.29E-07,1.81E-09,1.87E-18,9.01E-07,1.12593243,5.702077493,13.55265551,2.321683643,0.000549012,1.11E-13,1.662144534,11.13930893
9.18E-05,0.761142068,0.061844396,4.50E-09,15438.49734,3.54E-07,6.93E-10,1.97E-18,4.13E-07,4.00333241,12.27590843,2.323202423,0.005573544,1.27E-08,4.18E-31,0.347936452,9.826667424
8.44E-05,0.689490155,0.0487153,3.64E-09,43931.15984,8.67E-08,1.32E-09,1.40E-18,3.07E-07,0.493237451,1.264476367,4.698180654,9.247588594,1.400526451,0.000170014,2.798052965,12.52599335
8.74E-05,0.671737991,0.022186014,7.23E-10,29488.79913,2.89E-07,1.15E-09,2.36E-18,8.98E-07,0.479602292,0.887015102,1.619329967,3.129046031,3.985485289,1.705254744,6.648139025,17.79186542
9.16E-05,0.759304449,0.029486192,1.05E-09,45977.20561,4.00E-08,1.83E-09,2.46E-18,2.91E-07,0.575140246,1.084101972,2.090155854,4.346955623,5.260686584,1.529850648,6.513843779,17.45214769
7.85E-05,0.858956578,0.019698919,1.86E-09,25834.31183,2.25E-07,1.72E-09,3.91E-18,5.16E-07,1.441376566,11.63343579,10.90457789,0.174113327,3.92E-07,8.26E-29,1.110276714,10.4941084
6.53E-05,0.832414494,0.054976001,7.53E-10,11285.78528,3.20E-07,2.89E-09,3.71E-18,6.82E-07,2.144840067,5.651658341,14.51579455,9.814012059,0.226203622,3.70E-07,3.121635503,12.95044649
3.73E-05,0.528359609,0.066168522,7.90E-10,44785.83765,3.61E-07,2.27E-09,1.26E-18,3.53E-07,0.572584879,1.010222737,1.606844181,2.326199339,2.570567891,1.267863697,6.34780342,17.52534085
9.03E-05,0.593939172,0.019230357,1.79E-09,22227.48515,1.01E-08,9.32E-10,1.90E-18,6.79E-07,0.757907615,1.389416766,2.32394985,3.727745429,3.89586866,0.87327429,6.723062767,17.68795225
6.56E-05,0.550252114,0.073296215,4.06E-09,47175.29452,1.32E-07,9.49E-10,1.65E-18,2.85E-07,0.406174675,1.126859713,6.452010979,6.886542116,0.223241583,2.37E-06,1.89918519,11.42350222
3.51E-05,0.64987695,0.026830854,9.48E-10,47453.63486,2.79E-07,2.79E-09,2.24E-18,6.65E-07,0.646752213,1.224246135,2.392662537,4.592991642,4.277019026,0.887312925,5.304728581,15.9439496
7.79E-05,0.575048041,0.068577734,3.05E-09,48754.16811,1.38E-07,2.46E-09,3.55E-18,4.86E-07,7.214887112,15.14373044,0.837110227,8.96E-06,1.47E-25,0,0.191225835,9.601582727
4.03E-05,0.82117251,0.076313426,3.75E-09,47769.42747,3.88E-08,6.03E-10,2.97E-18,8.92E-07,0.405947684,1.876112485,10.62578311,2.800137526,4.28E-05,4.41E-25,1.276104254,10.70716432
6.20E-05,0.879657224,0.044370257,6.50E-10,20526.86086,1.02E-07,2.05E-09,1.45E-18,6.36E-07,0.782212911,1.457698602,2.944924935,5.58773369,5.410721693,1.756128592,6.994154656,18.29239508
9.08E-05,0.847784264,0.039796367,3.26E-09,17893.08537,1.25E-07,2.64E-09,3.33E-18,7.93E-07,21.92218974,0.90121581,6.77E-06,1.49E-17,0,0,0.240566325,9.483993984
2.70E-05,0.512033547,0.017579957,4.22E-09,33902.97942,3.34E-08,8.10E-10,1.75E-18,7.66E-07,0.526473658,1.382286343,7.43891514,7.153375273,0.11874991,6.01E-08,2.037380613,11.60011296
9.07E-05,0.583277194,0.022453189,8.29E-10,18432.25046,4.41E-08,1.52E-09,1.76E-18,4.18E-07,1.00902746,1.744608525,2.628455783,3.336890408,3.003206519,1.129869407,8.749409292,20.8761765
1.34E-05,0.76652635,0.067617527,2.60E-09,34688.10938,1.12E-07,2.51E-09,1.39E-18,9.72E-07,0.857403562,2.180415585,6.749052172,10.55397352,1.487791768,0.000303209,2.989929109,12.79658416
2.22E-05,0.612421278,0.042596948,4.88E-09,28390.53344,5.09E-08,2.15E-09,1.82E-18,9.77E-07,5.654553193,17.5132264,3.128116299,0.000165211,6.20E-15,0,0.231259248,9.728890289
7.59E-05,0.806975075,0.07619481,3.79E-09,44998.20753,1.76E-07,8.73E-10,2.46E-18,8.34E-07,0.521775643,4.286660362,9.821891924,1.07866618,0.000119844,3.83E-15,0.979398736,10.40774958
4.35E-05,0.902702891,0.069697427,1.38E-09,31889.36595,7.45E-08,2.67E-09,3.71E-18,4.37E-07,1.272713846,3.558715258,14.61051653,7.54803282,0.004989364,8.44E-12,2.418212432,12.05670473
1.02E-05,0.702673169,0.021952206,1.61E-09,41271.63038,2.01E-07,1.76E-09,1.13E-18,9.35E-07,0.451478229,0.897729482,1.908391038,4.109158565,4.629494365,1.411144109,5.218253293,15.8500473
6.50E-05,0.763771136,0.073636013,2.61E-09,32501.30586,2.46E-07,2.53E-09,3.34E-18,7.89E-07,7.414099188,16.09728401,1.422106258,0.000158525,1.24E-14,0,0.14720246,9.654135205
3.76E-05,0.724006436,0.055126505,4.55E-09,12840.87071,1.90E-07,2.36E-09,2.13E-18,9.70E-07,16.54735275,0.226905978,2.93E-05,1.76E-15,0,0,9.20E-05,9.231009659
5.69E-05,0.871274182,0.027120633,2.17E-09,6697.70928,3.76E-09,2.67E-09,3.62E-18,4.02E-07,34.88310544,15.50011448,6.87E-05,2.43E-17,0,0,0.118230155,9.349893961
7.74E-05,0.85215126,0.076060877,7.55E-10,40236.48956,2.93E-07,2.44E-09,2.94E-18,7.96E-07,0.614249895,1.346450532,3.258492028,6.844300002,5.909696379,0.774881407,5.023080129,15.50983546
9.90E-05,0.57004199,0.07804995,9.82E-10,28477.56566,4.72E-08,3.46E-10,2.56E-18,2.87E-07,0.307654966,0.574882883,0.997290009,1.544543046,2.184124086,1.860924601,7.508473152,18.97015449
8.90E-05,0.658401271,0.04794266,8.15E-10,45676.38193,7.59E-08,1.62E-09,2.82E-18,8.87E-07,0.56325658,1.035302251,1.774121568,3.042938202,3.885453866,1.685834356,6.842336755,17.99238948
7.29E-05,0.684196962,0.079041306,1.53E-09,10551.30215,1.00E-09,2.47E-09,1.38E-18,9.42E-07,2.28015589,3.728355911,5.443978351,6.540070579,3.277541017,0.308219882,6.130902212,16.8658743
4.66E-05,0.639794723,0.063128673,3.89E-09,11051.8626,1.50E-08,2.30E-09,2.76E-18,7.74E-07,29.33067384,3.470050116,2.76E-07,1.27E-27,0,0,0.032603776,9.25623023
1.87E-05,0.572526785,0.048941784,3.17E-09,40147.38381,2.50E-09,1.04E-09,3.16E-18,5.14E-07,0.743630951,2.760147649,15.53088053,2.300052306,1.45E-05,3.21E-08,1.546797065,10.99053226
8.55E-05,0.5147602,0.043699295,8.14E-10,12465.58069,2.51E-07,2.60E-09,3.64E-18,6.09E-07,1.963987968,3.436507042,5.510248039,5.840410188,1.342982897,0.00783694,4.137522194,14.30328478
7.48E-05,0.58166508,0.032303317,4.87E-09,35617.60641,2.58E-07,9.62E-10,2.33E-18,6.89E-07,4.244858856,11.30595545,1.334791861,0.00054735,1.74E-10,3.36E-34,0.406377632,9.840799724
6.93E-05,0.756740169,0.041795941,3.39E-09,33351.85038,2.70E-07,2.18E-09,2.90E-18,5.00E-07,11.35297487,11.38142142,0.189692786,1.10E-05,4.61E-25,0,0.18819853,9.606341643
2.25E-05,0.533113189,0.021241663,3.51E-09,7716.566046,2.93E-07,2.19E-09,1.80E-18,3.63E-07,21.37514348,9.382847976,0.101783132,5.80E-06,7.04E-26,0,0.008391428,9.390270042
4.45E-05,0.75100371,0.060254304,2.49E-09,7942.686419,3.33E-07,1.82E-09,1.31E-18,8.19E-07,2.175305445,7.603362819,15.35561087,3.299148613,0.009565426,2.80E-09,1.725091465,11.23988737
1.44E-05,0.814106738,0.010833059,4.40E-09,17144.14851,1.62E-07,2.14E-09,1.86E-18,5.20E-07,15.98013972,11.21965664,0.144682606,5.59E-06,1.10E-25,0,0.011537108,9.456390297
7.21E-05,0.610564871,0.028163901,1.88E-09,22363.18147,3.81E-07,8.31E-10,3.37E-18,7.12E-07,0.683279944,2.678216774,10.9866982,4.066562158,0.013728017,2.62E-09,1.835667836,11.33403878
9.95E-05,0.885776065,0.053109517,3.45E-09,6482.028261,3.92E-07,2.11E-09,1.18E-18,7.91E-07,5.983993218,18.65173388,6.227340648,0.065503157,1.09E-06,3.68E-28,0.667218633,10.03944311
8.52E-05,0.755123278,0.07036614,3.13E-09,8728.627526,3.47E-07,1.65E-09,1.96E-18,7.57E-07,11.08531672,16.84147555,1.082381785,0.000945146,1.25E-12,1.06E-41,0.189507413,9.66569393
6.68E-05,0.609935191,0.03015698,1.28E-09,33495.24184,1.09E-07,2.10E-09,3.85E-18,2.89E-07,0.935628128,2.250879425,7.931376281,8.963021717,0.606617056,4.96E-08,3.090941706,12.89249801
2.17E-05,0.767774701,0.071603701,1.01E-09,19911.3154,6.21E-08,1.18E-09,1.58E-18,9.04E-07,0.66701194,1.217074284,2.230312146,4.262346453,4.80195465,1.714933767,6.640692272,17.76625674
5.15E-05,0.672694741,0.07213054,1.36E-09,42647.73386,1.13E-07,1.54E-09,2.99E-18,7.81E-07,0.547182119,1.195498559,3.002397982,7.619452517,4.173032027,0.04107811,3.873851321,13.93990654
3.67E-05,0.691745102,0.044677174,2.06E-09,40710.57646,2.66E-07,2.34E-09,1.78E-18,4.43E-07,0.684034346,1.725481156,5.437180868,9.393089458,1.674857227,0.001357986,2.843809982,12.61679702
4.99E-05,0.795947629,0.051745801,3.20E-09,35926.6257,3.41E-07,5.03E-10,1.67E-18,4.41E-07,0.254971567,0.633685168,2.118324283,6.59679441,2.371556541,0.014176519,2.342967804,11.97995769
3.82E-05,0.807365882,0.020033182,3.09E-09,18093.14308,1.71E-08,2.55E-09,1.10E-18,2.73E-07,1.473319643,3.642677395,10.20726792,12.10785129,0.866028786,1.15E-06,3.519457234,13.45787036
2.57E-05,0.801325007,0.062628658,4.70E-09,21994.70351,3.32E-07,2.86E-09,3.30E-18,3.95E-07,0.004055663,1.85E-08,1.30E-14,1.56E-37,0,0,2.97E-06,9.220613457
4.56E-05,0.704595901,0.075053618,8.87E-10,8686.987563,1.22E-07,9.36E-10,1.93E-18,8.01E-07,1.011052612,1.818420777,3.294697941,5.560741652,4.331071105,0.834004345,5.762311024,16.53716218
6.96E-05,0.85804604,0.07715539,3.64E-09,27472.4912,1.18E-07,1.31E-09,2.84E-18,5.76E-07,5.381339711,14.93175045,2.102456845,8.89E-05,2.63E-15,0,0.187988436,9.668787593
8.66E-05,0.711485241,0.052947786,3.23E-09,16024.20376,3.03E-07,2.56E-09,3.46E-18,6.36E-07,10.21137094,0.016367351,3.31E-07,1.14E-26,0,0,0.190471559,9.429042362
2.94E-05,0.890677178,0.066255386,2.97E-09,43848.07793,1.64E-07,2.25E-09,2.81E-18,2.88E-07,1.667713204,13.15111003,7.193265174,0.039242715,3.99E-08,1.71E-30,0.536547855,10.09780109
6.12E-05,0.73828231,0.04740543,3.52E-09,43145.8923,7.34E-08,1.94E-09,1.79E-18,5.71E-07,0.82232804,2.939965549,12.55313667,4.577345544,0.004764419,1.24E-11,1.857524343,11.37386368
5.80E-05,0.690142916,0.059038674,3.68E-09,13262.7548,6.35E-08,3.85E-10,3.92E-18,7.28E-07,7.098794313,13.64603757,0.239446184,2.52E-08,1.05E-29,0,0.105924286,9.451646391
2.09E-05,0.829247928,0.028599559,3.20E-09,15487.47743,1.01E-07,1.87E-09,2.52E-18,9.66E-07,9.561743952,19.01895567,1.249828567,2.66E-05,1.05E-24,0,0.093478284,9.587649246
1.80E-05,0.50496482,0.031580278,4.52E-09,33169.67322,4.56E-10,1.16E-09,1.88E-18,3.49E-07,0.808881763,2.085490615,11.50704394,5.171662158,0.001925134,4.16E-08,2.025749497,11.56587179
5.86E-05,0.816262709,0.063493218,3.86E-09,15734.01067,1.51E-07,1.52E-09,3.87E-18,5.57E-07,6.951604264,0.000269462,1.06E-10,3.57E-32,0,0,0.035373726,9.259257407
4.67E-05,0.896214553,0.013175586,1.08E-09,27892.29304,5.96E-08,2.91E-09,3.78E-18,6.90E-07,1.340606846,3.434917302,10.6808049,12.69841898,0.444267204,8.28E-08,3.275414614,13.12211371
9.76E-05,0.830834335,0.052657815,3.04E-09,48433.45874,2.10E-07,2.61E-09,1.15E-18,9.97E-07,0.634379383,1.596541702,4.895051926,9.103733102,1.941294722,0.004117343,2.997872974,12.7921867
8.46E-05,0.677178597,0.078701827,4.96E-09,25599.1069,2.23E-07,2.58E-09,3.91E-18,2.58E-07,5.44E-06,3.85E-13,1.06E-28,0,0,0,0.069043848,9.296074063
6.73E-05,0.727986371,0.026729202,1.34E-09,38255.86258,2.14E-07,2.99E-09,1.52E-18,4.16E-07,0.724192354,1.488092762,3.390562117,6.528172277,4.681310503,0.542965058,4.933044779,15.38856822
4.69E-05,0.77679607,0.043086997,4.36E-09,21175.95664,1.41E-07,4.87E-10,3.42E-18,4.88E-07,8.471740344,9.507902861,0.059230684,9.47E-08,1.82E-28,0,0.030901106,9.427236681
7.58E-05,0.835418719,0.021611659,1.45E-09,48468.76426,1.30E-07,2.74E-09,1.91E-18,8.76E-07,0.631667807,1.449604991,3.675388375,7.968769734,5.466065148,0.275683989,4.610371569,14.89758035
6.74E-05,0.562168642,0.010353377,4.83E-09,38876.72815,2.68E-07,1.53E-09,2.99E-18,4.11E-07,13.76315511,1.762727904,8.01E-05,8.57E-11,4.66E-33,0,0.385790811,9.643610857
9.47E-05,0.556739428,0.046690061,2.83E-09,43455.44815,7.40E-08,1.44E-09,1.82E-18,7.49E-07,0.562739398,1.29153805,4.148086763,7.842255009,1.748533724,3.63E-05,3.174534184,13.00657739
1.61E-05,0.906057269,0.057523159,1.16E-09,12913.92878,2.76E-07,8.14E-10,2.92E-18,7.88E-07,0.751016449,1.837724642,5.106323329,10.40878914,2.878111307,0.004932,3.422318988,13.35497438
7.36E-05,0.587184432,0.058928612,2.97E-09,43825.69676,5.77E-08,2.90E-09,1.73E-18,8.20E-07,0.988399294,2.59147555,10.33930327,7.324150413,0.098363816,1.43E-08,2.506692828,12.16651218
2.42E-05,0.604735767,0.034460485,1.15E-09,14417.98164,1.16E-07,1.84E-09,3.76E-18,8.38E-07,1.54299581,3.713553891,11.33546101,7.165370243,0.216730848,2.28E-11,2.751316165,12.49475204
4.21E-05,0.558655032,0.036405603,1.47E-09,45077.64454,2.37E-07,1.19E-09,2.79E-18,4.40E-07,0.432051669,0.891363003,2.004992457,4.974427512,3.811047069,0.25437074,3.836122669,13.9136003
8.36E-05,0.540217674,0.078591833,1.04E-09,7849.971401,2.92E-07,1.65E-09,2.02E-18,3.54E-07,1.671509512,2.90601615,4.749552239,5.565593765,2.099000765,0.112111673,4.270849866,14.49471981
2.53E-05,0.572088623,0.059529078,1.75E-09,34380.06533,3.18E-08,6.77E-10,3.42E-18,7.97E-07,0.440854345,0.908174463,2.098251446,6.386800817,3.615357039,0.025002842,3.501067969,13.42617251
8.94E-05,0.706112128,0.052017665,1.34E-09,38722.97206,3.48E-07,7.05E-10,1.13E-18,8.34E-07,0.230916634,0.456778616,0.94586513,2.162924586,3.611467429,2.298702536,5.839708497,16.72076703
2.43E-05,0.553384581,0.024901181,2.10E-09,46436.35251,2.18E-07,5.53E-10,1.68E-18,8.98E-07,0.227532638,0.45277315,0.925853647,2.101594677,3.616646641,1.462000831,4.55045899,14.91358686
3.54E-05,0.803086753,0.073432423,8.55E-10,33549.15209,1.96E-07,2.16E-09,2.55E-18,4.94E-07,0.660709089,1.3704912,3.157168784,6.509346479,5.615756055,0.808507394,5.161758837,15.70949142
5.17E-05,0.716456681,0.049877109,3.52E-09,36513.84841,1.58E-08,7.76E-10,2.97E-18,2.74E-07,0.635952902,3.408484788,13.42724179,1.889922853,8.22E-07,3.35E-28,1.38411729,10.80208296
1.08E-05,0.674749976,0.043789641,4.40E-09,33719.30825,2.81E-07,9.80E-10,3.64E-18,6.44E-07,12.89739313,2.051844611,3.78E-05,2.72E-11,9.75E-34,0,0.000298483,9.282147901
5.93E-05,0.571285058,0.053563124,4.69E-09,20785.49433,2.63E-07,2.63E-09,3.58E-18,9.89E-07,0.000313652,2.16E-10,1.00E-17,1.32E-42,0,0,0.131607147,9.364542316
5.35E-05,0.686587548,0.064115257,2.07E-09,49987.08786,2.98E-07,3.29E-10,2.71E-18,7.22E-07,0.150651643,0.347733152,0.902410449,3.199179254,4.887349064,0.538366268,3.20873483,13.0805197
6.98E-05,0.720955237,0.027912699,3.15E-09,29349.42682,2.54E-07,2.07E-09,3.44E-18,6.17E-07,16.0061729,7.110108827,0.015011039,6.68E-08,8.16E-29,0,0.252374794,9.566623316
9.54E-05,0.841910445,0.075580436,2.99E-09,35350.24148,4.52E-08,1.79E-09,3.33E-18,9.47E-07,2.141803637,16.62518824,6.097873292,0.000311807,1.61E-14,0,0.544738678,9.902592293
6.41E-05,0.51560665,0.023523604,4.62E-09,35253.58313,5.07E-08,5.43E-10,3.56E-18,6.60E-07,3.585403917,12.01101618,1.657093384,9.81E-06,6.18E-07,2.12E-09,0.449268368,9.732365517
7.34E-05,0.773271975,0.018607987,1.29E-09,42971.55276,2.97E-07,2.91E-09,1.33E-18,5.75E-07,0.594074416,1.240256037,2.897264441,5.88193069,5.033960415,0.957234563,5.086968505,15.60173231
4.55E-05,0.667047488,0.055538425,1.52E-09,14622.37091,1.67E-07,2.95E-09,1.47E-18,4.35E-07,1.519240045,3.16859754,6.943592396,8.455302655,1.994167643,0.020354243,3.880871187,13.97798177
3.29E-05,0.687412644,0.079531969,3.37E-09,11923.62592,8.73E-08,2.37E-09,2.34E-18,6.56E-07,21.57651766,12.54570944,0.055209101,7.32E-08,2.81E-29,0,0.005068342,9.335827649
1.28E-05,0.767278883,0.06197784,2.35E-09,48217.85346,1.43E-07,2.00E-09,3.31E-18,6.83E-07,0.932989356,6.272781575,12.79839672,1.104237635,1.41E-05,6.33E-26,1.136764823,10.63968745
2.38E-05,0.541253253,0.046158806,7.00E-10,21664.06513,8.99E-08,9.76E-10,1.93E-18,7.19E-07,0.666449552,1.176527089,1.843555512,2.415848728,2.480001035,1.316467326,7.991767532,19.95094265
9.03E-05,0.531065604,0.010155684,1.59E-09,13181.12355,2.82E-07,4.54E-10,1.51E-18,9.32E-07,0.469506727,0.876523346,1.585446086,2.886658541,3.275104151,1.00975391,5.765900739,16.53600381
3.05E-05,0.638981689,0.060732757,4.42E-09,11491.78347,1.54E-07,1.78E-09,1.40E-18,7.06E-07,7.102186649,17.99841848,3.220834097,0.00508537,8.25E-10,6.80E-34,0.239759927,9.815366087
6.27E-05,0.83667522,0.070497136,4.36E-09,35679.24746,9.03E-08,1.71E-09,1.48E-18,8.65E-07,0.88976993,4.495235215,12.55546152,2.624875254,0.001104087,7.65E-13,1.424631244,10.90855079
6.07E-05,0.606320144,0.046886904,2.37E-09,18238.12789,5.61E-08,9.21E-10,3.15E-18,7.51E-07,1.080376734,5.710359607,15.14151101,1.86324024,6.57E-06,1.18E-26,1.611477682,11.07814273
4.43E-05,0.562029771,0.030032741,2.46E-09,32385.02196,2.09E-07,2.38E-09,1.95E-18,5.85E-07,1.00562524,3.145009358,11.17962038,5.431241618,0.029740105,1.93E-08,2.074071456,11.63899278
9.43E-05,0.859654405,0.044296172,3.34E-09,42747.24197,3.49E-07,1.58E-09,3.39E-18,2.50E-07,7.430744473,11.38962752,0.305510152,2.96E-05,1.00E-15,0,0.251739817,9.685625875
3.96E-05,0.64497232,0.073793438,3.39E-09,13730.28417,5.32E-08,1.25E-09,2.07E-18,3.72E-07,1.900664584,14.56258479,11.2572592,0.066102861,1.85E-08,2.20E-31,0.842024358,10.34694267
7.68E-05,0.612924413,0.067890201,8.69E-10,8088.557048,3.02E-07,1.54E-09,3.96E-18,3.18E-07,1.836242141,4.33670251,11.32016692,6.938905161,0.328425112,5.11E-09,2.913843701,12.68948351
3.66E-05,0.791325838,0.052338627,3.00E-09,44683.87203,2.02E-07,9.73E-10,1.03E-18,8.12E-07,0.296314372,0.675023872,1.703884886,4.436018293,5.24004322,0.742233064,3.778319494,13.84984276
5.71E-05,0.625227372,0.029665745,4.97E-09,22078.57192,1.81E-07,2.26E-09,1.08E-18,4.67E-07,1.621955542,10.49638063,10.73817792,0.464540407,9.39E-05,2.08E-24,1.080491794,10.4677211
6.91E-05,0.874261253,0.069184142,3.75E-09,7777.17582,2.53E-07,1.95E-09,2.42E-18,4.54E-07,13.99275891,0.09876015,1.20E-05,9.05E-17,0,0,0.04203804,9.266542052
1.18E-05,0.637056883,0.036273178,3.67E-09,13411.08742,4.58E-09,1.42E-09,3.28E-18,7.94E-07,21.98195187,12.2654587,1.49E-05,8.22E-18,0,0,0.001058573,9.228953876
3.68E-05,0.746860867,0.066443212,4.20E-09,34905.26996,1.61E-07,2.50E-09,2.14E-18,5.52E-07,7.971811693,14.98570094,0.839948537,0.000111564,7.49E-15,0,0.062927407,9.618027496
7.06E-05,0.847014331,0.064598217,4.53E-09,42818.65856,2.56E-07,1.24E-09,3.11E-18,5.96E-07,11.93925072,5.467568671,0.005555217,3.47E-08,6.54E-29,0,0.068985908,9.420403408
1.60E-05,0.768625901,0.045135513,6.11E-10,38579.59946,2.42E-07,1.67E-09,1.16E-18,3.28E-07,0.413065987,0.764438047,1.456221895,2.967091703,4.06730764,2.222518244,6.848016361,18.22132579
2.10E-05,0.880885937,0.019921812,2.86E-09,32818.75522,3.86E-07,2.41E-09,2.90E-18,2.54E-07,6.493463693,14.77115644,1.595898534,0.001092957,1.14E-10,3.95E-35,0.118632216,9.709670905
6.20E-05,0.521442246,0.077647583,2.00E-09,39232.87079,1.03E-07,8.74E-10,3.37E-18,5.17E-07,0.47122382,1.153695734,5.171008677,7.632065624,0.903710562,6.32E-07,2.451640431,12.10540907
8.10E-05,0.826075997,0.021420275,4.20E-09,9388.977362,3.32E-07,5.12E-10,2.32E-18,6.49E-07,9.381374299,10.83210507,0.24870132,7.76E-05,6.84E-15,0,0.307660504,9.738207343
9.21E-05,0.621344852,0.055332136,1.12E-09,30145.38147,3.37E-07,2.39E-09,2.44E-18,9.69E-07,0.822520955,1.68472558,3.787217414,6.859623737,3.240422405,0.139823163,4.191202175,14.37080675
4.25E-05,0.678251736,0.059132495,3.54E-09,24970.91172,1.75E-07,1.17E-09,2.72E-18,4.28E-07,4.224669871,14.21092246,2.907815221,0.001102457,9.99E-11,4.21E-35,0.227716994,9.776766768
4.81E-05,0.588656551,0.058136118,4.23E-09,44574.11268,1.84E-07,2.95E-09,3.86E-18,9.14E-07,6.704725827,0.000333447,1.47E-10,7.93E-32,0,0,0.062312529,9.288709949
4.42E-05,0.822756543,0.014419346,2.25E-09,41827.72687,2.86E-07,9.59E-10,2.42E-18,6.22E-07,0.399863082,1.035496788,4.208695949,8.259827331,1.266313788,0.00033949,2.33134387,11.96032293
7.53E-05,0.66581639,0.018542328,2.29E-09,10662.83499,1.45E-07,1.35E-09,3.19E-18,2.63E-07,6.669862358,19.66695672,3.751967665,0.000497532,5.99E-14,0,0.620193327,9.971267254
6.05E-05,0.607752601,0.037300486,4.16E-09,37680.21126,2.50E-07,7.28E-10,3.00E-18,8.88E-07,2.922786187,10.74549629,2.154128551,0.000769433,2.85E-10,1.03E-33,0.361911873,9.790288264
2.89E-05,0.831201983,0.049614383,3.67E-09,17875.88619,2.35E-07,4.14E-10,3.14E-18,7.77E-07,2.345755019,11.41886938,3.183430025,0.002607919,1.22E-09,9.01E-33,0.236168818,9.803407137
2.98E-05,0.690738199,0.016436632,2.68E-09,18337.43743,2.11E-07,5.16E-10,1.83E-18,9.92E-07,0.447929435,1.144705404,4.180170813,8.621964235,1.574063721,0.000825975,2.491971128,12.1664945
2.27E-05,0.823953843,0.013023877,2.01E-09,23248.54776,1.63E-07,2.32E-09,3.76E-18,7.46E-07,4.283714475,18.52700054,5.417122102,0.002030008,1.52E-12,1.57E-41,0.40007587,9.918866486
5.54E-05,0.697887717,0.078353756,3.59E-09,15184.4062,2.10E-07,1.88E-09,2.31E-18,7.34E-07,16.32752988,10.86485107,0.119431595,3.68E-06,5.35E-26,0,0.029323647,9.444479295
3.58E-05,0.585347394,0.023691632,4.52E-09,40067.29161,1.43E-08,2.92E-09,2.19E-18,4.44E-07,4.751356236,20.32350739,3.669042276,1.25E-05,1.30E-25,0,0.344990608,9.64620954
1.72E-05,0.665888473,0.021333656,3.87E-09,14005.97648,9.58E-08,2.11E-09,2.45E-18,2.69E-07,22.28797514,5.907112482,0.00167758,5.07E-10,7.17E-33,0,0.000655137,9.263812576
7.46E-05,0.830370965,0.012291373,3.15E-09,47275.30718,1.34E-07,2.35E-09,3.05E-18,9.86E-07,3.818513217,15.14673629,3.637346369,0.00079224,3.54E-11,5.08E-36,0.574655212,9.945053994
8.86E-05,0.527787103,0.054478119,4.92E-09,6496.045187,3.45E-07,1.63E-09,1.45E-18,5.73E-07,20.47883153,2.667128316,0.008837837,4.02E-07,3.09E-28,0,0.239648408,9.50874449
8.23E-05,0.748832438,0.078142238,3.26E-09,22009.0752,1.96E-07,7.61E-10,2.74E-18,5.07E-07,0.946643871,10.26395102,7.766014878,0.099606177,5.49E-07,2.66E-28,0.678768059,10.1509371
9.97E-05,0.836105562,0.061346523,1.08E-09,41107.43708,3.47E-07,2.89E-09,3.43E-18,5.59E-07,0.854092017,2.172012844,6.775266288,10.68944982,1.463267267,0.000206726,3.183629344,13.02504643
3.42E-05,0.869303517,0.042059378,1.90E-09,23319.54886,3.23E-07,8.54E-10,3.61E-18,7.04E-07,0.72481024,3.512553683,11.63820325,3.019508937,0.0024582,4.55E-12,1.393178895,10.89367764
5.82E-05,0.646180542,0.031217296,6.19E-10,10073.18391,3.81E-07,1.50E-09,1.85E-18,8.24E-07,1.10252369,1.920294754,3.293455962,5.010183613,3.622212938,0.798000593,6.111978545,17.09316462
4.95E-05,0.905914987,0.022980708,4.25E-09,43049.31937,3.33E-07,2.31E-09,2.85E-18,3.71E-07,14.72627208,3.375959327,0.001650922,1.03E-08,7.82E-30,0,0.057743302,9.371303142
5.11E-05,0.742208693,0.050783119,4.21E-09,17475.46286,2.11E-08,2.44E-09,3.16E-18,3.94E-07,22.46095199,0.070069007,7.21E-10,1.44E-31,0,0,0.054603485,9.280279421
4.11E-05,0.766047041,0.071831646,8.78E-10,21247.51249,2.33E-07,1.62E-09,1.38E-18,9.67E-07,0.640421556,1.22089805,2.500337859,4.894203678,4.785527028,1.457579207,5.872730295,16.76125109
6.07E-05,0.694279263,0.056250578,9.96E-10,39097.41292,3.63E-07,2.71E-09,3.47E-18,5.97E-07,0.797669478,1.883083889,5.34261787,9.668921154,2.190276473,0.001267264,3.431621805,13.36358891
1.92E-05,0.539153211,0.050552132,6.31E-10,19816.38168,1.23E-07,2.28E-09,3.62E-18,3.06E-07,1.365484278,2.332141998,3.427333007,4.126061492,2.804750927,0.514466792,5.822413888,16.64607364
7.44E-05,0.628723487,0.020995219,4.76E-09,49771.19671,3.28E-07,2.01E-09,3.86E-18,6.09E-07,4.739462028,8.34E-05,1.09E-10,1.11E-31,0,0,0.343122949,9.596665798
6.46E-05,0.67793236,0.016746708,2.59E-09,49324.65293,1.88E-07,4.00E-10,2.06E-18,4.27E-07,0.174913124,0.404635654,1.053464624,3.635623972,5.04891743,0.46318453,3.492281326,13.41963744
6.78E-05,0.538335663,0.044090164,2.14E-09,26097.45971,1.16E-08,1.49E-09,3.77E-18,7.39E-07,1.262009146,6.361798184,16.61415698,1.319212558,3.27E-06,4.32E-08,1.758854656,11.23649418
8.97E-05,0.688286586,0.047301388,4.11E-09,48170.49393,2.14E-07,6.09E-10,2.55E-18,7.20E-07,0.382741773,3.535675131,8.615673419,0.994697738,0.000181962,2.30E-14,1.070047952,10.43427107
3.17E-05,0.717131714,0.028443513,8.08E-10,6859.819357,2.09E-07,1.20E-09,1.47E-18,6.00E-07,1.195409595,2.145636591,4.027832697,6.222373722,4.027954184,0.718513362,5.844768787,16.71687855
2.11E-05,0.72293455,0.054290629,1.36E-09,27047.52848,3.49E-08,2.42E-09,1.15E-18,5.45E-07,0.929749765,1.653925532,2.818763566,4.740407068,4.439026269,1.25973976,6.594438411,17.70123612
3.55E-05,0.595704653,0.015351581,4.17E-09,46414.56584,7.70E-08,2.73E-09,1.54E-18,7.35E-07,1.084852255,5.974005086,13.49321048,1.879388101,0.000167289,1.85E-16,1.406319161,10.85514848
7.95E-05,0.658834056,0.069541154,3.63E-09,26615.67957,3.05E-07,1.86E-09,2.20E-18,7.62E-07,5.206946106,14.40116361,2.498789692,0.004018247,1.91E-09,7.47E-33,0.301436789,9.788736897
9.83E-05,0.86200613,0.041569561,4.56E-09,14869.0062,7.72E-09,1.56E-09,3.60E-18,8.57E-07,16.64069873,2.60E-06,1.18E-13,2.61E-37,0,0,0.252907306,9.497539698
6.65E-05,0.753214714,0.013949171,2.99E-09,21026.70697,5.45E-08,2.12E-09,2.62E-18,5.83E-07,3.984508945,19.80161964,5.852742959,0.000620033,8.15E-14,0,0.709215902,10.04188673
2.59E-05,0.793527144,0.034609607,3.55E-09,49917.00235,3.78E-07,1.99E-09,3.63E-18,4.36E-07,13.50518794,4.819919889,0.004131052,3.31E-08,5.59E-29,0,0.000688826,9.365790897
5.39E-05,0.739592377,0.05969639,3.47E-09,48681.20449,4.10E-08,2.69E-09,3.88E-18,9.17E-07,16.16647203,10.14967034,0.000580724,4.69E-11,2.46E-34,0,0.04673511,9.300518062
4.76E-05,0.892199413,0.024061683,8.00E-10,29087.3048,6.00E-08,7.56E-10,3.26E-18,3.56E-07,0.383368085,0.807114742,1.806274493,4.186585252,6.079145178,2.428810104,6.197007753,17.06141581
3.32E-05,0.603249707,0.03844119,2.67E-09,21783.75702,3.90E-07,2.68E-09,1.74E-18,8.05E-07,1.652212883,8.316780319,13.15984568,1.211412989,0.000828971,1.10E-12,1.18487983,10.68110921
3.34E-05,0.802203455,0.043388452,3.70E-09,34051.03268,3.25E-07,2.84E-09,2.51E-18,3.75E-07,14.47156925,8.587495766,0.073489772,5.13E-06,1.46E-25,0,0.005987142,9.454786682
5.66E-05,0.646680912,0.039420131,2.70E-09,6885.376406,3.40E-07,4.43E-10,1.27E-18,6.47E-07,0.700801069,1.792626517,5.806940155,8.512459237,1.26484298,0.001376934,2.702549841,12.42345485
4.42E-05,0.843485599,0.066647842,2.39E-09,24421.24956,9.25E-08,6.87E-10,2.95E-18,8.63E-07,0.588611887,1.670407661,9.774466998,6.631669238,0.023151274,1.90E-09,1.906259982,11.43835951
9.40E-05,0.57759336,0.075198724,4.68E-09,40807.25665,7.92E-08,4.59E-10,3.36E-18,4.00E-07,1.167280868,10.24329083,3.557650584,0.000182552,7.76E-09,4.82E-32,0.432486623,9.759352286
5.32E-05,0.700810203,0.032839305,1.23E-09,29976.29842,3.78E-07,4.84E-10,3.66E-18,4.56E-07,0.283205936,0.662350282,1.751899683,5.408649205,5.191627762,0.221583764,3.56464282,13.52951543
6.23E-05,0.709374784,0.05219033,3.46E-09,37356.55577,3.26E-07,1.66E-09,1.36E-18,7.49E-07,0.627230815,1.758064849,7.849556982,6.633338701,0.231096038,1.91E-05,1.969399889,11.50775018
1.13E-05,0.650381585,0.020166919,9.89E-10,30376.00338,1.84E-07,1.98E-09,1.05E-18,7.62E-07,0.631790242,1.125203337,1.927653315,3.347802747,3.685327144,1.48655814,6.605054837,17.84759619
5.86E-05,0.653778063,0.024099217,2.49E-09,34555.23342,2.22E-07,1.97E-09,1.51E-18,8.19E-07,0.684893088,1.716886223,5.624823131,8.951038756,1.434186644,0.000739601,2.953230699,12.73259677
4.68E-05,0.642573323,0.011603319,1.31E-09,33105.79529,1.27E-07,2.03E-09,3.59E-18,8.39E-07,0.885722556,2.187600192,7.791238046,9.571870409,0.691273758,3.74E-07,3.044070372,12.84493388
5.06E-05,0.657662258,0.045719018,3.49E-09,33213.24441,3.51E-07,1.26E-09,1.46E-18,6.15E-07,0.575718867,1.646997445,7.948276039,6.025433408,0.173247596,9.91E-06,1.817016375,11.32483352
9.36E-05,0.734209306,0.037505788,2.42E-09,25239.90576,1.86E-07,1.79E-09,2.11E-18,5.68E-07,1.04989944,3.641684604,13.07424876,4.786105215,0.014393403,1.70E-09,2.118060469,11.67597728
9.35E-05,0.526086616,0.073757629,2.50E-09,48971.46177,3.41E-07,9.21E-10,1.24E-18,8.37E-07,0.285557695,0.576243475,1.227167111,2.845365048,3.632280686,0.903050333,4.077625454,14.24757645
6.60E-05,0.891150682,0.015763451,1.02E-09,20338.00182,2.69E-07,2.23E-09,3.80E-18,5.82E-07,1.298776985,3.494240823,11.64409967,9.799328819,0.211819899,2.62E-07,2.880671929,12.62535334
5.03E-05,0.555131541,0.045816178,3.87E-09,45752.69738,3.19E-07,4.40E-10,1.71E-18,7.72E-07,0.207543202,0.530536482,2.343826108,6.281789213,1.481917336,0.003218547,2.034081523,11.58610768
9.38E-05,0.809681687,0.036095975,4.12E-09,37044.57019,1.60E-07,1.17E-09,2.45E-18,6.39E-07,1.912692043,12.20720303,4.587156859,0.00992517,7.91E-09,1.62E-31,0.624699171,10.01214938
6.99E-05,0.6946861,0.011855856,4.44E-09,8267.877192,2.90E-07,2.55E-09,1.22E-18,6.49E-07,17.20796672,13.60151152,0.457942697,0.000296518,6.47E-14,0,0.373233787,9.756965188
7.57E-05,0.598061852,0.06370472,2.14E-09,36232.75169,2.58E-08,9.03E-10,1.21E-18,8.50E-07,0.46474673,0.864024656,1.485295114,2.409905299,3.240951317,1.696782295,6.502664933,17.54725176
5.43E-05,0.61304942,0.050743748,4.77E-09,35428.99988,2.47E-07,2.46E-09,1.88E-18,7.02E-07,9.576696375,12.12395145,0.365600967,0.000129392,2.66E-14,0,0.139247085,9.615125285
1.27E-05,0.88953873,0.074638065,3.40E-09,30833.20639,3.99E-07,1.42E-09,1.08E-18,6.59E-07,0.55105083,1.420132042,4.804676892,7.960972954,1.341658491,0.002858152,2.326886859,11.96535795
4.74E-05,0.699613369,0.077420353,2.08E-09,34298.67602,1.70E-07,4.18E-10,2.91E-18,3.45E-07,0.260998587,0.634243299,1.855388422,7.117359534,3.304874951,0.008782265,2.777116766,12.52271095
2.16E-05,0.655318934,0.03044921,1.24E-09,10307.2264,4.95E-08,2.43E-09,1.04E-18,5.56E-07,1.737055848,2.900847583,4.421585276,5.635723365,3.337315816,0.560531704,6.511870694,17.62865778
9.93E-05,0.833292359,0.054935213,3.54E-09,47514.63264,3.00E-07,1.99E-09,1.43E-18,2.65E-07,0.627111925,1.837550049,8.585954099,5.926066905,0.14130773,4.15E-06,1.945669518,11.47291276
2.02E-05,0.777957242,0.059892767,1.14E-09,21792.52969,3.48E-07,9.85E-10,3.55E-18,3.88E-07,0.619586671,1.542484521,4.678940775,10.02554287,2.260669214,0.001462207,3.062961071,12.88945924
7.05E-05,0.732709534,0.074050636,1.49E-09,30800.3336,2.28E-07,1.47E-09,2.96E-18,3.47E-07,0.680493094,1.743600638,5.976153107,10.18966537,1.339275768,9.25E-05,2.881395755,12.64822749
3.80E-05,0.66098604,0.023230102,1.24E-09,27401.6541,2.78E-07,1.87E-09,2.18E-18,2.93E-07,0.725667912,1.523255277,3.55568197,6.987968526,3.85941244,0.197599087,4.197408033,14.41200693
7.77E-05,0.853338179,0.060753512,3.28E-09,16292.63341,7.99E-08,2.22E-09,1.65E-18,7.30E-07,2.157549523,12.2707229,14.47685549,0.480877583,2.85E-06,2.28E-27,1.259611432,10.69851755
1.58E-05,0.647780426,0.076753114,3.05E-09,7095.74331,7.17E-08,1.27E-09,1.46E-18,9.97E-07,2.243316305,9.55965862,16.84797496,1.974844882,7.84E-05,9.64E-25,1.647419068,11.18766219
2.48E-05,0.608453202,0.07196977,4.46E-09,20804.20041,3.36E-07,1.12E-09,3.40E-18,8.26E-07,8.947326446,0.010081948,1.20E-07,1.22E-19,0,0,7.57E-05,9.230546291
3.22E-05,0.719786729,0.01941913,1.73E-09,16159.36414,6.29E-08,2.75E-09,3.45E-18,3.62E-07,2.99618374,18.55925694,13.34806537,0.023252822,1.65E-09,1.45E-33,0.986950075,10.46152917
3.85E-05,0.798471406,0.016551057,3.60E-09,43756.7669,1.98E-07,2.74E-09,2.04E-18,9.48E-07,1.80424865,12.77536005,7.367979138,0.081196524,5.13E-07,1.80E-28,0.576520523,10.13627674
1.86E-05,0.777594898,0.051674445,1.67E-09,7536.937146,3.26E-07,2.77E-09,3.73E-18,2.81E-07,25.06410775,12.35251457,0.089573344,3.66E-07,3.82E-28,0,0.007532799,9.34288667
7.93E-05,0.534838592,0.051527618,3.95E-09,15021.15684,8.17E-08,2.78E-09,1.72E-18,6.29E-07,10.94883548,20.48345923,1.430521163,8.66E-05,5.17E-08,2.48E-30,0.338717738,9.740663896
5.96E-05,0.560435156,0.060193261,1.62E-09,9608.349897,2.03E-07,5.46E-10,3.24E-18,7.90E-07,0.874156745,2.310899458,9.584984406,6.951506948,0.1201777,8.09E-08,2.333865776,11.95609286
4.81E-05,0.786036424,0.010324469,1.67E-09,48390.78197,1.31E-07,2.79E-09,3.56E-18,4.06E-07,0.997701523,3.292599097,13.88564392,5.109819465,0.002655123,3.08E-12,2.051158158,11.60340884
4.47E-05,0.568113924,0.055729419,2.65E-09,21561.17229,1.24E-07,2.53E-09,1.03E-18,5.22E-07,1.102372687,2.217907647,4.774187217,6.905034317,2.064804039,0.042860939,3.627647568,13.64746662
8.69E-05,0.815229608,0.070171165,2.72E-09,46943.22432,2.01E-07,2.29E-09,1.50E-18,6.91E-07,0.641015151,1.654226891,5.705425806,9.240130211,1.296538295,0.000492786,2.712244692,12.43620005
5.59E-05,0.790998633,0.067783073,6.23E-10,20693.94507,1.31E-07,2.40E-09,2.51E-18,7.98E-07,1.016345635,1.855110777,3.589403569,6.323777396,4.945122441,0.985916524,6.140297615,17.0375319
8.10E-05,0.811146137,0.02767567,4.79E-09,43437.01461,1.25E-07,8.80E-10,1.18E-18,5.93E-07,0.363352474,0.944941418,4.005304657,7.842471907,1.167664357,0.000425164,2.433164579,12.06512188
9.47E-05,0.594603738,0.06477178,4.49E-09,44505.33534,1.14E-07,2.48E-09,3.62E-18,4.21E-07,12.66522893,0.025752105,4.32E-09,5.98E-30,0,0,0.169175268,9.405698722
9.86E-05,0.555920694,0.031912129,3.51E-09,30300.6847,2.51E-07,1.14E-09,2.79E-18,3.00E-07,3.250197526,12.81252001,3.217875824,0.003865097,1.38E-07,1.17E-29,0.645800381,10.02771027
4.96E-05,0.855472092,0.018781035,2.77E-09,10463.01383,2.24E-07,2.39E-09,2.04E-18,4.09E-07,9.040847727,20.31052864,3.049054684,0.002413801,5.69E-12,2.12E-40,0.312504279,9.768949918
6.57E-05,0.508594652,0.065418392,4.23E-09,6659.170841,4.17E-08,2.73E-09,2.28E-18,4.33E-07,13.41970113,0.003222763,8.12E-06,1.48E-07,6.80E-12,1.80E-37,0.119982273,9.351813582
5.99E-05,0.868408855,0.026690698,3.02E-09,27883.39861,4.42E-08,2.31E-09,2.56E-18,9.08E-07,1.931937884,16.12235473,10.01603889,0.010844527,8.50E-10,7.50E-34,0.875417412,10.24734343
6.89E-05,0.830045238,0.0560215,4.51E-09,14281.52063,1.68E-07,7.21E-10,1.32E-18,4.07E-07,0.864500617,4.45477165,11.56421535,2.424968854,0.004002498,2.95E-11,1.381856197,10.81466144
4.49E-05,0.566987873,0.043277093,3.37E-09,20299.738,3.42E-07,6.35E-10,3.72E-18,4.46E-07,8.789653345,9.55773952,0.103985963,3.32E-06,3.77E-19,0,0.104820084,9.53428369
9.18E-05,0.565321633,0.038597201,3.11E-09,49372.48118,4.71E-08,1.78E-09,1.39E-18,6.38E-07,0.580679797,1.185287174,2.657210442,6.186768876,3.257600427,0.078263741,4.018925164,14.1092889
9.78E-05,0.82006467,0.032759525,4.68E-09,11957.0831,1.79E-07,5.77E-10,2.15E-18,4.20E-07,6.661153745,13.42396298,0.758174275,0.000125847,1.22E-14,0,0.373157999,9.803904422
8.60E-05,0.726080972,0.027508743,2.45E-09,24316.4113,2.26E-07,2.11E-09,2.62E-18,9.44E-07,1.684450834,12.71753748,10.23298703,0.20108438,1.47E-06,9.23E-28,1.116041226,10.50039343
7.72E-05,0.84557805,0.07660277,3.14E-09,19800.39912,2.91E-07,2.07E-09,3.09E-18,9.78E-07,18.30098484,5.55208672,0.008461,3.50E-08,2.29E-29,0,0.047399579,9.36004392
9.93E-05,0.869517193,0.025532483,6.83E-10,36988.93536,3.07E-08,3.07E-10,1.99E-18,7.69E-07,0.171096865,0.327921401,0.627464806,1.25378103,2.487300466,2.973404433,9.271444047,21.51189466
3.37E-05,0.879108258,0.043539424,4.13E-09,32410.26232,1.58E-07,1.81E-09,2.87E-18,5.80E-07,15.27251642,6.832945861,0.009044668,2.01E-08,1.22E-29,0,0.001227456,9.349347117
9.34E-05,0.851557689,0.021161761,3.81E-09,19620.71254,1.75E-08,1.90E-09,2.95E-18,4.12E-07,17.50758347,14.42195398,0.001408236,1.11E-10,4.30E-34,0,0.349201835,9.603352467
9.96E-05,0.698092057,0.017891718,3.23E-09,21942.10739,1.64E-07,6.32E-10,3.04E-18,4.87E-07,0.875850105,10.30810774,7.358999615,0.059749684,1.12E-07,1.61E-29,1.035111033,10.39879394
3.89E-05,0.662285208,0.048013195,6.04E-10,17752.23326,2.23E-07,1.29E-09,1.16E-18,6.14E-07,0.663170331,1.159913193,1.914649485,3.190937283,3.569788867,1.589918244,6.924156087,18.3399668
8.81E-05,0.577066041,0.035754547,2.36E-09,34716.68294,7.34E-09,3.67E-10,2.80E-18,9.85E-07,0.300515988,0.605118472,1.288939701,3.734907404,5.228153336,0.208184058,4.253956433,14.34467912
2.61E-05,0.704483365,0.03297312,1.91E-09,28761.43307,3.87E-07,2.57E-09,2.29E-18,3.82E-07,1.143420753,3.781392031,12.66737221,5.107551102,0.035651388,3.35E-08,1.854941072,11.39408164
1.11E-05,0.545116807,0.069022001,4.07E-09,28199.16912,2.58E-07,1.87E-09,2.91E-18,9.21E-07,16.14171664,3.110356983,0.000859926,3.07E-08,2.48E-30,0,0.000371335,9.297288392
1.95E-05,0.648288536,0.010700389,4.72E-09,17392.092,2.05E-07,7.69E-10,1.29E-18,6.30E-07,0.777628736,4.226739934,10.83399944,2.247936071,0.004978422,6.74E-10,1.199183291,10.68700921
6.47E-05,0.800702505,0.026402582,7.09E-10,21505.67288,6.57E-08,1.57E-09,3.25E-18,5.78E-07,0.829429054,1.568880534,3.197413361,6.292420215,5.532248892,0.888983384,6.182775227,17.00191158
3.97E-05,0.692087953,0.034305975,3.02E-09,31694.92507,1.04E-07,1.35E-09,1.82E-18,6.62E-07,0.705205688,1.962274353,9.204336497,7.759132799,0.133940005,1.60E-07,2.137827789,11.71858356
5.79E-05,0.673116276,0.0540831,2.91E-09,47708.00776,1.49E-07,2.35E-09,2.85E-18,7.27E-07,1.280502239,12.14638983,8.477649431,0.073053689,1.02E-07,9.10E-30,0.737640749,10.18308165
1.20E-05,0.536421912,0.069634696,3.66E-09,35303.30706,9.11E-08,1.59E-09,2.73E-18,7.42E-07,3.207464179,15.05972079,4.109100835,0.000742893,5.53E-07,2.23E-28,0.303345862,9.81629189
9.42E-05,0.563425079,0.065475218,2.77E-09,49175.54886,8.16E-08,2.17E-09,3.88E-18,3.80E-07,3.529599782,15.99847012,3.773752427,0.000103759,3.19E-07,7.29E-29,0.464303245,9.791708461
2.06E-05,0.884589487,0.015287231,4.51E-09,28877.41081,2.86E-07,2.83E-09,2.82E-18,4.80E-07,8.911958485,0.010492031,3.21E-07,1.61E-19,0,0,3.15E-05,9.225831161
7.02E-05,0.523275811,0.020378562,2.27E-09,20611.08734,6.09E-08,5.06E-10,1.61E-18,7.90E-07,0.471745842,0.895806185,1.598710166,2.772790067,3.417238163,0.947523989,5.64264641,16.32530652
4.32E-05,0.746410157,0.074031219,1.79E-09,6406.948223,9.49E-08,2.77E-09,3.07E-18,6.80E-07,15.97346389,27.33239925,1.418443469,8.22E-06,6.97E-26,0,0.106640885,9.517572709
3.75E-05,0.614675156,0.063337762,4.32E-09,36098.52207,5.63E-08,2.70E-09,1.34E-18,9.81E-07,1.245623947,5.818910228,14.63392818,2.630736008,0.000336391,1.37E-14,1.54517314,11.0715139
8.30E-05,0.517013475,0.031441886,1.21E-09,23969.37736,3.00E-07,2.31E-09,2.23E-18,9.57E-07,1.043535408,1.911378202,3.358042753,4.966441342,2.602479267,0.179075832,4.69734776,15.07440609
6.61E-05,0.629384772,0.030994079,3.40E-09,47882.8818,2.78E-07,8.92E-10,2.82E-18,9.54E-07,0.522175943,5.088476826,9.039934082,0.514594025,5.56E-05,3.48E-16,1.006071043,10.36750427
7.37E-05,0.753426775,0.025307732,4.73E-09,19045.07541,3.16E-07,2.48E-09,1.32E-18,7.01E-07,6.79199847,15.52197351,2.227578782,0.007703293,9.91E-09,1.03E-31,0.43903441,9.895421292
8.48E-05,0.636630589,0.010506779,1.96E-09,35007.37365,3.20E-07,1.17E-09,1.08E-18,6.06E-07,0.378322863,0.767051629,1.671657545,3.732889027,4.289340506,1.158437499,4.986068679,15.46654333
9.00E-05,0.521078626,0.07928365,8.52E-10,26139.87413,1.58E-07,7.46E-10,1.06E-18,3.92E-07,0.428519136,0.76441183,1.235172111,1.735154292,2.077202004,1.434903662,7.506931514,19.20644508
5.23E-05,0.725298039,0.026128578,2.44E-09,31073.18242,2.17E-07,2.18E-09,1.20E-18,3.65E-07,0.712009013,1.719630391,4.718653597,8.986699728,2.773053435,0.016233884,3.372801309,13.28909482
8.37E-05,0.540067154,0.037859317,3.83E-09,35880.9849,1.07E-07,1.30E-09,2.54E-18,4.79E-07,1.547989088,12.67281813,6.131883563,0.014052515,1.01E-06,4.46E-10,0.780189411,10.11901862
1.89E-05,0.563717019,0.012587273,3.59E-09,21079.06875,3.35E-07,1.74E-09,1.20E-18,5.90E-07,1.036351108,3.752573801,11.55403612,4.050737217,0.034300774,1.55E-07,1.586917852,11.07989746
1.98E-05,0.871459651,0.069942675,2.95E-09,37663.23186,1.85E-07,1.27E-09,2.76E-18,9.21E-07,0.799861198,6.26270938,11.16824649,0.687647205,2.52E-05,2.28E-25,0.943307695,10.44884039
3.50E-05,0.502256087,0.049506183,8.84E-10,23355.62669,1.65E-07,1.33E-09,1.36E-18,8.53E-07,0.7100157,1.2402277,1.910397081,2.445241666,2.347222682,1.093574713,7.168269583,18.82390301
6.51E-05,0.86484132,0.054155941,3.01E-09,33039.47132,3.63E-07,2.96E-09,3.38E-18,9.51E-07,17.35577116,5.004338635,0.006455192,3.46E-08,2.84E-29,0,0.07663067,9.386828141
6.02E-05,0.811360313,0.014355474,2.81E-09,6744.9315,7.48E-08,2.68E-09,2.18E-18,9.25E-07,24.25000033,18.1997931,0.177984189,2.80E-07,1.73E-28,0,0.224899588,9.524899476
8.16E-05,0.635177818,0.033259785,4.94E-09,45269.73253,5.00E-08,1.76E-09,2.52E-18,6.06E-07,6.976950324,14.7672948,0.615563929,5.46E-07,1.64E-27,0,0.35611335,9.697495173
6.87E-05,0.75784619,0.05272649,2.06E-09,6582.782514,3.83E-07,1.57E-09,3.65E-18,3.35E-07,23.20496621,6.562920041,0.014715412,3.15E-08,7.91E-30,0,0.126883436,9.402543043
1.94E-05,0.707286759,0.068860267,1.22E-09,8590.945759,9.97E-08,1.34E-09,1.26E-18,4.63E-07,1.22021422,2.196015622,4.093978537,6.375639733,4.0177586,0.585355864,5.481051602,16.16353877
1.39E-05,0.643469789,0.046028094,9.67E-10,16427.30145,3.18E-07,5.38E-10,1.35E-18,5.96E-07,0.384964501,0.711598155,1.297529259,2.516338479,3.474389866,1.816847685,6.08537155,17.10970423
9.75E-05,0.84184348,0.01558027,3.44E-09,14044.77567,3.82E-07,2.71E-09,3.18E-18,8.52E-07,5.931686385,0.00259366,6.35E-08,1.17E-27,0,0,0.397691368,9.656711639
8.50E-05,0.546495132,0.062748696,2.21E-09,48921.88428,3.89E-07,1.70E-09,1.41E-18,4.51E-07,0.441860763,0.933364976,2.175022472,4.973250398,3.434596606,0.295832849,3.650913175,13.66749597
4.49E-05,0.74980562,0.031748296,2.90E-09,35140.35579,3.04E-07,1.19E-09,3.68E-18,4.96E-07,3.985963873,12.77618809,2.331208721,0.000760232,1.04E-10,7.52E-35,0.221753165,9.73461145
1.24E-05,0.750485223,0.026067696,4.74E-09,40302.51608,3.22E-07,7.44E-10,3.20E-18,6.38E-07,8.804511234,6.542848476,0.019218323,3.77E-07,1.25E-21,0,0.002170461,9.447762447
9.14E-05,0.74500153,0.03836017,2.00E-09,10701.41173,2.65E-07,1.22E-09,2.42E-18,9.52E-07,1.589526068,7.248719919,14.82580193,2.261857518,0.000758427,2.51E-13,1.779384292,11.27850753
2.92E-05,0.71069021,0.042462325,4.64E-09,36586.94729,8.96E-08,2.04E-09,3.34E-18,3.48E-07,16.9264722,0.440033681,7.94E-08,1.17E-21,0,0,9.61E-05,9.226305381
8.00E-05,0.606635785,0.037688094,2.29E-09,15628.0484,8.65E-08,6.97E-10,1.67E-18,2.72E-07,0.621789479,1.31439483,3.127791075,7.02801552,3.316699092,0.063182333,4.007936535,14.10421562
4.37E-05,0.537890678,0.013424289,3.81E-09,22631.03018,2.84E-07,1.92E-09,2.91E-18,9.12E-07,17.14638497,2.463186514,0.00064837,4.77E-07,4.30E-28,0,0.203692473,9.46507034
5.72E-05,0.603806764,0.067340729,1.10E-09,33395.48986,1.47E-07,3.03E-10,3.96E-18,2.68E-07,0.220442069,0.437487097,0.872044175,1.957809767,3.91345338,1.873779949,5.010484563,15.46080926
6.48E-05,0.504397423,0.079161638,4.12E-09,38814.21096,2.99E-07,1.21E-09,2.04E-18,7.43E-07,0.789246573,8.582861212,7.351885096,0.170265053,1.53E-05,3.29E-09,0.656274007,10.13870429
8.62E-05,0.682685038,0.039182001,2.64E-09,6940.72197,2.61E-07,2.99E-09,1.76E-18,5.68E-07,13.33107423,22.22527604,2.025150039,0.001358411,1.63E-12,1.71E-41,0.431265563,9.821028359
6.70E-05,0.871950745,0.023612766,4.86E-09,10910.98977,1.17E-08,1.64E-09,2.63E-18,2.80E-07,26.23630794,0.81620157,3.03E-09,1.08E-30,0,0,0.189189978,9.427636642
2.46E-05,0.599107518,0.047584842,1.78E-09,14958.37439,6.81E-08,4.08E-10,3.29E-18,9.37E-07,0.520439613,1.228188255,4.142630185,9.39830972,1.539816788,6.31E-06,2.888292045,12.65750732
1.98E-05,0.597072053,0.075138289,1.97E-09,17994.14117,3.07E-07,1.62E-09,2.24E-18,5.39E-07,1.133548239,3.621146916,12.22356932,5.278980927,0.032212936,1.86E-08,1.943726105,11.50085995
3.86E-05,0.668902431,0.074883084,4.15E-09,12931.55814,1.09E-08,2.39E-09,3.12E-18,3.25E-07,22.42279666,0.001480891,4.83E-11,1.66E-33,0,0,8.47E-05,9.220746475
7.12E-05,0.673702342,0.064969601,1.92E-09,19434.10331,9.56E-08,2.41E-09,3.67E-18,3.02E-07,3.600970303,20.21557308,7.45646233,0.002279129,1.33E-12,1.19E-41,0.662710495,10.04924838
4.10E-05,0.899063599,0.024462,4.58E-09,22515.48571,9.15E-08,4.10E-10,1.68E-18,4.24E-07,0.413547004,1.243566338,8.236496904,5.348578054,0.047687584,3.05E-08,1.575073115,11.06463519
2.23E-05,0.736959452,0.047650177,4.58E-09,38161.2111,3.14E-07,1.12E-09,1.83E-18,6.13E-07,0.737430653,8.004065756,7.26245576,0.193144706,3.35E-05,5.99E-25,0.568951625,10.13168142
2.66E-05,0.632089525,0.062946043,2.76E-09,32739.63552,2.34E-07,1.73E-09,1.04E-18,4.81E-07,0.569228541,1.269371392,3.257478817,6.908500286,3.392330751,0.102543646,3.381864899,13.33226932
9.68E-05,0.571056204,0.059484718,2.57E-09,14387.40297,3.70E-07,6.45E-10,1.10E-18,6.46E-07,0.50179095,1.07859292,2.618309878,5.671077037,3.316088683,0.219175166,3.605657113,13.60191713
7.75E-05,0.883914182,0.047497624,1.32E-09,28946.29014,3.67E-07,8.00E-10,2.81E-18,3.36E-07,0.396291574,0.933024355,2.481553065,6.683657088,4.904022938,0.150169327,3.682163197,13.68419278
3.10E-05,0.799353284,0.023367536,2.84E-09,41930.46056,3.09E-07,1.89E-09,2.47E-18,5.55E-07,0.922780261,6.728338381,10.96154057,0.749577376,0.000135775,1.51E-15,0.939536132,10.45811794
3.24E-05,0.833890452,0.039542408,2.40E-09,20896.87873,1.80E-07,2.71E-09,3.08E-18,8.55E-07,8.442209384,18.99060093,2.215929634,0.000208881,1.00E-14,0,0.164349189,9.689261223
7.62E-05,0.537222981,0.072303004,2.33E-09,24981.97488,8.74E-09,8.50E-10,3.93E-18,2.79E-07,0.882223726,3.64077539,16.1738431,2.066423259,4.70E-06,1.05E-07,1.717675934,11.18885782
1.46E-05,0.540925812,0.076440671,1.21E-09,6056.4381,2.61E-07,2.44E-09,3.75E-18,5.36E-07,7.118221785,20.88802285,8.60282152,0.006858854,5.73E-08,2.83E-30,0.720939141,10.2082797
6.30E-05,0.51081266,0.038700797,1.80E-09,27620.12948,3.29E-07,1.09E-09,3.45E-18,7.52E-07,0.701867272,2.514684212,10.41764604,4.559680212,0.014131543,2.87E-08,1.905674289,11.42390945
4.35E-05,0.666794875,0.074696882,3.73E-09,25338.02782,3.77E-07,9.16E-10,3.46E-18,6.94E-07,12.56828766,5.454563689,0.00757423,1.04E-07,3.83E-28,0,0.001241565,9.392505606
8.77E-05,0.821760168,0.05254432,2.56E-09,26521.25408,3.34E-07,1.77E-09,2.20E-18,7.45E-07,1.084217428,5.785065188,12.41533532,1.912798271,0.001505559,3.13E-12,1.436266994,10.87608757
4.84E-05,0.584357299,0.064055603,3.10E-09,38075.97415,2.04E-07,8.44E-10,1.54E-18,3.36E-07,0.358569873,0.862726523,2.730185863,7.33634777,2.443074101,0.007767064,2.725794799,12.46376209
1.26E-05,0.665315555,0.020590603,3.63E-09,31644.78155,6.07E-08,7.23E-10,2.47E-18,5.38E-07,0.591779376,3.286009475,11.72588878,2.447968888,8.65E-05,5.33E-17,1.295993309,10.76984207
8.63E-05,0.849476099,0.06248558,1.58E-09,14130.11351,1.95E-07,1.16E-09,2.23E-18,8.30E-07,0.949419491,2.421179945,7.423505184,10.84934792,1.347885417,0.000152836,3.170590261,13.01165394
1.84E-05,0.887765013,0.012506773,2.38E-09,38943.6172,2.16E-07,3.53E-10,3.25E-18,5.86E-07,0.227626241,0.583786758,2.749627753,7.24223644,1.340583286,0.000160451,2.042376801,11.6131173
8.51E-05,0.559766564,0.054613254,1.96E-09,10281.19134,9.63E-08,2.12E-09,1.51E-18,2.85E-07,1.815876375,3.516614965,7.102466695,6.807595213,1.03092612,4.62E-07,3.600743302,13.58225968
7.03E-05,0.634403289,0.07608671,9.12E-10,46596.679,1.39E-07,2.10E-09,3.17E-18,5.02E-07,0.64683276,1.219910227,2.265658767,4.329704022,4.403724564,0.787947753,5.214213756,15.74196547
6.45E-05,0.734795746,0.049366294,2.87E-09,39820.48457,1.19E-07,8.61E-10,2.92E-18,6.46E-07,0.52569859,2.326231352,10.81778352,3.382133084,0.001351178,7.57E-13,1.525143379,10.97488149
7.20E-05,0.644156048,0.025173668,3.43E-09,7635.422755,3.66E-07,1.89E-09,2.37E-18,6.81E-07,19.49431091,0.675653919,0.000573339,2.37E-10,1.94E-33,0,0.303195075,9.552772042
5.47E-05,0.732340351,0.018276605,2.68E-09,7237.034551,1.33E-07,1.07E-09,2.19E-18,7.98E-07,3.206176853,17.71811251,9.131253608,0.05297993,2.96E-08,4.49E-31,0.850928451,10.23535452
6.82E-05,0.876025873,0.071937275,3.56E-09,27166.66849,2.40E-07,2.09E-09,1.21E-18,3.57E-07,0.971439451,3.061559868,11.09334287,5.469112979,0.07435399,5.64E-07,1.860713348,11.38567228
6.10E-05,0.570245484,0.016346609,3.57E-09,28002.18322,6.94E-09,1.32E-09,3.78E-18,8.67E-07,7.252825003,18.68467118,0.640378546,1.49E-05,3.94E-25,0,0.361284135,9.61682832
7.24E-05,0.722443593,0.033625036,9.73E-10,41577.95094,1.72E-07,1.33E-09,2.61E-18,5.61E-07,0.434390706,0.85577273,1.798356828,4.018558523,5.058909435,1.461217258,5.654324982,16.35546313
7.55E-05,0.55610234,0.060542121,3.19E-09,16871.04352,1.82E-07,2.05E-09,2.36E-18,8.51E-07,9.100816991,17.62300241,1.283125076,0.000204075,9.37E-11,9.61E-36,0.265618394,9.713131861
2.28E-05,0.525849874,0.034919634,9.94E-10,32857.96044,2.15E-07,1.05E-09,2.50E-18,5.01E-07,0.518582615,0.959226946,1.626475965,2.505914719,2.914519349,1.235926929,5.890013224,16.79232541
4.23E-05,0.811999052,0.076928672,3.27E-09,25267.76524,1.46E-07,9.71E-10,3.78E-18,3.17E-07,8.382781814,12.78048868,0.236406714,7.20E-07,3.51E-27,0,0.018700122,9.470299399
7.61E-05,0.582620543,0.051107916,7.86E-10,22811.21425,1.79E-07,2.43E-09,2.77E-18,3.26E-07,1.151118816,2.025503418,3.268729778,4.680886273,3.311616493,0.519721956,5.620765491,16.34275405
5.98E-05,0.703923509,0.065626014,3.06E-09,37959.20028,3.79E-07,4.22E-10,3.24E-18,4.83E-07,0.318223422,2.189676737,8.11098014,2.015801067,0.002781334,4.43E-10,1.027582211,10.41984051
2.03E-05,0.852940712,0.021773847,4.09E-09,37340.82275,3.88E-07,2.65E-09,2.59E-18,9.54E-07,15.46716972,4.030552651,0.005464623,9.90E-08,2.77E-28,0,0.00071293,9.355620503
2.61E-05,0.512901588,0.053402761,1.33E-09,49159.58265,1.77E-07,2.90E-09,1.90E-18,4.52E-07,0.789089735,1.426001382,2.334563112,3.433163552,2.993271624,0.668742619,5.00785843,15.55514703
1.81E-05,0.531986011,0.011679673,1.38E-09,36925.28671,2.67E-08,1.44E-09,3.56E-18,3.46E-07,0.774708296,1.459567491,2.624015897,4.93140293,3.388408483,0.106342401,4.822931301,15.14497483
8.33E-05,0.641349318,0.072616341,2.86E-09,16812.56042,2.57E-07,2.67E-09,2.45E-18,6.57E-07,12.49576196,16.29107122,0.675334677,0.000108049,1.46E-15,0,0.15997019,9.611361379
5.37E-05,0.511497145,0.065680909,1.75E-09,7160.336227,4.25E-08,8.29E-10,2.61E-18,5.06E-07,1.582504554,2.967608198,5.959036451,6.692756995,0.805352125,1.71E-08,3.091465493,12.90081183
8.86E-05,0.524637406,0.041371396,4.76E-09,27783.33514,2.04E-07,2.16E-09,1.69E-18,9.15E-07,6.646677504,14.79197279,1.523270769,0.001305732,1.09E-07,5.79E-13,0.431906834,9.875868611
2.49E-05,0.882929385,0.062155825,1.94E-09,39868.98201,2.65E-07,1.31E-09,3.64E-18,6.89E-07,0.67150082,2.955477687,11.47887373,3.494489025,0.003218104,7.04E-12,1.465543788,10.9656169
4.90E-05,0.889115812,0.056328919,3.91E-09,18107.07495,1.77E-07,4.48E-10,2.20E-18,4.16E-07,0.619418547,4.975851374,10.23726893,0.88511579,0.00010456,8.50E-16,0.910971626,10.40449298
5.83E-05,0.79979499,0.077811397,2.51E-09,9107.04032,1.74E-07,2.69E-09,1.94E-18,5.41E-07,6.872218321,22.19594474,6.483014655,0.014674539,2.32E-09,2.59E-33,0.497828845,9.999696446
7.55E-05,0.573242619,0.040037502,4.31E-09,47933.44195,3.94E-07,1.95E-09,2.64E-18,2.56E-07,11.1058635,7.381680213,0.048096916,5.82E-06,1.04E-17,0,0.271219931,9.65394148
8.41E-05,0.602391186,0.062839233,3.56E-09,48103.64949,3.53E-07,1.06E-09,1.00E-18,7.78E-07,0.298518617,0.691248679,1.865016069,5.208000118,3.842981325,0.152527864,3.127464631,12.97432324
8.04E-05,0.899711992,0.075309614,3.66E-09,18848.07069,3.17E-07,2.23E-09,2.60E-18,3.41E-07,18.39607866,3.427306149,0.003221913,1.19E-08,4.02E-30,0,0.047849417,9.337004915
8.31E-05,0.616945441,0.053191597,4.44E-09,32973.25809,2.96E-07,6.79E-10,2.17E-18,4.74E-07,0.596870188,7.43994571,6.815279308,0.143741802,1.32E-05,1.31E-25,0.756921874,10.13450967
3.41E-05,0.593018552,0.064814446,4.85E-09,34465.45784,2.46E-07,2.15E-09,3.50E-18,7.13E-07,3.659310979,1.86E-05,1.95E-11,8.21E-33,0,0,1.97E-05,9.220990398
5.91E-05,0.764157889,0.055250621,1.39E-09,6779.956486,1.83E-07,1.05E-09,1.93E-18,5.20E-07,1.338048788,3.223181111,8.48698425,10.53165485,1.529127827,0.000352892,3.540768196,13.50815479
6.29E-05,0.579185467,0.014036514,1.56E-09,46076.38665,4.83E-08,1.03E-09,1.33E-18,9.74E-07,0.411194513,0.757817403,1.289312638,2.00355554,2.707273091,1.745550539,7.858910268,19.4862467
6.67E-05,0.744265048,0.049414826,1.59E-09,23062.83582,2.19E-08,2.49E-09,3.61E-18,6.75E-07,1.772547864,5.75027156,20.37952988,3.403015299,8.81E-06,1.48E-26,2.243280506,11.82444506
9.84E-05,0.532157377,0.071165437,2.04E-09,32545.17758,3.85E-07,1.37E-09,1.98E-18,3.57E-07,0.568945301,1.310564124,4.007922735,6.879945183,1.838246688,0.001357547,2.900325298,12.68175825
2.76E-05,0.805923958,0.014520378,1.74E-09,14354.80229,3.06E-07,2.69E-09,1.69E-18,2.78E-07,1.676607802,4.567091777,12.8624171,8.310411242,0.20497037,3.50E-06,2.510458326,12.19016388
5.94E-05,0.558166356,0.050059521,2.56E-09,22863.92191,3.39E-07,1.65E-09,2.57E-18,4.54E-07,1.474715745,11.57361766,9.173770259,0.215005695,5.88E-06,1.37E-26,0.876186588,10.27928148
3.37E-05,0.679864156,0.054828908,4.17E-09,41029.0469,1.84E-08,2.51E-09,1.85E-18,9.99E-07,1.361176853,8.473558467,15.6692413,0.476055942,1.13E-07,6.56E-30,1.236622394,10.70092921
7.63E-05,0.775919695,0.058809207,3.60E-09,38668.00208,2.14E-07,7.93E-10,1.74E-18,8.81E-07,0.390810832,1.072738033,5.733750071,7.026369518,0.337992145,1.51E-05,1.945594555,11.47636745
5.16E-05,0.870319067,0.072411237,2.30E-09,36390.00947,1.26E-07,1.94E-09,2.15E-18,5.10E-07,0.803574941,2.184001923,8.969169208,8.989525571,0.238071736,4.96E-07,2.357902347,11.99181929
2.29E-05,0.895468381,0.047161917,6.97E-10,39753.9562,2.20E-07,4.95E-10,3.88E-18,9.88E-07,0.216074218,0.462784018,1.042832447,2.50168266,4.663485875,3.143035658,5.949226056,16.79986534
9.07E-05,0.882282209,0.029516502,4.37E-09,12389.36807,6.84E-08,3.25E-10,1.09E-18,9.29E-07,0.42534349,1.05356271,3.280513248,8.726139698,2.57354948,0.003605811,3.128062964,12.94293563
4.50E-05,0.850339958,0.02053634,3.53E-09,23605.20123,2.80E-07,1.10E-09,1.41E-18,7.84E-07,0.681030325,2.042021315,9.13721773,5.808813714,0.118592464,2.19E-06,1.779154537,11.28598581
4.63E-05,0.832934839,0.058874118,4.72E-09,6009.318953,1.57E-07,2.62E-09,2.83E-18,8.16E-07,8.30E-07,1.98E-12,1.80E-23,0,0,0,2.04E-06,9.220611467
9.11E-05,0.85690466,0.039342904,3.38E-09,29782.67008,2.71E-07,1.78E-09,3.18E-18,6.61E-07,13.61861132,8.677354904,0.049450702,8.20E-07,6.32E-27,0,0.246963109,9.601756351
5.73E-05,0.611740666,0.047211312,4.43E-09,16992.69166,1.86E-07,1.23E-09,1.02E-18,3.96E-07,0.951163498,3.193133605,11.28396446,4.860725152,0.050034177,2.04E-07,1.858735842,11.37381477
6.82E-05,0.766631386,0.051387821,2.26E-09,9012.806372,3.86E-08,2.92E-09,3.83E-18,3.04E-07,32.76076938,5.876886271,1.25E-05,7.49E-25,0,0,0.126367032,9.358804401
2.37E-05,0.806470507,0.047725821,2.41E-09,28240.08098,1.13E-07,2.52E-09,1.28E-18,7.71E-07,0.933195911,2.317966165,6.477321961,10.79317525,2.1630686,0.002071388,3.322265436,13.22801809
5.76E-05,0.513427154,0.021675182,4.42E-09,17328.37226,3.74E-07,2.94E-09,1.99E-18,8.17E-07,18.05968448,0.752990023,0.000913831,4.75E-07,2.12E-11,9.30E-37,0.298479341,9.547590173
9.23E-05,0.737935589,0.037015132,2.12E-09,11580.99684,1.91E-07,2.78E-09,3.75E-18,6.52E-07,25.17069105,7.752902218,0.006126128,2.44E-09,6.37E-32,0,0.294133196,9.54281762
4.27E-05,0.501180233,0.045473787,1.85E-09,30078.20163,1.12E-07,5.53E-10,3.82E-18,7.54E-07,0.417898497,0.993456148,4.170793082,7.292775328,1.169613723,8.71E-07,2.483736202,12.14342827
1.08E-05,0.744083881,0.02691863,1.16E-09,25695.52132,1.71E-07,3.57E-10,1.25E-18,3.77E-07,0.204791789,0.396348216,0.786028598,1.715380767,3.18491466,2.631805367,6.660145041,17.92279052
8.54E-05,0.579964668,0.035557403,2.21E-09,26458.46995,3.59E-07,2.88E-09,2.39E-18,8.90E-07,1.684016399,9.91500142,12.6311418,0.701838507,8.35E-05,1.49E-24,1.384410793,10.81146327
9.32E-05,0.629989201,0.026243872,2.45E-09,43310.3796,1.15E-07,2.22E-09,2.54E-18,4.90E-07,0.924587108,3.557027074,13.43812307,4.024441353,0.001904005,1.81E-12,2.094804747,11.64010352
8.24E-05,0.868043574,0.02929216,4.49E-09,25938.78016,6.13E-08,1.08E-09,1.55E-18,4.92E-07,0.834349114,4.077248985,12.77321811,2.849801245,0.000577955,1.02E-13,1.692048801,11.17026377
6.85E-05,0.759658905,0.024299274,4.26E-09,30137.85414,1.62E-07,7.93E-10,2.35E-18,5.44E-07,0.991364155,10.25000499,6.213645909,0.04380678,1.65E-07,4.00E-29,0.699496416,10.08244309
6.36E-05,0.57884455,0.016930589,1.89E-09,39379.50492,4.37E-08,3.42E-10,1.70E-18,7.38E-07,0.225854299,0.431261192,0.785392894,1.370900985,2.365716694,2.12562605,7.05571145,18.29048927
4.24E-05,0.866454905,0.066605468,2.88E-09,13006.55326,2.48E-07,8.19E-10,4.00E-18,8.79E-07,15.96051171,6.903235785,0.00874006,1.73E-08,8.35E-30,0,0.001577699,9.342116879
2.44E-05,0.635803682,0.044016471,2.18E-09,27001.56042,2.28E-07,1.03E-09,2.33E-18,5.64E-07,0.59937029,1.606828258,6.733421573,8.761621969,0.504276752,1.16E-05,2.261015658,11.87476246
9.45E-05,0.527252713,0.044188903,1.19E-09,10371.55653,3.62E-07,3.39E-10,1.61E-18,5.60E-07,0.449513461,0.822683808,1.415151181,2.37081092,2.886186446,1.280901041,5.8563203,16.72953974
7.52E-05,0.678698302,0.014973022,4.28E-09,18746.91624,7.77E-08,2.76E-09,2.11E-18,2.92E-07,21.36871837,8.691515705,0.012272105,9.45E-09,1.11E-30,0,0.364176193,9.630908896
6.96E-05,0.554921717,0.057673546,3.03E-09,18663.44077,1.66E-07,1.42E-09,1.15E-18,3.78E-07,0.85772963,1.957130592,5.601744669,7.263933113,1.441519956,0.000259409,3.009862637,12.82240264
8.98E-05,0.579580202,0.031682504,3.25E-09,9828.269684,2.83E-07,2.50E-09,3.05E-18,9.60E-07,8.635402902,0.010213284,2.03E-07,4.65E-27,0,0,0.358397055,9.613466915
5.31E-05,0.550601949,0.019873933,3.10E-09,14641.91434,1.73E-07,1.22E-09,3.92E-18,3.55E-07,18.76400332,2.997904876,9.89E-05,8.82E-08,1.74E-29,0,0.249568714,9.493874257
4.88E-05,0.799138948,0.052824767,4.45E-09,22964.27964,2.45E-07,1.79E-09,1.49E-18,8.62E-07,2.393820003,13.18253304,6.288588106,0.077927476,1.53E-06,1.39E-27,0.501575116,10.06986819
3.72E-05,0.745964155,0.032117361,3.68E-09,35704.48798,2.45E-07,2.21E-09,1.52E-18,8.90E-07,1.001386668,5.244780024,11.90745723,2.103215884,0.00293132,2.04E-11,1.251313241,10.74870879
9.48E-05,0.64591664,0.041133402,1.26E-09,24872.48146,3.49E-07,1.45E-09,1.96E-18,4.84E-07,0.616838036,1.265241307,2.845482609,5.786580431,4.152742431,0.426718468,4.575067181,14.89207534
4.57E-05,0.8631833,0.025713281,3.32E-09,17710.7617,1.06E-07,3.06E-10,1.59E-18,4.61E-07,0.319441128,0.780388672,2.3186774,7.633258852,3.141411482,0.010215166,2.836026344,12.60099842
2.50E-05,0.567453899,0.078450642,3.97E-09,24735.10706,2.19E-07,6.00E-10,2.13E-18,5.66E-07,0.593685947,4.767821938,9.895385118,0.910288823,0.000226189,2.39E-14,0.889704157,10.38475773
8.49E-05,0.827699317,0.041753574,4.84E-09,38744.17316,2.06E-07,8.94E-10,1.01E-18,7.72E-07,0.365674861,0.942249996,3.651472396,7.447187181,1.389319738,0.002343305,2.386189832,12.01435656
1.32E-05,0.654363665,0.068281978,4.35E-09,22283.23424,1.16E-07,1.81E-09,2.58E-18,7.28E-07,18.29695102,5.570770396,0.002109121,1.39E-09,9.29E-32,0,0.000665716,9.291649349
3.27E-05,0.808084812,0.029038386,1.01E-09,31622.52837,5.19E-08,9.14E-10,1.44E-18,3.04E-07,0.391141337,0.726955527,1.361010384,2.776889806,4.263427397,2.580018801,7.470738074,18.96493054
1.31E-05,0.529624651,0.072986699,2.93E-09,27326.18446,7.77E-08,2.04E-09,1.64E-18,2.52E-07,1.053074949,2.571057905,8.85562929,6.33538877,0.420711545,8.34E-08,2.367727873,12.01499939
4.05E-05,0.756234009,0.04608727,4.01E-09,38205.48096,2.84E-08,2.64E-09,3.74E-18,7.16E-07,20.70621886,3.121061426,4.74E-08,6.40E-29,0,0,0.002075584,9.223161098
6.58E-05,0.810749785,0.057466147,2.83E-09,36736.64466,1.49E-07,1.54E-09,1.28E-18,2.99E-07,0.537673648,1.308945113,3.667237656,8.745815837,3.237828952,0.019678761,3.268169568,13.15219461
7.42E-05,0.500262512,0.040305228,4.96E-09,31410.60594,3.57E-07,1.25E-09,1.61E-18,4.71E-07,1.628257507,10.50493517,5.103420575,0.062417164,4.57E-06,8.57E-10,0.678800332,10.08639338
9.55E-05,0.502605793,0.057193736,2.87E-09,8392.277235,1.40E-07,2.74E-09,2.99E-18,9.00E-07,22.90798301,0.434983866,1.44E-05,2.20E-07,3.23E-10,1.93E-34,0.234465393,9.477301706
1.77E-05,0.622384551,0.014192141,4.95E-09,9461.48919,1.27E-07,1.99E-09,1.55E-18,4.01E-07,22.03124306,6.681613102,0.02019287,8.24E-08,5.15E-29,0,0.002128318,9.321208156
5.88E-05,0.834608284,0.018070575,2.69E-09,44461.13556,2.38E-07,2.25E-09,1.56E-18,3.86E-07,0.668674666,1.765140692,6.490953705,8.878638924,0.819319254,0.000141347,2.554713037,12.22773271
4.62E-05,0.773041851,0.053749267,1.62E-09,29173.21132,1.17E-07,1.38E-09,2.68E-18,6.51E-07,0.689036805,1.722121165,5.331236768,10.98082865,1.912411586,0.000149006,3.149165562,12.9892742
3.12E-05,0.705096277,0.061640171,2.54E-09,9679.850593,3.65E-07,2.74E-09,1.18E-18,3.64E-07,2.458475257,8.365148293,15.53613451,3.120899255,0.009442733,4.53E-09,1.70437861,11.21146192
7.08E-05,0.754128797,0.050502536,3.89E-09,24585.83637,7.02E-08,1.18E-09,2.98E-18,3.61E-07,7.484269088,15.51388306,0.643219336,9.89E-07,4.30E-27,0,0.195351263,9.570224313
9.52E-05,0.55203871,0.017844057,2.85E-09,10059.73784,6.65E-08,2.06E-09,1.89E-18,5.49E-07,3.413170345,18.14819236,11.09924346,0.040671152,3.14E-07,7.20E-29,1.375616922,10.80141907
8.08E-05,0.518438181,0.028706452,9.02E-10,45767.25128,3.80E-07,2.87E-09,3.38E-18,5.49E-07,0.814144151,1.517283639,2.700223319,4.417738141,3.066961192,0.285123371,4.886203823,15.31782063
3.93E-05,0.583738328,0.060405501,4.04E-09,19383.5402,3.95E-07,1.73E-09,2.10E-18,8.92E-07,13.08749847,9.544968796,0.15144204,5.21E-05,2.03E-15,0,0.029733468,9.5113944
2.96E-05,0.845386175,0.044550577,2.94E-09,17083.79252,4.48E-08,9.41E-10,1.57E-18,6.77E-07,0.810960105,2.090301999,7.273375474,11.07287552,0.906024896,3.97E-06,2.877852685,12.64112579
9.73E-05,0.691207239,0.071747571,2.04E-09,10775.43865,2.44E-08,2.45E-09,2.76E-18,9.81E-07,3.741710031,21.22570585,14.37463392,0.006734081,7.67E-12,3.75E-40,1.209167562,10.61155804
5.76E-05,0.503384482,0.024423506,4.81E-09,6334.275959,3.62E-07,1.08E-09,2.78E-18,6.21E-07,0.027378865,3.73E-05,3.04E-06,1.41E-08,7.85E-31,0,0.284077848,9.531767991
9.60E-05,0.568909061,0.017390033,2.98E-09,23408.77032,3.61E-07,2.28E-09,2.12E-18,9.68E-07,3.010551579,14.67164605,6.072192918,0.058383286,4.68E-07,1.32E-28,0.939328092,10.30026074
2.20E-05,0.582199378,0.055787204,4.33E-09,33775.84905,3.34E-07,1.67E-09,3.90E-18,8.10E-07,5.881328065,0.000411795,1.00E-09,2.54E-30,0,0,3.42E-05,9.223328105
3.77E-05,0.667392096,0.069446566,2.78E-09,44991.3819,1.37E-08,2.31E-09,2.81E-18,8.08E-07,1.146384566,5.067589052,17.13906917,2.017067238,9.46E-07,3.05E-28,1.617879832,11.08267696
7.01E-05,0.791803721,0.011299655,2.84E-09,26258.47958,3.46E-07,2.33E-09,3.00E-18,2.94E-07,10.55895433,13.67487518,0.447455172,7.26E-05,2.20E-15,0,0.333010282,9.753851598
7.18E-05,0.708224757,0.048364137,3.07E-09,32567.74925,1.24E-07,1.83E-09,2.30E-18,8.80E-07,1.160652553,7.997346522,12.70188572,0.648679096,9.93E-06,3.31E-26,1.224518931,10.63651389
4.71E-05,0.695387659,0.019070729,2.43E-09,12497.49777,3.55E-07,1.40E-09,3.89E-18,5.26E-07,18.83198491,6.429022903,0.012023214,4.32E-08,2.79E-29,0,0.127404452,9.429702537
5.40E-05,0.573743637,0.043607409,3.80E-09,32222.41931,3.50E-07,1.02E-09,2.35E-18,7.60E-07,1.335954788,10.30253085,5.431318328,0.055597306,1.32E-06,1.87E-27,0.563007523,10.01133076
4.14E-05,0.892376596,0.028869073,6.14E-10,43118.65807,1.34E-08,2.75E-09,1.44E-18,9.61E-07,0.71121218,1.264718581,2.191376675,3.929577889,4.909374179,2.464475082,8.945039452,20.96492742
1.53E-05,0.547003394,0.066733577,4.75E-09,36169.81839,3.97E-07,2.34E-09,2.89E-18,7.31E-07,9.128071273,0.01688942,1.48E-06,1.10E-13,5.13E-38,0,3.72E-05,9.236564628
4.09E-05,0.507797976,0.011008897,2.80E-09,26867.36975,3.90E-07,1.12E-09,3.53E-18,8.99E-07,4.760849775,13.07378973,1.914770821,0.000919167,1.70E-07,2.67E-10,0.332139034,9.789251607
2.88E-05,0.801921311,0.079370019,1.69E-09,41504.40303,3.98E-07,1.64E-09,3.54E-18,3.19E-07,0.689289152,2.311185101,10.59861879,5.117808972,0.032527147,1.60E-08,1.701827819,11.21796613
4.80E-05,0.888238978,0.011927387,3.62E-09,45917.63845,2.75E-07,1.58E-09,3.63E-18,6.92E-07,11.99919782,7.133423112,0.017575513,1.21E-07,3.62E-28,0,0.064715042,9.438326533
8.21E-05,0.885224799,0.062263566,4.03E-09,40166.53168,3.30E-07,1.39E-09,3.20E-18,7.57E-07,12.04374958,6.099056383,0.012606442,2.14E-07,1.20E-27,0,0.104383382,9.469951189
1.18E-05,0.824602407,0.057793443,1.18E-09,11128.82423,3.31E-07,1.97E-09,1.91E-18,6.68E-07,1.356523101,3.331516197,8.404898045,10.70268234,2.011179522,0.003815029,3.518641335,13.49476088
6.35E-05,0.590407435,0.029857404,4.56E-09,48892.41723,4.97E-09,1.85E-09,3.06E-18,6.24E-07,5.330818232,17.90617831,1.575126143,5.25E-06,3.82E-26,0,0.377226663,9.635251937
5.34E-05,0.721580286,0.012649028,3.08E-09,16461.92946,7.16E-08,1.93E-09,1.24E-18,2.70E-07,1.318381519,3.589780365,11.99520481,8.655604186,0.140838448,1.71E-07,2.744157624,12.45965233
1.51E-05,0.842899687,0.072851193,3.22E-09,49119.92187,8.49E-09,2.75E-09,1.10E-18,3.16E-07,0.746716747,1.702904661,4.342310609,9.773916815,5.232701411,0.011638649,4.475743351,14.69632423
5.28E-05,0.748234858,0.012212778,4.31E-09,19962.35464,8.50E-08,3.00E-09,3.51E-18,3.79E-07,2.274867235,1.03E-07,1.22E-14,1.99E-38,0,0,0.191601014,9.43028008
9.27E-05,0.67407404,0.036477935,4.13E-09,44150.48759,2.22E-07,1.93E-09,2.22E-18,4.25E-07,3.390303537,13.087872,3.305810449,0.005684414,4.43E-09,5.04E-32,0.562270627,9.977068808
3.05E-05,0.776587322,0.076383158,4.89E-09,36052.66941,1.05E-07,8.38E-10,2.75E-18,9.05E-07,4.750127908,12.14368686,1.154319975,9.93E-06,3.29E-17,0,0.085976606,9.576263452
2.01E-05,0.901699802,0.077017311,4.99E-09,28098.96687,2.95E-07,9.67E-10,3.81E-18,5.65E-07,5.581071831,0.000191795,1.49E-10,1.08E-24,0,0,5.72E-05,9.223857717
2.89E-05,0.814520592,0.040113039,4.90E-09,22497.2595,1.98E-07,1.28E-09,3.06E-18,3.69E-07,11.59263341,0.037076911,1.79E-07,9.89E-20,0,0,8.22E-05,9.229740311
6.34E-05,0.54549506,0.068172975,4.91E-09,49536.27898,7.22E-08,2.71E-09,2.37E-18,8.47E-07,12.55654474,11.34418591,0.065010169,7.24E-06,1.00E-08,9.83E-32,0.102439159,9.45211548
3.65E-05,0.772089083,0.033829699,3.34E-09,34006.88992,2.16E-07,2.63E-09,1.72E-18,6.42E-07,1.288851867,7.626458006,12.56261943,1.018979915,0.000240986,9.35E-15,1.106043416,10.61833528
3.82E-05,0.662852674,0.03142811,3.13E-09,39885.56769,3.27E-07,2.26E-09,2.80E-18,6.71E-07,4.895786383,13.99569052,2.449549844,0.002393978,6.88E-10,1.37E-33,0.224247009,9.774932769
7.71E-05,0.823528182,0.012405497,2.66E-09,21708.84127,2.40E-08,2.42E-09,1.29E-18,9.79E-07,1.225597849,3.017535691,8.380998663,12.47651525,1.487568955,1.62E-05,3.93024497,13.95590059
1.53E-05,0.898181195,0.063264179,2.48E-09,13056.88072,2.87E-07,1.80E-09,2.28E-18,3.59E-07,3.113436705,16.14942637,8.094604557,0.08767543,3.68E-07,6.12E-29,0.612825209,10.17565391
9.25E-05,0.865717377,0.079628871,1.33E-09,38289.4165,1.19E-07,2.33E-09,2.50E-18,8.41E-07,0.74796921,1.783102295,4.723482828,10.24707486,4.137123706,0.014675841,3.986240291,14.07464115
4.16E-05,0.581216757,0.024825299,2.25E-09,44177.62093,2.13E-07,1.43E-09,3.59E-18,6.64E-07,0.755627553,5.234785041,11.72143925,1.334544337,5.67E-05,8.78E-25,1.213663032,10.62723984
9.00E-05,0.584778788,0.016129643,1.82E-09,42066.88017,2.32E-07,2.06E-09,2.85E-18,6.86E-07,0.748820269,2.023973893,8.819771723,7.540719572,0.130210641,2.22E-07,2.617177647,12.27787979
3.94E-05,0.817033463,0.067744651,2.13E-09,7137.360757,2.31E-07,1.75E-09,1.98E-18,6.42E-07,3.046860883,14.79754416,14.18067116,0.48937129,1.20E-05,3.03E-26,1.133154662,10.64529977
5.63E-05,0.781198795,0.077098718,4.14E-09,29544.10978,3.54E-07,2.14E-09,1.54E-18,4.73E-07,1.769678304,11.54066126,7.195050509,0.152154287,1.56E-05,1.06E-25,0.571959373,10.13104978
3.58E-05,0.594826368,0.035238775,9.44E-10,13447.07202,1.09E-07,7.86E-10,3.67E-18,2.67E-07,0.852021101,1.5964792,2.953556932,5.387187482,3.81956046,0.226577802,4.719953139,15.07652581
5.08E-05,0.706951866,0.073570189,1.14E-09,12076.9951,1.43E-07,1.32E-09,1.88E-18,9.99E-07,1.003278721,1.937531211,4.053435629,6.962170047,4.159534612,0.34425165,4.871526816,15.30100677
1.14E-05,0.52913636,0.058559124,1.97E-09,15973.29758,2.52E-07,1.13E-09,1.84E-18,9.72E-07,0.844039379,1.829509474,4.841941921,6.6561371,1.694573351,0.001144861,2.962051858,12.7803533
2.54E-05,0.861521939,0.072060678,4.47E-09,39140.74666,5.25E-08,1.32E-09,1.83E-18,5.40E-07,0.795968499,5.145904923,12.52208462,1.538824277,2.52E-05,1.85E-25,1.193363062,10.68287601
3.61E-05,0.675081183,0.037644282,1.89E-09,13680.37249,3.39E-07,2.49E-09,3.82E-18,5.23E-07,16.32683611,15.14444119,0.319702829,9.14E-06,1.81E-25,0,0.027089966,9.477726765
9.57E-05,0.863744238,0.068889551,2.57E-09,15591.88135,2.59E-07,9.98E-10,3.70E-18,8.22E-07,7.498929184,15.25939852,0.936759193,5.70E-05,6.43E-16,0,0.194722272,9.646368819
5.56E-05,0.872618125,0.062075015,2.53E-09,40654.73471,3.09E-07,2.82E-09,1.80E-18,4.48E-07,0.931501703,2.899991242,11.15652326,5.683730587,0.06882511,2.48E-07,1.883164948,11.41350766
9.80E-05,0.679121508,0.06237482,2.52E-09,37550.18087,3.26E-08,1.50E-09,1.53E-18,7.54E-07,0.591852078,1.238006189,2.92646373,7.011514542,4.563979953,0.09812602,4.384745236,14.58542131
5.20E-05,0.574633533,0.06494321,7.81E-10,37838.41435,3.83E-07,1.41E-09,1.31E-18,3.11E-07,0.438516506,0.787122165,1.310312134,2.152841548,2.78159687,1.557116197,6.442148237,17.6381944
2.35E-05,0.740766263,0.057934698,2.08E-09,35565.86772,2.32E-07,3.32E-10,1.89E-18,8.07E-07,0.175430185,0.391222293,0.949701021,2.562183213,5.022411812,1.575019501,4.089143817,14.25982374
8.88E-05,0.720532184,0.017294894,4.82E-09,19737.12526,2.48E-08,1.00E-09,1.51E-18,7.40E-07,1.057717566,5.559613504,14.73966895,2.051667312,1.58E-05,6.24E-26,1.83214997,11.32748391
7.25E-05,0.626537612,0.040607494,3.77E-09,48593.53491,3.80E-07,2.17E-09,2.59E-18,6.55E-07,5.804650735,12.57283984,0.897119513,0.000582339,1.08E-10,7.75E-35,0.303156075,9.775728482
7.33E-05,0.881463681,0.019600154,1.49E-09,31993.8748,2.64E-07,2.51E-09,3.83E-18,9.07E-07,1.288129435,6.06129602,14.72372859,2.513829426,0.00031408,9.40E-15,1.772338727,11.27062464
2.65E-05,0.904833223,0.057693222,4.06E-09,40452.35382,1.81E-07,2.76E-09,1.12E-18,9.20E-07,0.909602661,2.864671656,10.94664017,5.501176135,0.070737762,3.64E-07,1.812622066,11.33834703
6.93E-05,0.624564099,0.045387379,1.42E-09,26484.18332,3.30E-08,2.40E-09,2.41E-18,8.28E-07,1.177724862,2.179204409,4.07682348,6.898327901,3.23429037,0.071305519,4.725155529,15.03015823
7.07E-05,0.713452803,0.028772856,2.27E-09,14774.61138,2.31E-08,1.05E-09,1.30E-18,2.61E-07,0.861832959,1.671585568,3.5380966,6.956191216,4.669137247,0.241214028,5.223243418,15.70410594
1.01E-05,0.760744921,0.028493021,1.88E-09,18525.58393,2.12E-07,7.82E-10,3.97E-18,9.76E-07,0.912134147,5.74371421,12.80698901,1.475016473,4.18E-05,4.55E-25,1.204135221,10.70666792
4.18E-05,0.664794081,0.037978154,1.76E-09,12193.35056,3.01E-07,2.57E-09,3.85E-18,8.64E-07,14.97747983,18.11438601,0.58916258,1.88E-05,5.58E-25,0,0.101270761,9.52947551
1.60E-05,0.84101791,0.044835851,1.65E-09,34263.49257,2.30E-07,7.85E-10,2.64E-18,4.78E-07,0.370287767,0.883468509,2.413401745,7.189817521,4.36963609,0.05426214,3.313313058,13.21625002
2.79E-05,0.765182671,0.012186263,1.92E-09,11552.33282,1.92E-07,2.60E-09,1.65E-18,3.08E-07,2.091257337,6.054771283,16.08356423,6.226180945,0.037603879,1.82E-08,2.330559738,11.96453766
2.81E-05,0.560750249,0.04975723,2.91E-09,49789.6392,3.12E-07,1.60E-09,1.25E-18,4.44E-07,0.42447845,0.960647065,2.557486056,6.243543842,2.994584636,0.048145387,2.949700102,12.76785626
3.52E-05,0.905239554,0.0299469,2.58E-09,46016.84463,3.13E-07,2.24E-09,2.38E-18,4.24E-07,0.86252303,4.536235411,11.73761812,2.416634654,0.002719387,1.12E-11,1.293655823,10.79612555
6.95E-05,0.769328096,0.044824965,4.18E-09,11268.37021,2.64E-07,1.55E-09,1.56E-18,5.12E-07,7.942190877,16.49844496,1.765387287,0.002920911,5.21E-10,3.65E-34,0.289209393,9.773104493
7.35E-05,0.710578623,0.072280768,1.82E-09,11103.80098,2.71E-07,8.43E-10,3.98E-18,8.42E-07,1.890417387,14.17161615,8.724848188,0.065849406,7.00E-08,3.42E-30,0.749066885,10.20282203
9.90E-05,0.622680817,0.025964303,1.64E-09,25654.49605,1.48E-07,4.61E-10,3.00E-18,9.27E-07,0.336431263,0.750623976,1.932573432,6.045654351,4.446217976,0.07938722,3.88770885,13.91733175
7.87E-05,0.896634595,0.053333231,4.11E-09,25518.21113,1.60E-07,2.87E-09,2.66E-18,8.44E-07,19.41593421,1.736675066,9.53E-05,1.56E-11,3.74E-35,0,0.121033394,9.354919288
8.56E-05,0.553438823,0.024993794,2.78E-09,17773.24343,2.03E-08,1.03E-09,2.44E-18,4.07E-07,1.097010769,3.530173637,14.34912742,4.176742267,4.14E-05,7.93E-08,2.376828357,11.97805885
3.13E-05,0.574060113,0.029167796,6.91E-10,39008.25845,3.75E-07,2.37E-09,1.31E-18,8.60E-07,0.614610335,1.080153922,1.740571251,2.70159299,2.980542793,1.346389113,6.614940788,17.90387551
2.78E-05,0.619686997,0.06747524,4.37E-09,47547.8299,3.04E-07,6.91E-10,3.61E-18,4.47E-07,5.909929361,8.578407626,0.099264499,1.53E-06,3.81E-18,0,0.008212676,9.496705526
1.64E-05,0.512491087,0.071064075,2.23E-09,21356.39285,1.92E-08,1.60E-09,1.14E-18,9.82E-07,1.078585606,1.879909376,2.836940173,3.46318204,2.700636085,0.685573193,5.74521268,16.52155741
3.92E-05,0.623145599,0.048651731,2.11E-09,27955.74938,3.52E-07,2.61E-09,3.13E-18,4.28E-07,2.603645574,14.9598463,7.393404703,0.061059538,1.65E-07,1.70E-29,0.587739583,10.12975487
1.10E-05,0.887161734,0.045691756,3.86E-09,13584.74432,5.74E-08,8.87E-10,2.65E-18,9.56E-07,7.485548695,17.21214553,1.374057881,3.88E-06,3.67E-26,0,0.102880832,9.542567265
8.61E-05,0.844479429,0.023925793,4.20E-09,25969.47991,2.62E-07,1.23E-09,2.64E-18,9.90E-07,11.62180052,8.781471901,0.07330645,3.51E-06,9.01E-26,0,0.306536011,9.686362793
3.11E-05,0.565883124,0.018892672,1.87E-09,43647.23461,1.74E-07,1.30E-09,3.28E-18,9.86E-07,0.549268262,1.451858412,6.880728263,8.164589336,0.261144109,5.14E-07,2.192677587,11.78756201
6.17E-05,0.805164259,0.041228298,9.77E-10,20474.52123,3.52E-07,9.29E-10,3.08E-18,4.31E-07,0.541848245,1.259292734,3.253690962,7.51814741,5.235381368,0.233052385,4.136280519,14.2902893
7.80E-05,0.609704227,0.073058858,1.07E-09,18167.89932,2.19E-07,7.64E-10,3.58E-18,8.40E-07,0.60601565,1.257957637,2.917723725,6.661895302,3.607193656,0.09358835,3.940512661,14.0238209
4.83E-05,0.792380268,0.061567401,3.46E-09,32059.98039,1.90E-07,7.79E-10,3.55E-18,3.32E-07,3.44407831,12.12603156,2.322074554,0.000225778,1.30E-11,2.56E-36,0.179823949,9.698723051
2.84E-05,0.771216806,0.051303706,4.02E-09,31119.82766,2.80E-07,1.11E-09,1.72E-18,5.48E-07,0.713809555,4.7418836,10.32643502,1.379907979,0.001407212,4.00E-12,1.005424743,10.49697547
4.22E-05,0.772197938,0.067186994,4.00E-09,9745.600145,6.26E-08,2.18E-09,3.99E-18,9.41E-07,0.000397321,3.23E-12,2.41E-25,0,0,0,6.35E-06,9.220619515
1.90E-05,0.789101538,0.057053145,1.26E-09,13369.85951,3.93E-07,2.54E-09,2.02E-18,5.46E-07,1.516602482,3.9101658,10.35379701,9.925268006,0.88685472,0.000181673,3.011688389,12.83390509
1.85E-05,0.774172714,0.044619187,4.30E-09,32647.29487,2.52E-07,2.19E-09,1.86E-18,3.66E-07,4.905487921,14.16015464,2.660263479,0.004966398,3.30E-09,2.15E-32,0.19762677,9.799136429
2.85E-05,0.617727194,0.0113784,1.04E-09,13877.63536,3.87E-07,2.90E-09,2.01E-18,6.67E-07,1.495726304,2.983414216,6.155070546,7.407711556,2.017031206,0.044612976,4.204370344,14.45108749
7.40E-05,0.514160441,0.033469222,1.55E-09,40915.33499,3.88E-07,2.82E-09,2.88E-18,6.26E-07,0.920058477,2.271862203,7.92419481,6.155181607,0.544855017,4.49E-07,2.653551693,12.35267092
1.74E-05,0.548797501,0.077336935,3.78E-09,24214.60007,3.14E-07,2.66E-09,2.13E-18,8.32E-07,13.85144883,11.04922154,0.205703642,4.20E-05,2.20E-16,0,0.015922767,9.511700595
7.15E-05,0.682338715,0.075514087,3.24E-09,40553.22157,2.87E-07,2.03E-09,1.48E-18,4.85E-07,0.714862266,2.083724801,9.21213246,6.160678028,0.134996585,2.59E-06,1.90794324,11.43848088
8.27E-05,0.877221938,0.053997016,1.06E-09,35072.19239,1.15E-07,2.05E-09,1.74E-18,5.27E-07,0.587827355,1.232545223,2.831990709,5.995647306,6.006818152,1.473465849,5.822923163,16.60545273
5.55E-05,0.754770872,0.032177779,2.61E-09,19159.29543,2.03E-07,2.08E-09,1.89E-18,8.46E-07,1.547655463,7.33567612,14.46935958,2.019347815,0.000644438,2.06E-13,1.554108161,11.02171843
9.98E-05,0.712932011,0.064263,4.89E-09,22725.76526,1.76E-07,5.92E-10,3.84E-18,9.16E-07,12.95652676,0.455214355,6.56E-08,2.40E-15,3.06E-40,0,0.19387863,9.432777695
5.12E-05,0.61932449,0.016588191,2.52E-09,11748.66124,9.43E-08,6.43E-10,3.80E-18,9.50E-07,3.066201634,16.58030431,4.91466269,0.000446448,3.56E-14,0,0.561571523,9.906705325
6.09E-05,0.597600421,0.040982692,3.22E-09,7560.4559,3.93E-08,2.40E-09,2.96E-18,8.11E-07,28.22190596,0.446355263,1.73E-07,8.05E-28,0,0,0.190251962,9.42880166
2.04E-05,0.745431068,0.031963152,3.84E-09,9730.88663,2.91E-07,2.64E-09,3.23E-18,5.94E-07,0.013220432,2.48E-07,6.28E-14,2.45E-37,0,0,4.59E-06,9.220615597
7.64E-05,0.614023533,0.077236685,3.94E-09,16568.30626,6.43E-08,2.08E-09,3.27E-18,6.88E-07,18.1535083,0.07785811,1.66E-08,3.28E-29,0,0,0.078015316,9.305885165
9.58E-05,0.659329513,0.074174978,2.63E-09,45105.79266,2.30E-07,1.02E-09,1.13E-18,5.58E-07,0.302955123,0.654704755,1.587123994,4.047934652,4.831093237,0.810960229,4.111771535,14.29074587
4.72E-05,0.627779161,0.04045656,1.11E-09,29118.52405,1.97E-07,5.82E-10,3.95E-18,6.18E-07,0.359837271,0.76409405,1.797203619,4.966337609,4.934050976,0.328743982,4.048982353,14.17126554
3.35E-05,0.557203494,0.07321189,1.80E-09,14850.01115,3.31E-07,2.46E-09,1.06E-18,2.98E-07,1.206450381,2.31037654,4.569487533,6.002264939,2.288278206,0.141643639,3.768186782,13.85204773
3.03E-05,0.702286577,0.022587865,4.78E-09,11347.55627,2.63E-07,2.58E-09,1.92E-18,5.09E-07,12.05513797,0.070382251,1.84E-05,9.85E-16,0,0,5.64E-05,9.227839414
9.33E-05,0.900868277,0.076533539,2.03E-09,27211.15271,2.90E-07,2.66E-09,2.86E-18,3.67E-07,1.675015786,10.75700601,12.43843292,0.487217922,1.29E-05,4.76E-26,1.080944794,10.55062933
4.02E-05,0.535454435,0.077558826,3.06E-09,31571.98654,2.81E-07,2.61E-09,3.02E-18,8.31E-07,13.15234763,11.37312421,0.164840973,1.12E-05,5.22E-09,2.73E-32,0.015484895,9.486044503
3.47E-05,0.681740613,0.029148409,2.70E-09,17040.27212,1.02E-07,8.88E-10,1.05E-18,4.65E-07,0.595871735,1.276798156,3.093136172,6.717824931,4.360129162,0.258233262,4.059026825,14.22762048
1.38E-05,0.693473547,0.060844651,2.90E-09,45630.7131,1.52E-07,6.24E-10,3.99E-18,4.30E-07,0.460337009,4.608436747,9.636777775,0.531609776,2.44E-06,4.41E-27,0.80209436,10.25693119
9.69E-05,0.523570736,0.018026624,1.98E-09,10835.82923,1.89E-07,3.12E-10,3.99E-18,9.93E-07,0.655263844,3.287803721,11.83560268,2.874582856,0.000481304,4.51E-08,1.934181571,11.43673424
1.06E-05,0.893778745,0.013575907,2.94E-09,25404.55195,3.15E-07,2.73E-09,3.49E-18,7.44E-07,18.74862886,3.495720412,0.001351382,1.53E-09,1.11E-31,0,0.000387456,9.282498045
3.07E-05,0.727533947,0.017217174,2.15E-09,34860.65588,1.10E-07,1.15E-09,3.75E-18,6.34E-07,0.767659487,4.172192187,12.9475785,2.346817859,5.64E-05,7.17E-25,1.367808683,10.85790492
8.55E-05,0.819558754,0.011533574,4.66E-09,48558.46061,3.94E-07,1.46E-09,3.02E-18,3.50E-07,12.25776238,3.455334849,0.001368196,1.70E-08,3.27E-29,0,0.367084279,9.674668086
7.89E-05,0.738948776,0.075440697,3.80E-09,46340.84765,2.25E-07,2.38E-09,3.52E-18,7.63E-07,15.61943625,3.002567175,0.000197516,1.19E-10,3.79E-33,0,0.067729866,9.330050367
1.90E-05,0.808825856,0.041886407,3.93E-09,46542.21562,3.71E-07,9.46E-10,2.52E-18,4.76E-07,0.664078366,8.203998282,5.979335977,0.08984144,5.41E-06,2.88E-26,0.456088963,10.03318504
1.23E-05,0.532970937,0.014657181,3.93E-09,46153.54107,9.19E-08,5.28E-10,1.34E-18,3.12E-07,0.240114708,0.526516839,1.284343568,4.209229624,3.991805332,0.289340921,3.281844529,13.1985714
4.77E-05,0.87503583,0.061228403,1.93E-09,6292.714705,3.30E-07,2.47E-09,2.67E-18,7.02E-07,16.14422754,20.73626065,1.116429502,0.000184365,2.83E-23,0,0.084030246,9.569611121
9.89E-05,0.65631434,0.07057039,4.81E-09,21852.08658,1.28E-07,1.33E-09,2.30E-18,5.32E-07,14.33220465,8.74983426,0.035113827,2.04E-07,5.25E-28,0,0.156254112,9.497291605
5.74E-05,0.503978484,0.041294274,3.69E-09,15782.33129,2.39E-07,1.20E-09,3.95E-18,4.22E-07,9.53112672,0.006462353,1.15E-05,5.37E-07,6.59E-10,7.16E-34,0.207401651,9.447607023
6.19E-05,0.576434555,0.072515978,1.46E-09,18957.99846,1.31E-07,2.06E-09,2.88E-18,4.69E-07,1.321168805,3.082971808,9.219820512,7.241783836,0.486046393,3.92E-08,2.803845989,12.55228953
5.38E-05,0.595185048,0.059415589,3.59E-09,39606.44136,9.77E-08,1.40E-09,3.73E-18,5.83E-07,9.181319145,12.21691939,0.113786396,6.42E-08,5.91E-29,0,0.096325251,9.457163127
4.30E-05,0.839740158,0.012927127,3.99E-09,12737.33151,7.62E-08,1.44E-09,1.30E-18,9.49E-07,1.681519802,8.213890473,15.24880939,1.675965397,0.000128683,2.76E-24,1.449562364,10.94953006
9.10E-05,0.74974772,0.040421481,4.00E-09,17604.31159,2.72E-07,1.92E-09,3.45E-18,4.68E-07,4.965610192,0.000288674,1.04E-09,2.19E-30,0,0,0.263396622,9.509055486
9.30E-05,0.783823461,0.02781787,3.41E-09,17951.82592,1.29E-07,1.43E-09,3.83E-18,3.13E-07,18.80854231,1.789645925,4.03E-06,9.27E-18,0,0,0.330931007,9.583259401
1.93E-05,0.757110885,0.051908727,3.18E-09,30996.45466,8.26E-08,2.29E-09,2.60E-18,5.91E-07,3.119717765,17.10241691,5.842916072,0.002587397,1.39E-10,3.48E-35,0.43121358,9.946995665
3.18E-05,0.642150492,0.032680174,3.47E-09,41647.15353,3.42E-07,1.50E-09,3.57E-18,5.74E-07,11.19848747,7.906688836,0.039195422,8.60E-07,9.59E-27,0,0.003554469,9.448462716
6.51E-05,0.613544876,0.045027789,4.57E-09,8090.760245,2.53E-07,4.63E-10,3.89E-18,8.56E-07,3.381050257,6.41E-06,3.66E-12,8.06E-23,0,0,0.197692003,9.43695865
6.14E-05,0.698632342,0.0323947,4.28E-09,45458.25818,1.53E-07,1.72E-09,2.69E-18,4.39E-07,6.682006705,13.02438697,0.537190269,1.62E-05,7.91E-17,0,0.23137572,9.662816948
2.52E-05,0.873756299,0.012837597,2.30E-09,23888.7849,3.46E-08,7.55E-10,2.48E-18,4.32E-07,0.588623024,1.485060658,5.182629711,11.27028069,1.242148245,2.58E-06,2.896374843,12.65601869
5.84E-05,0.542489759,0.065902828,1.50E-09,44611.90275,3.06E-07,2.97E-09,2.73E-18,4.71E-07,0.857468218,1.973626857,6.032106662,7.185362444,1.166155347,1.28E-05,2.838290315,12.60619638
8.92E-05,0.696137364,0.07888339,4.98E-09,30896.4636,2.55E-07,1.70E-09,3.50E-18,5.42E-07,3.967323146,2.76E-05,2.98E-11,1.59E-32,0,0,0.081406481,9.309595543
4.15E-05,0.546138767,0.02455847,1.76E-09,43379.70019,1.78E-07,5.14E-10,3.90E-18,4.88E-07,0.276124132,0.662589075,2.2726646,7.48631112,2.187697589,0.000391803,2.655974251,12.35719536
2.08E-05,0.864549546,0.068063698,2.26E-09,36819.96495,1.22E-07,1.69E-09,2.83E-18,7.14E-07,0.851248917,3.099630779,12.98656336,4.380407868,0.002681584,3.45E-12,1.733701257,11.25633267
7.98E-05,0.638803156,0.023115571,1.94E-09,20989.96269,3.16E-07,2.21E-09,2.33E-18,3.93E-07,1.374635568,5.264607194,14.19108617,3.738524673,0.007440189,1.00E-10,2.063694604,11.60997221
9.20E-05,0.903571065,0.073171018,3.20E-09,33838.4748,1.57E-07,1.48E-09,1.57E-18,2.59E-07,0.666865889,1.836824471,8.085623634,7.887616647,0.266170074,3.21E-06,2.204250786,11.79751391
9.45E-05,0.894919048,0.042976638,1.51E-09,20954.33524,2.50E-07,1.13E-09,3.27E-18,9.89E-07,0.813286082,2.231756083,9.376994822,8.539401146,0.188053784,3.39E-07,2.51425357,12.16564897
6.24E-05,0.727236167,0.035716104,2.96E-09,16507.53571,3.89E-07,1.08E-09,2.12E-18,4.08E-07,1.217197106,9.18664652,9.931715704,0.425069515,7.69E-05,1.71E-24,0.975392957,10.36623
3.63E-05,0.605302331,0.049079592,4.29E-09,38036.76613,9.82E-08,4.91E-10,1.85E-18,4.56E-07,0.311376338,0.854404153,5.411367585,6.9063522,0.237793325,1.17E-06,1.72250916,11.23241912
6.67E-05,0.668254717,0.049285878,3.35E-09,10132.30814,1.88E-07,2.02E-09,1.29E-18,3.43E-07,2.536512173,12.89405389,13.22364099,0.59153528,5.58E-05,5.88E-25,1.241954723,10.65542325
9.25E-05,0.645220119,0.042515017,1.09E-09,37243.57985,3.20E-07,7.42E-10,3.44E-18,4.66E-07,0.327239985,0.693406736,1.614601449,4.249594006,5.070748944,0.672795634,4.459204206,14.71000634
5.19E-05,0.586804074,0.015208862,1.23E-09,25440.60948,2.21E-07,3.78E-10,2.31E-18,9.42E-07,0.277350231,0.530980339,0.994125824,1.973982359,3.253634553,1.860596327,5.926491562,16.77624181
5.92E-05,0.618896342,0.042652264,1.86E-09,30348.02449,2.29E-07,1.66E-09,1.41E-18,9.34E-07,0.603975123,1.241903612,2.792912094,5.712009049,3.895843633,0.354752442,4.246894755,14.46838172
9.15E-05,0.846202041,0.064168434,4.79E-09,6995.40609,8.85E-08,1.76E-09,2.55E-18,4.90E-07,2.309245292,5.57E-06,1.79E-12,2.69E-35,0,0,0.123028629,9.355147765
2.82E-05,0.517636502,0.070418521,1.70E-09,34641.40877,3.96E-07,1.45E-09,3.87E-18,4.17E-07,0.79486137,3.984936177,11.94222953,2.77670879,0.002014424,2.62E-08,1.373442788,10.87600575
6.63E-05,0.787520507,0.024712325,4.98E-09,32078.92805,4.66E-08,2.37E-09,3.80E-18,9.03E-07,5.132800116,1.37E-08,8.64E-16,7.20E-40,0,0,0.219969764,9.461393106
9.91E-05,0.518054279,0.014833212,4.15E-09,11212.01563,3.18E-07,2.20E-09,3.10E-18,6.19E-07,0.094791277,6.59E-05,4.47E-06,2.11E-09,1.79E-32,0,0.575781168,9.853138168
6.06E-05,0.657053356,0.062515417,7.29E-10,6121.670688,5.27E-08,2.27E-09,2.29E-18,4.03E-07,2.620614296,4.230964036,6.113993092,6.543949727,2.634230243,0.197555343,5.759241385,16.47957217
9.59E-05,0.781722778,0.059813408,3.65E-09,47055.58579,3.38E-07,2.83E-09,3.12E-18,3.15E-07,15.33774502,4.70513611,0.005049671,3.98E-08,5.53E-29,0,0.164225039,9.472842616
3.21E-05,0.886947244,0.061385251,1.02E-09,25084.17297,2.70E-07,2.28E-09,1.27E-18,5.55E-07,0.681486371,1.467070004,3.434764744,6.627221632,5.478454543,1.226566269,5.256681331,15.88650885
7.00E-05,0.780479487,0.025608755,2.34E-09,34357.32601,2.27E-07,2.70E-09,1.24E-18,6.78E-07,0.791904815,1.952835792,5.408553933,9.637771989,2.5365074,0.010495671,3.402703503,13.31077504
7.23E-05,0.81920742,0.038238929,2.37E-09,14154.82421,3.64E-07,1.61E-09,2.51E-18,6.00E-07,2.739359602,14.94768535,7.808350174,0.095806285,7.00E-07,2.33E-28,0.774010019,10.17981701
4.04E-05,0.789717402,0.067939813,1.19E-09,24776.84699,1.71E-07,9.00E-10,3.85E-18,3.01E-07,0.571069332,1.404192774,4.146119627,10.38869374,2.605332787,0.000580667,3.229832398,13.09426017
4.91E-05,0.688079322,0.037056464,1.51E-09,23780.49861,2.48E-07,2.77E-09,1.36E-18,5.34E-07,0.9571172,1.992744592,4.570324594,7.514143551,3.556434079,0.205844346,4.288201357,14.53433712
6.72E-05,0.815820193,0.049908571,4.19E-09,15892.03968,3.73E-07,9.05E-10,2.30E-18,8.81E-07,10.02906176,10.2101901,0.202848265,7.38E-05,8.90E-15,0,0.128215319,9.594477556
8.75E-05,0.587933249,0.074504022,2.74E-09,48267.81724,2.94E-07,4.81E-10,1.37E-18,9.63E-07,0.178420931,0.380861162,0.888627388,2.414682557,4.272508232,1.21440795,3.954047862,14.07719388
2.69E-05,0.760225642,0.048164654,9.39E-10,29598.95415,3.75E-07,2.97E-09,2.27E-18,2.96E-07,0.866320692,1.871053988,4.53461085,8.077590657,4.258445554,0.235757415,4.300029431,14.54915
7.65E-05,0.550953589,0.04524211,8.44E-10,32175.7135,1.04E-07,2.59E-09,2.40E-18,4.59E-07,1.009937608,1.764336875,2.714513772,3.554070057,3.00083234,0.851206788,6.596245709,17.72497454
3.30E-05,0.829005787,0.015481698,2.16E-09,31913.05584,3.69E-07,1.60E-09,1.80E-18,9.94E-07,0.627890626,1.618042302,5.485758428,8.93480039,1.333790542,0.001018563,2.544903822,12.23572211
7.30E-05,0.56105837,0.064623694,4.32E-09,25880.9415,3.75E-08,1.07E-09,3.33E-18,4.49E-07,13.52295431,10.38731353,0.002332903,6.06E-06,6.04E-26,0,0.151309706,9.411009636
3.34E-05,0.796343842,0.035981201,7.38E-10,27111.06865,3.23E-07,2.63E-09,2.17E-18,5.03E-07,0.797141363,1.613337658,3.607728839,6.726290111,5.076353939,0.861328215,5.25499881,15.86895898
2.30E-05,0.713832203,0.016837309,4.38E-09,47583.02188,1.69E-07,2.80E-09,2.27E-18,5.28E-07,9.060792386,13.03373993,0.375764898,2.56E-05,1.50E-16,0,0.028446306,9.555156544
5.22E-05,0.621784529,0.02210189,3.78E-09,16347.26113,3.12E-07,6.58E-10,1.19E-18,4.23E-07,0.555668285,1.506182298,6.212012863,7.457805178,0.494656343,0.00017397,2.167238842,11.74466344
9.72E-05,0.81850307,0.040735501,4.71E-09,41776.63708,1.78E-07,6.07E-10,1.33E-18,8.96E-07,0.287475017,0.753627055,3.564208462,7.068069935,1.010876495,0.000509502,2.210267048,11.78900647
5.32E-05,0.736446601,0.061046201,9.33E-10,13763.29873,2.00E-07,2.23E-09,1.28E-18,7.86E-07,1.102540298,2.035140289,4.018049415,6.415889367,4.200233489,0.742986069,5.558312486,16.29786897
3.20E-05,0.906595364,0.029770587,2.32E-09,44356.08068,3.66E-07,2.69E-09,1.49E-18,5.35E-07,0.688942294,1.758402235,5.556483002,9.026151993,1.532076372,0.002170378,2.649770292,12.3705731
6.43E-05,0.566424426,0.033891879,4.84E-09,14562.93098,2.98E-08,2.01E-09,2.01E-18,9.43E-07,21.92081893,10.8909343,0.003906056,4.87E-07,3.29E-28,0,0.255822602,9.500741226
5.14E-05,0.774995007,0.030712652,2.35E-09,38994.58273,2.73E-07,2.93E-09,1.77E-18,7.59E-07,0.938623293,2.60958616,9.985691884,7.60098428,0.194499284,2.70E-06,2.266628147,11.87345401
5.29E-05,0.626767747,0.067306576,2.60E-09,42304.22825,2.42E-07,1.75E-09,3.22E-18,3.85E-07,1.043988661,10.51346517,8.519628473,0.125993049,7.00E-07,3.59E-28,0.702125181,10.20445144
9.05E-05,0.825485033,0.023436721,8.71E-10,48658.40861,1.76E-07,1.05E-09,1.60E-18,3.73E-07,0.274001573,0.542222122,1.131648936,2.537719704,4.195482554,2.759860564,6.983462717,18.29260648
3.69E-05,0.883320747,0.072766316,4.22E-09,33656.88048,1.83E-07,4.37E-10,2.14E-18,8.08E-07,0.340125356,1.592233681,8.320345206,3.14545286,0.010430437,3.77E-09,1.174065194,10.63156321
6.83E-05,0.652795445,0.034411237,3.31E-09,32703.97051,1.59E-07,1.65E-09,3.79E-18,5.70E-07,14.94013582,7.655122873,0.008317829,7.14E-09,1.92E-30,0,0.239116925,9.535417296
1.71E-05,0.898760259,0.055234598,2.55E-09,25790.47101,3.55E-07,6.14E-10,3.21E-18,8.23E-07,0.56370976,3.945842244,10.06298105,1.622065913,0.000712857,4.12E-13,1.028442673,10.51408406
9.64E-05,0.684822408,0.010660524,2.46E-09,42888.1821,4.91E-08,1.38E-09,2.35E-18,9.71E-07,0.59402614,1.534770701,6.026093262,10.55482937,0.800966975,1.13E-06,3.107643348,12.93935389
5.59E-05,0.564491626,0.069400856,3.82E-09,28672.91995,2.27E-07,1.91E-09,1.22E-18,7.19E-07,0.903191193,3.107434233,11.08407524,4.693358396,0.045952643,1.54E-07,1.764392728,11.26805428
8.35E-05,0.530426768,0.067098913,3.12E-09,36002.402,7.30E-08,2.40E-09,2.92E-18,6.29E-07,4.130431758,17.51779723,4.275919787,0.000269904,4.40E-07,1.87E-10,0.478547372,9.826204269
9.12E-05,0.873176405,0.061932965,1.11E-09,10846.33528,3.67E-07,4.05E-10,2.02E-18,9.58E-07,0.420043047,0.934991462,2.259729078,5.19720246,5.76665988,1.262447123,4.825865721,15.24265882
2.05E-05,0.860517405,0.036775075,1.25E-09,13097.25396,1.66E-07,3.89E-10,3.04E-18,2.90E-07,0.446183474,1.03954166,2.705612733,7.130702262,5.625345669,0.173989957,3.956830699,14.05182771
1.63E-05,0.600898914,0.045942471,3.96E-09,10986.78649,9.92E-08,8.58E-10,3.41E-18,3.89E-07,18.80440226,1.182973708,1.03E-06,4.15E-19,0,0,0.000314165,9.228193201
8.34E-05,0.648931728,0.020844431,2.85E-09,12042.77616,1.42E-07,1.69E-09,3.15E-18,2.64E-07,20.2684933,9.793296822,0.02473832,3.00E-08,8.57E-30,0,0.380406437,9.662414869
1.49E-05,0.886516191,0.075743825,6.65E-10,16918.85696,3.73E-07,1.02E-09,3.23E-18,7.69E-07,0.608511526,1.361420208,3.303199455,6.933929522,6.072947512,0.850316422,4.940875525,15.40406055
5.24E-05,0.848620369,0.066412625,3.48E-09,35781.79534,9.38E-08,1.80E-09,2.53E-18,8.95E-07,1.76303064,13.94529097,7.053884576,0.016135253,4.42E-09,2.89E-32,0.531268159,10.05395806
9.55E-05,0.618302768,0.015863877,1.51E-09,40394.48354,1.19E-07,4.35E-10,3.17E-18,5.30E-07,0.235927697,0.491798702,1.106148083,3.000237034,5.128712178,0.927778255,4.736935978,15.04557168
4.59E-05,0.719632775,0.034999278,4.90E-09,33321.29833,3.43E-07,2.27E-09,2.58E-18,3.29E-07,13.29395953,0.171832805,2.32E-05,1.56E-11,1.78E-34,0,0.071109327,9.317878104
4.64E-05,0.828227351,0.014799075,2.38E-09,30626.87699,2.77E-07,1.26E-09,3.32E-18,9.29E-07,0.961921292,8.34600475,10.29287425,0.339013165,6.71E-06,2.08E-26,0.877318249,10.34739538
5.45E-05,0.534145585,0.020928702,1.54E-09,40333.09312,3.59E-07,2.49E-09,2.21E-18,3.83E-07,0.741132489,1.546965295,3.561494237,6.439307827,2.285695827,0.043433138,3.73316336,13.77605267
3.45E-05,0.624988991,0.056476892,2.12E-09,18297.77178,1.89E-07,1.04E-09,3.81E-18,2.86E-07,1.474269436,13.11647127,8.689342678,0.053904535,3.69E-08,1.23E-30,0.650209586,10.18492351
9.38E-05,0.65998105,0.017042291,1.13E-09,46834.24629,1.70E-07,1.51E-09,3.65E-18,4.93E-07,0.500988411,1.093585055,2.730836709,7.118918611,4.302825495,0.06399218,4.27803293,14.43047493
6.31E-05,0.601391886,0.042305222,1.18E-09,39599.04772,9.68E-08,1.21E-09,3.57E-18,5.92E-07,0.538311876,1.062844846,2.186772313,5.002499856,4.421951739,0.266688521,4.471751516,14.70907598
1.79E-05,0.826109599,0.050308705,2.75E-09,29659.16928,2.37E-07,2.54E-09,3.03E-18,5.25E-07,7.427665399,16.35745541,1.616845751,0.000273559,4.64E-14,0,0.120097728,9.676975672
1.20E-05,0.578198491,0.078683825,3.98E-09,19126.59317,2.90E-08,1.60E-09,2.15E-18,8.01E-07,3.483262059,19.51710847,5.679337291,0.000268022,8.05E-15,0,0.419156473,9.868139276
5.61E-05,0.559523298,0.071466535,2.73E-09,25146.45624,7.00E-08,9.89E-10,1.11E-18,5.89E-07,0.573482569,1.084807506,2.017011146,3.769933703,3.775628326,0.659872012,4.661232892,15.02304321
5.90E-05,0.596188443,0.055633743,2.41E-09,28635.98613,3.54E-08,1.73E-09,2.09E-18,7.07E-07,0.922989297,2.139142173,7.117481942,8.892329771,0.731184155,1.32E-07,3.011598318,12.79992707
5.09E-05,0.712476075,0.055888803,3.43E-09,44761.24614,1.40E-07,6.70E-10,2.74E-18,2.61E-07,0.406166507,2.12874678,9.549865092,2.812040491,0.001535892,1.23E-12,1.248001546,10.67184131
4.98E-05,0.890072889,0.071415214,3.11E-09,40939.55879,3.39E-08,5.85E-10,1.23E-18,3.14E-07,0.260849795,0.580174183,1.396265394,3.615919387,6.173855189,1.521603339,4.724953196,15.08582363
6.26E-05,0.73013613,0.054408131,7.70E-10,27233.66702,1.87E-07,1.58E-09,3.40E-18,8.54E-07,0.680040468,1.347903378,2.928178042,6.048889194,5.147981946,0.568794469,5.123962157,15.61738224
6.54E-05,0.530631796,0.050368743,4.30E-09,23171.93028,1.83E-07,6.26E-10,1.27E-18,4.78E-07,0.445665908,1.188390926,5.486450459,7.278901353,0.469265248,5.42E-05,2.167701638,11.74376373
3.31E-05,0.755438313,0.013598427,4.67E-09,20029.03264,1.55E-07,2.87E-09,1.62E-18,9.39E-07,15.09614006,12.86395501,0.277557411,2.56E-05,1.48E-24,0,0.021301229,9.503151923
1.12E-05,0.535797521,0.032509683,3.74E-09,49666.79017,2.22E-08,5.66E-10,3.43E-18,5.77E-07,0.41881461,2.707637332,11.11976821,1.658797499,9.45E-06,1.92E-07,1.109577925,10.50139029
2.59E-05,0.649237951,0.034680807,1.72E-09,23506.48537,2.07E-07,1.51E-09,3.47E-18,4.82E-07,1.107874586,4.948394049,14.19391125,3.065692777,0.000632937,1.19E-13,1.588896259,11.11415232
2.31E-05,0.514340552,0.039902457,2.47E-09,23044.51009,3.10E-07,1.29E-09,2.84E-18,7.85E-07,1.162167351,9.365169837,10.33663343,0.352650318,1.32E-05,3.83E-09,0.823773492,10.36591097
2.36E-05,0.591213917,0.051287947,4.24E-09,11802.62598,2.20E-07,2.45E-09,3.59E-18,8.74E-07,7.61E-05,7.64E-11,2.75E-24,0,0,0,3.33E-06,9.220613912
7.91E-05,0.516086207,0.052119749,3.29E-09,12236.93101,3.27E-07,1.34E-09,2.97E-18,6.93E-07,18.31282462,4.014392943,0.003681572,1.25E-06,5.10E-09,3.48E-32,0.235282741,9.510776111
1.04E-05,0.670893983,0.050217617,2.73E-09,48004.90788,3.71E-07,1.42E-09,2.65E-18,4.97E-07,0.616068311,3.683421693,10.27789143,2.154671984,0.002844605,1.41E-11,1.139524406,10.62642782
1.99E-05,0.588242095,0.010527824,1.62E-09,38375.92155,1.92E-07,4.25E-10,2.69E-18,3.31E-07,0.228289988,0.473711111,1.046472206,2.725144042,4.591996472,1.060168514,4.286183449,14.52748102
6.00E-05,0.856528382,0.040272682,4.92E-09,30562.08865,2.19E-07,1.55E-09,3.51E-18,2.83E-07,5.912075228,0.000258824,2.06E-10,1.87E-31,0,0,0.093021208,9.322302499
5.78E-05,0.813218456,0.065120334,2.43E-09,12127.77725,2.49E-07,2.09E-09,2.53E-18,3.91E-07,7.374945003,19.32912516,3.656246488,0.003315193,9.95E-12,6.57E-40,0.30418179,9.827104642
4.01E-05,0.803447229,0.065136161,8.63E-10,39670.46481,3.13E-07,7.38E-10,2.46E-18,8.73E-07,0.257116999,0.532944614,1.189434178,2.829337839,4.630015932,2.571685284,5.727614067,16.5436237
4.00E-05,0.655956309,0.02737126,3.75E-09,8220.866784,2.25E-07,1.77E-09,2.40E-18,8.27E-07,19.59031226,0.515472701,0.000109766,6.59E-12,3.14E-36,0,0.064273039,9.293943066
9.67E-05,0.743163001,0.01516216,2.12E-09,42230.68877,7.90E-08,2.80E-09,2.90E-18,8.86E-07,1.176033764,4.650353094,15.55891749,3.480971192,0.000209268,5.73E-17,2.196362588,11.75935178
2.14E-05,0.786712078,0.036697253,6.74E-10,24668.47478,2.73E-07,6.40E-10,2.70E-18,8.00E-07,0.333503164,0.656888543,1.37185691,3.083640477,4.630721344,2.392756165,6.206818614,17.20620471
5.46E-05,0.757949788,0.049640396,4.77E-09,19220.80233,2.54E-07,4.20E-10,1.92E-18,6.98E-07,0.595541726,6.562594355,7.820546295,0.257688644,3.97E-05,8.29E-25,0.686579159,10.15944402
3.14E-05,0.549297486,0.075830661,4.59E-09,23835.07844,2.07E-07,2.08E-09,1.78E-18,6.21E-07,8.867131539,14.35596596,0.727042808,0.000310565,1.25E-13,1.12E-43,0.054816156,9.625760474
5.26E-05,0.63824438,0.034097217,7.14E-10,46108.41798,3.54E-07,2.10E-09,1.77E-18,4.46E-07,0.509276114,0.924104346,1.608215858,2.889156794,3.556494402,1.624025575,6.502454327,17.67264733
3.27E-05,0.507403468,0.048896407,3.83E-09,20130.96151,3.85E-07,2.95E-09,3.72E-18,8.59E-07,0.062659862,5.63E-05,5.40E-06,1.37E-08,8.82E-31,0,0.023882208,9.246700713
1.22E-05,0.631754366,0.059762072,3.42E-09,9962.012728,2.88E-07,1.74E-09,3.53E-18,5.53E-07,4.661934431,0.000385678,1.56E-09,2.90E-30,0,0,3.55E-05,9.220753984
2.69E-05,0.660716113,0.046554471,6.34E-10,31769.25985,3.08E-07,1.84E-09,3.35E-18,9.84E-07,0.680862038,1.263231414,2.339187098,4.369531803,4.315110622,1.043754044,5.55479124,16.27432957
6.38E-05,0.747622671,0.035870478,3.41E-09,18983.71531,3.57E-07,2.62E-09,3.74E-18,6.86E-07,4.497059293,0.000334488,2.01E-09,6.03E-30,0,0,0.17291851,9.40979996
8.39E-05,0.509014338,0.071107445,6.58E-10,49045.08788,6.68E-09,1.96E-09,2.59E-18,9.64E-07,0.773123579,1.338855175,2.030436761,2.466366454,2.213371656,1.128809357,8.753065422,20.75867875
4.40E-05,0.83486188,0.064411649,4.55E-09,8549.987944,2.93E-08,1.71E-09,2.08E-18,7.09E-07,26.8357598,6.434015968,0.000101782,1.65E-15,0,0,0.000703976,9.230563736
2.41E-05,0.731799878,0.03105923,4.41E-09,35406.39435,8.45E-08,9.41E-10,1.46E-18,5.63E-07,0.511561325,1.436426664,7.971946955,6.88526988,0.126276809,2.44E-07,1.861279993,11.39353117
4.75E-05,0.541737448,0.04646341,4.88E-09,41207.22708,2.92E-07,1.39E-09,2.03E-18,6.69E-07,3.684333047,11.6553308,2.141891046,0.003191815,9.94E-08,6.52E-30,0.274306932,9.764120543
8.90E-05,0.699380939,0.056565514,2.17E-09,20166.7151,3.84E-07,1.18E-09,1.23E-18,6.68E-07,0.579119972,1.354473538,3.608156881,7.428909808,3.610580463,0.079866884,3.539173144,13.50889737
3.01E-05,0.549753774,0.014227461,6.43E-10,42145.45285,3.58E-07,3.48E-10,2.31E-18,3.98E-07,0.185624203,0.34762114,0.611869331,0.991147346,1.56509308,1.703405903,7.739572672,19.51250849
3.07E-05,0.790431813,0.064470066,3.70E-09,15223.86308,1.61E-07,2.59E-09,2.00E-18,6.70E-07,17.03970516,13.24188893,0.221958187,7.11E-06,1.31E-25,0,0.017296341,9.460130688
3.55E-05,0.510091549,0.044420447,1.40E-09,29003.61829,2.26E-07,8.08E-10,1.11E-18,7.37E-07,0.41137408,0.747707652,1.24999818,1.909680952,2.392839785,1.38745085,6.198417583,17.3000595
8.68E-05,0.621002536,0.025102301,3.72E-09,23665.66272,6.68E-08,1.23E-09,3.71E-18,8.31E-07,17.27052667,6.776602831,0.000195285,2.09E-11,9.13E-35,0,0.378844535,9.635966266
8.83E-05,0.707629944,0.046643477,7.71E-10,33959.9951,8.29E-08,2.17E-09,1.47E-18,6.56E-07,0.704369909,1.248853821,2.063206709,3.434775591,3.956923487,1.733573745,7.58690161,19.15235533
4.60E-05,0.885074386,0.063035142,1.41E-09,16202.22077,1.23E-08,2.02E-09,3.21E-18,7.21E-07,1.708010522,4.517071863,15.53973539,10.41307765,0.003766761,3.44E-12,2.995973607,12.75717265
9.77E-05,0.770869599,0.027956099,3.99E-09,8032.077724,1.28E-08,2.58E-09,2.39E-18,3.33E-07,32.82820873,2.28891176,1.57E-07,4.92E-28,0,0,0.353207734,9.607759169
2.77E-05,0.663966524,0.054242792,1.48E-09,16687.60001,3.15E-07,1.80E-09,3.52E-18,6.03E-07,1.620748788,7.915068298,15.14038528,1.77506691,0.000160086,4.14E-24,1.430047721,10.95608843
6.75E-05,0.827483466,0.033398939,1.40E-09,46240.94143,1.05E-07,1.47E-09,3.39E-18,7.67E-07,0.528760682,1.285398323,3.649035949,10.14291336,3.081826631,0.000834439,3.507637282,13.42882883
9.31E-05,0.763321335,0.021890705,1.82E-09,34133.89418,3.91E-07,2.84E-09,2.05E-18,7.47E-07,0.95386009,2.577512438,8.921080733,8.688716231,0.414055788,2.52E-05,2.739712625,12.44040667
8.15E-05,0.803767052,0.015608489,4.48E-09,29719.17074,2.69E-07,1.10E-09,2.80E-18,6.51E-07,12.1402505,6.484390803,0.017094253,3.17E-07,2.13E-27,0,0.332627698,9.6782081
6.11E-05,0.858334538,0.07394104,7.94E-10,19335.47463,6.93E-08,4.31E-10,3.92E-18,9.09E-07,0.358948678,0.767551399,1.759002812,4.221588469,6.321695327,2.022452478,5.723787246,16.40455426
9.87E-05,0.626051838,0.019492188,1.13E-09,8320.521144,3.65E-07,3.68E-10,2.72E-18,7.50E-07,0.549668237,1.147510738,2.645002773,5.84917929,4.102064062,0.294397003,4.61197382,14.90715521
7.11E-05,0.617270884,0.043897937,1.56E-09,22176.20368,1.99E-07,1.36E-09,1.63E-18,9.30E-07,0.679253692,1.33066757,2.784594512,5.397680646,3.922364004,0.426006784,4.654839921,15.01117924
6.77E-05,0.831826225,0.056394874,2.22E-09,43698.18382,3.37E-07,2.96E-09,1.70E-18,7.23E-07,0.799806829,2.117942309,7.318458167,8.947884177,0.727048324,0.000148887,2.524248375,12.1992869
4.13E-05,0.598468121,0.042871666,3.49E-09,25136.77738,1.94E-07,1.24E-09,2.25E-18,9.19E-07,1.276672594,11.37905498,7.980390394,0.110741719,8.88E-07,5.41E-28,0.666495346,10.17584588
2.91E-05,0.592330553,0.074273934,4.24E-09,35193.01818,1.56E-07,1.53E-09,3.91E-18,9.36E-07,14.28956878,0.158574583,5.07E-08,2.48E-21,0,0,8.97E-05,9.228745755
7.32E-05,0.812744884,0.033714443,1.64E-09,12613.38749,1.39E-07,1.13E-09,3.09E-18,2.52E-07,1.317468374,4.31441773,15.35755443,5.091486312,0.00318028,4.51E-12,2.23729556,11.82530347
3.40E-05,0.805520519,0.057328813,7.32E-10,21573.58059,3.67E-08,5.33E-10,1.69E-18,7.00E-07,0.376933624,0.692019004,1.221659059,2.278713093,3.665903932,2.695264331,8.277826176,20.1181368
5.53E-05,0.770350683,0.022830841,2.88E-09,37594.08303,2.54E-08,1.55E-09,3.64E-18,4.99E-07,1.304010405,14.204349,8.602437495,0.000498241,2.79E-14,0,0.78202627,10.10912888
8.78E-05,0.855857716,0.011415858,2.05E-09,23446.88759,9.36E-08,2.13E-09,3.22E-18,3.24E-07,1.743944858,11.08919288,14.60696599,0.334334376,3.06E-07,3.80E-29,1.498945598,10.94198207
4.39E-05,0.893482648,0.074992926,4.63E-09,29212.59318,1.95E-08,1.21E-09,3.70E-18,8.48E-07,18.3954099,4.756739487,7.87E-08,1.98E-22,0,0,0.000498722,9.227204803
1.68E-05,0.64011727,0.02010653,4.70E-09,32927.45006,1.14E-07,2.96E-09,1.58E-18,7.08E-07,4.780175967,16.3694228,4.030433356,0.005680962,1.25E-09,2.22E-33,0.298575003,9.879149899
8.93E-05,0.687073711,0.053884651,1.30E-09,46898.16472,1.50E-07,2.81E-09,1.03E-18,3.68E-07,0.588516269,1.079747065,2.013099923,3.830829946,4.159600859,1.475917169,6.172767792,17.16488815
6.02E-05,0.620353947,0.029361203,1.57E-09,13487.00703,1.56E-07,2.02E-09,1.56E-18,3.84E-07,1.286011843,2.536841683,5.329977757,7.456257462,2.3719758,0.052369712,4.352862632,14.60175729
8.18E-05,0.904190736,0.078163442,3.17E-09,42367.6393,1.38E-07,5.71E-10,2.32E-18,3.09E-07,0.308692162,0.819041785,4.304037993,7.736506419,0.636521796,1.17E-05,2.017719555,11.56960494
4.92E-05,0.616351096,0.076804862,2.74E-09,26833.58982,3.58E-07,3.22E-10,1.86E-18,7.10E-07,0.221862276,0.533614115,1.49831245,5.493397948,3.608904799,0.07262639,2.678042847,12.40240719
5.95E-05,0.519933206,0.058285391,9.07E-10,8429.281491,3.92E-07,2.21E-09,3.41E-18,6.45E-07,2.202071383,4.313570355,8.417022498,5.53689373,0.495027267,1.10E-08,2.975405386,12.78113522
2.86E-05,0.813582077,0.038332385,2.75E-09,42910.24975,6.49E-08,3.92E-10,3.97E-18,6.27E-07,0.296631792,0.846977456,7.559810498,5.251047113,0.003254076,9.87E-11,1.487243657,10.93269637
4.52E-05,0.69691786,0.079922777,4.02E-09,18598.79508,2.09E-07,1.84E-09,3.10E-18,6.74E-07,13.78410806,0.081414734,1.21E-06,1.82E-18,0,0,7.87E-05,9.227708494
5.58E-05,0.627499254,0.069288169,6.46E-10,47654.96072,4.28E-08,1.01E-09,1.55E-18,3.58E-07,0.388868249,0.706758471,1.175191674,1.728498502,2.297268475,1.898900544,8.911869633,21.14150269
3.89E-05,0.83715317,0.051187993,1.27E-09,41391.74858,2.97E-07,7.05E-10,3.12E-18,8.68E-07,0.284912645,0.652351156,1.657042372,4.665245175,5.774812457,0.611249875,3.911477062,14.00766844
5.27E-05,0.519277747,0.022694838,4.34E-09,36683.48825,6.41E-08,1.24E-09,1.20E-18,4.75E-07,0.566420706,1.332105399,4.736271853,7.126706349,1.319865431,1.64E-05,2.878831781,12.64612376
2.96E-05,0.85424479,0.03931109,3.55E-09,28916.85733,1.29E-07,1.07E-09,3.54E-18,9.02E-07,8.216260917,12.7329762,0.24048282,6.62E-07,3.05E-27,0,0.018849822,9.470237887
7.86E-05,0.849729741,0.050137724,1.66E-09,29378.96737,2.39E-07,1.75E-09,1.34E-18,6.33E-07,0.586330194,1.33951719,3.352588437,7.017012118,5.40321241,0.527556262,4.397723399,14.65483649
1.43E-05,0.609098489,0.050641136,4.34E-09,31325.13256,2.02E-07,2.03E-09,2.56E-18,4.58E-07,15.77142401,5.896176712,0.009007767,5.10E-08,6.49E-29,0,0.00114982,9.357645384
9.02E-05,0.522714712,0.016271534,4.09E-09,9174.243879,3.80E-08,1.25E-09,2.72E-18,6.84E-07,24.03513289,4.663236041,5.19E-05,2.42E-06,3.69E-09,1.98E-32,0.476131566,9.74314206
7.97E-05,0.774288422,0.077838356,2.98E-09,42600.37413,1.02E-07,1.90E-09,3.29E-18,2.95E-07,2.367684171,14.97839028,5.190593999,0.001672295,1.08E-10,3.84E-35,0.448104141,9.895254495
2.19E-05,0.881700445,0.046785479,2.63E-09,17537.55649,1.37E-07,3.15E-10,1.94E-18,8.82E-07,0.325732168,0.790095678,2.259609163,7.502040619,3.489589294,0.016274853,2.958091742,12.75643925
4.19E-05,0.82684016,0.069783407,2.59E-09,23117.673,3.69E-07,2.42E-09,1.02E-18,5.93E-07,0.925514579,2.345768806,6.599207642,9.148075466,1.581324721,0.003911027,2.772743864,12.5316147
7.50E-05,0.683161481,0.03052019,1.74E-09,20460.11512,1.06E-08,2.81E-09,3.72E-18,3.24E-07,2.52224727,13.28469285,19.29457569,0.029893069,1.31E-09,9.28E-34,1.706799849,11.17157358
7.28E-05,0.788595087,0.016012573,2.92E-09,49453.58371,2.88E-07,2.85E-09,2.78E-18,6.48E-07,2.863966668,13.95281841,4.827470529,0.017387869,2.27E-08,6.88E-31,0.658060456,10.06842906
1.03E-05,0.846827013,0.063866722,1.10E-09,17337.3557,1.99E-07,6.64E-10,3.16E-18,5.88E-07,0.523369431,1.222579311,3.181371494,7.826487873,5.444231552,0.140448354,4.009327769,14.12223695
3.71E-05,0.861165049,0.030347563,1.71E-09,20669.6279,1.85E-07,5.01E-10,1.97E-18,3.41E-07,0.351744488,0.802922992,2.024780989,5.25370927,5.875750286,0.639861833,4.112934438,14.27922812
4.51E-05,0.680713643,0.023890909,9.54E-10,9865.132617,9.72E-08,1.82E-09,2.07E-18,3.50E-07,1.53591773,2.728926823,4.901918563,6.941272484,3.453660847,0.245729766,5.640395001,16.34110883
5.69E-05,0.864084947,0.066813359,2.19E-09,17605.576,8.32E-08,1.98E-09,2.71E-18,5.21E-07,1.92510198,10.53207263,16.17380642,0.641872954,1.32E-06,5.19E-28,1.324357452,10.8230613
2.11E-05,0.782323812,0.036870739,2.65E-09,47316.64091,9.30E-09,1.69E-09,1.99E-18,5.35E-07,0.648519691,1.575365547,4.489376372,12.23911171,2.230403662,8.55E-06,3.425273929,13.31343691
7.38E-05,0.765012018,0.046289923,3.45E-09,28541.80361,1.62E-08,1.68E-09,1.17E-18,9.22E-07,0.800114893,1.90306564,5.276964211,11.3960732,2.507552786,0.000127622,3.8446394,13.86220494
1.83E-05,0.717376357,0.01868591,3.90E-09,48817.07176,5.55E-08,2.72E-09,3.26E-18,3.23E-07,15.09309423,10.39136058,0.006722936,9.72E-10,4.23E-32,0,0.0011205,9.299257916
1.37E-05,0.733809105,0.030256902,4.93E-09,43188.40948,5.83E-08,1.37E-09,2.98E-18,8.95E-07,11.27192581,9.86623787,0.014748621,2.17E-09,2.63E-31,0,0.001876404,9.334939145
1.56E-05,0.737275462,0.045329238,2.89E-09,47198.94427,3.03E-07,1.11E-09,3.79E-18,5.51E-07,1.521054248,11.03003604,4.463728994,0.010323102,1.27E-08,5.14E-31,0.330744621,9.898347009
6.71E-05,0.837406817,0.028257213,3.58E-09,37228.13115,3.45E-07,2.94E-09,3.16E-18,9.18E-07,16.64706017,2.36399594,0.000604817,1.06E-09,1.11E-31,0,0.194167613,9.458792431
8.82E-05,0.735071531,0.077938017,4.83E-09,28132.86204,2.96E-07,2.92E-09,3.96E-18,4.09E-07,1.80E-06,4.50E-13,1.31E-28,0,0,0,0.067754109,9.294664464
1.00E-04,0.692991705,0.03009625,3.33E-09,26947.64772,1.17E-07,3.96E-10,1.91E-18,4.74E-07,0.306663466,0.778768423,3.088745892,8.031843335,1.676664089,0.000400241,2.728931714,12.42341791
7.96E-05,0.79409701,0.035533482,7.63E-10,49259.0985,7.08E-08,1.94E-09,2.84E-18,8.13E-07,0.531289486,1.00055402,1.95265519,4.088556064,5.199586949,1.931958908,6.741014196,17.81081518
6.79E-05,0.902405776,0.032436055,2.31E-09,41353.35201,1.20E-07,7.18E-10,2.18E-18,7.77E-07,0.321067471,0.767357966,2.112782052,7.027542448,4.269891006,0.032869509,3.329111694,13.21347149
3.43E-05,0.824331095,0.06837393,1.15E-09,11860.72435,9.28E-08,1.85E-09,2.70E-18,8.29E-07,1.518059312,3.768795256,10.26448436,12.03936905,1.028425069,5.38E-06,3.552375544,13.50755129
8.03E-05,0.743487959,0.048133233,1.44E-09,49852.85917,3.06E-07,3.20E-10,2.86E-18,8.62E-07,0.137423166,0.301972837,0.713095296,1.879009601,4.267046333,2.337180252,4.618451935,14.94131213
6.44E-05,0.65206476,0.066978608,2.02E-09,38510.66002,8.38E-08,6.12E-10,1.63E-18,8.68E-07,0.285284809,0.565013642,1.164882846,2.699653507,4.432634815,1.715434576,5.179413263,15.72141679
4.29E-05,0.740542491,0.058668427,2.79E-09,42549.68091,2.34E-08,2.65E-09,1.38E-18,4.35E-07,0.821993552,1.879520718,5.02453069,10.69546209,2.789791855,0.000279033,3.790145057,13.81824315
3.25E-05,0.867404659,0.025436789,4.27E-09,22397.14802,3.56E-07,1.92E-09,2.93E-18,4.92E-07,10.93615307,0.04052852,2.98E-06,1.88E-13,5.36E-38,0,5.67E-05,9.234730215
9.81E-05,0.752438231,0.048809566,4.10E-09,26235.48553,3.40E-07,1.36E-09,2.89E-18,8.69E-07,14.51659675,4.322910445,0.004130878,4.45E-08,8.31E-29,0,0.243667342,9.553572193
5.25E-05,0.506359317,0.057366378,3.25E-09,43547.49304,3.60E-07,9.93E-10,3.30E-18,6.95E-07,1.559478669,10.56569818,4.102784129,0.01307624,3.11E-07,2.49E-09,0.426215763,9.892172962
4.08E-05,0.768195296,0.078807743,3.94E-09,37878.44213,6.77E-08,2.85E-09,2.27E-18,7.18E-07,5.851527551,17.4885678,3.002616121,0.000128607,3.44E-15,0,0.2222076,9.715449444
7.26E-05,0.794860356,0.056145418,1.28E-09,31297.53421,1.35E-07,8.06E-10,1.00E-18,6.96E-07,0.300619658,0.589472321,1.219255417,2.715072475,4.224117165,2.52108765,6.529953976,17.70400652
4.54E-05,0.853658291,0.010087321,3.61E-09,42023.81625,3.46E-07,4.77E-10,2.16E-18,7.56E-07,0.264758797,0.74848725,5.403868471,5.31844508,0.176013031,8.67E-06,1.437399495,10.88152376
4.58E-05,0.798102917,0.013814885,4.60E-09,37493.13257,2.67E-07,1.62E-09,3.84E-18,5.99E-07,6.684671391,0.000664927,6.50E-10,9.94E-31,0,0,0.081257662,9.309432348
4.78E-05,0.796703171,0.038916321,2.58E-09,21330.92492,3.82E-07,2.53E-09,1.07E-18,6.76E-07,1.054458156,2.748782009,7.984371093,8.915653206,0.952933375,0.000836585,2.614126368,12.32213303
7.99E-05,0.68598513,0.027260438,3.03E-09,38403.03598,3.64E-07,1.09E-09,1.01E-18,5.01E-07,0.345104118,0.806696025,2.132170259,5.444049567,4.369358687,0.285201915,3.521131681,13.4678757
5.49E-05,0.57558307,0.039598843,3.62E-09,13251.94171,1.43E-07,2.56E-09,2.34E-18,3.83E-07,22.78243334,5.590077747,0.004337567,3.00E-09,1.43E-31,0,0.173214479,9.428120106
4.38E-05,0.670165918,0.050917145,1.81E-09,28807.776,1.06E-07,1.72E-09,2.07E-18,8.49E-07,0.764947993,1.734091672,4.739083885,9.32578954,2.488423485,0.000740679,3.507432091,13.46595274
3.50E-05,0.739834457,0.079909798,4.45E-09,31397.38453,3.24E-07,1.68E-09,3.35E-18,9.45E-07,10.18643197,0.023138641,3.23E-07,1.22E-14,1.39E-39,0,5.70E-05,9.233704676
6.90E-05,0.568609116,0.069079318,2.24E-09,22931.1782,2.77E-07,2.82E-09,3.49E-18,6.24E-07,10.88885323,16.85932233,0.750323926,4.99E-05,3.80E-24,0,0.162210873,9.607470682
2.40E-05,0.564996881,0.037238894,4.04E-09,28583.10018,1.70E-07,2.13E-09,1.07E-18,6.25E-07,0.926612132,2.690377612,10.01535856,5.970479066,0.08855375,6.89E-07,1.949340402,11.50128146
1.33E-05,0.867075986,0.05804493,4.03E-09,16748.48373,3.13E-08,2.21E-09,1.77E-18,8.58E-07,4.299096244,21.27571688,6.498677188,0.000852352,1.52E-13,1.55E-43,0.479704454,9.9509061
8.22E-05,0.880217706,0.015061407,4.35E-09,10431.33777,2.83E-07,1.94E-09,3.40E-18,4.95E-07,0.000495131,1.75E-09,1.77E-22,0,0,0,0.313408363,9.563996217
3.15E-05,0.658175065,0.048475355,3.77E-09,29273.42766,2.95E-07,6.20E-10,1.73E-18,3.76E-07,0.40913426,1.225723168,7.302130094,5.250102405,0.115942026,2.40E-06,1.517716565,10.99779631
4.85E-05,0.705747246,0.047016319,1.98E-09,47376.59565,1.35E-07,2.07E-09,2.26E-18,8.52E-07,0.635287749,1.60955229,5.374776353,10.17051016,1.567235962,0.000140451,2.954831172,12.74161871
4.45E-05,0.779938915,0.058009099,4.50E-09,49577.84684,3.74E-07,1.19E-09,2.59E-18,5.11E-07,4.239730139,10.64705494,1.011561301,0.000484341,2.57E-10,8.99E-34,0.075473991,9.664322119
9.62E-05,0.615926813,0.031116759,8.35E-10,26377.24385,2.42E-07,2.36E-09,3.93E-18,2.97E-07,1.023767469,2.046006688,4.49738588,7.725833573,2.563196252,0.025682975,4.379253156,14.59064077
1.37E-05,0.722046124,0.023146918,2.62E-09,19495.54161,1.53E-07,2.03E-09,3.50E-18,8.45E-07,14.32635396,14.1643132,0.176465178,7.26E-07,2.36E-27,0,0.014060959,9.429274398
2.72E-05,0.685398595,0.045607803,4.54E-09,22593.49874,3.11E-07,5.68E-10,3.47E-18,9.80E-07,12.18827305,3.0542087,0.000296865,6.54E-10,1.71E-31,0,0.000567739,9.322167625
8.76E-05,0.795481673,0.051591715,4.39E-09,12551.84712,1.63E-07,1.63E-09,1.17E-18,3.30E-07,1.976049371,12.23533797,11.10340562,0.388915116,3.05E-05,2.37E-25,1.080468357,10.4737074
8.46E-05,0.505214446,0.019282267,4.57E-09,13838.54381,1.93E-07,2.25E-09,3.98E-18,3.43E-07,0.000155151,3.69E-05,1.70E-06,5.85E-10,2.40E-33,0,0.440940053,9.704348387
4.94E-05,0.72658764,0.03542553,3.92E-09,21445.40127,1.52E-08,1.98E-09,3.24E-18,6.05E-07,23.0116107,7.965823673,6.80E-06,2.97E-18,0,0,0.090856732,9.319933583
4.32E-05,0.709656095,0.051980998,3.50E-09,24282.5256,3.44E-07,1.90E-09,2.66E-18,2.64E-07,13.55909482,9.398065921,0.104115524,9.22E-06,3.93E-25,0,0.030012001,9.478315394
8.25E-05,0.599785246,0.035365107,1.94E-09,39432.90495,3.08E-07,2.72E-09,3.07E-18,5.64E-07,1.183668499,6.503425457,13.32848902,1.705436242,0.000299862,1.78E-14,1.598350921,11.06144331
7.09E-05,0.855001993,0.078973732,1.57E-09,21188.32253,3.60E-07,1.47E-09,1.79E-18,3.10E-07,0.712595853,1.723210825,4.631014033,9.143708369,3.358225218,0.03172291,3.427013647,13.36933734
5.42E-05,0.785147701,0.061456913,3.32E-09,39323.93218,2.16E-07,8.64E-10,3.19E-18,2.59E-07,0.782004911,9.561896804,6.379462615,0.047558332,1.58E-07,4.07E-29,0.509359386,10.03331681
2.32E-05,0.87866519,0.057154687,3.85E-09,36746.14132,8.54E-08,9.28E-10,1.03E-18,8.02E-07,0.377366292,0.893979286,2.407637846,6.760528282,4.633233053,0.105746877,3.394508155,13.32681697
3.25E-05,0.635967749,0.012051717,1.85E-09,45174.69134,3.60E-08,1.97E-09,3.51E-18,9.15E-07,0.833968746,2.291284798,11.44439861,7.910757799,0.003710901,3.43E-12,2.31795187,11.92600574
8.42E-05,0.840676042,0.058472629,1.68E-09,45288.98794,3.65E-08,1.92E-09,1.42E-18,7.93E-07,0.518424051,1.061678565,2.382423533,5.29816168,6.039551528,1.501583365,5.902959223,16.67279777
3.09E-05,0.52430415,0.053787582,4.19E-09,30427.90363,2.82E-07,2.42E-09,2.25E-18,9.55E-07,14.40613591,8.266018638,0.061933517,7.47E-06,1.05E-08,1.26E-31,0.005190174,9.449540754
6.62E-05,0.761704011,0.013686287,1.72E-09,8525.603804,3.10E-07,1.86E-09,3.09E-18,7.03E-07,5.424685817,20.42634904,6.87290513,0.020768227,5.63E-09,1.67E-32,0.779729798,10.15222352
7.43E-05,0.87070714,0.053248114,1.06E-09,44871.38716,2.75E-07,1.59E-09,1.37E-18,5.79E-07,0.359469518,0.764672838,1.736912602,3.932141708,5.16970115,2.236213742,5.763393825,16.58897525
8.38E-05,0.661626626,0.049117123,1.83E-09,10608.75977,1.11E-07,2.35E-09,2.41E-18,8.84E-07,2.729717067,11.75842521,17.53790411,1.327709013,9.97E-06,1.98E-26,1.824200423,11.34181153
5.44E-05,0.569671639,0.038828057,7.47E-10,37954.29609,2.13E-07,2.48E-09,2.88E-18,2.54E-07,0.817439079,1.468310436,2.393005141,3.585264526,3.324714029,0.910579605,6.090064272,17.02243238
7.22E-05,0.793597192,0.020497225,6.68E-10,27779.47499,7.82E-08,2.47E-09,3.66E-18,7.25E-07,0.955629116,1.837390758,3.880632264,7.324596088,5.288903986,0.457023138,5.916070736,16.61811912
9.50E-05,0.810201532,0.035191484,3.88E-09,20384.27805,2.39E-07,2.89E-09,2.03E-18,9.92E-07,17.16862677,9.803364947,0.101335245,5.07E-06,9.91E-26,0,0.299618789,9.65342815
8.70E-05,0.501922492,0.04785502,1.77E-09,14245.71383,9.90E-08,5.87E-10,2.48E-18,5.18E-07,0.710291756,1.364490768,2.555586444,4.813551593,2.912399555,0.119835107,4.028547468,14.13033343
7.45E-05,0.586482318,0.063959249,2.28E-09,9534.150432,2.84E-07,3.82E-10,1.87E-18,8.23E-07,0.553138333,1.34970385,4.629051972,8.046229955,1.539123075,0.000783447,2.797893591,12.54346048
8.82E-05,0.631048166,0.026511021,2.69E-09,40617.24776,1.47E-07,2.86E-09,3.69E-18,8.77E-07,9.081152536,16.03232682,0.591276615,4.51E-06,5.86E-26,0,0.418262396,9.787551692
1.46E-05,0.603741707,0.040873021,4.65E-09,11611.9621,2.40E-07,1.34E-09,3.74E-18,9.53E-07,0.000462018,1.28E-10,4.37E-18,3.77E-43,0,0,9.83E-06,9.220627426
5.02E-05,0.782422439,0.061758776,2.94E-09,18552.28599,5.89E-08,2.93E-09,3.44E-18,6.13E-07,25.08010714,6.529817484,0.000106258,2.37E-15,0,0,0.020532294,9.250674283
8.26E-05,0.775590607,0.065814531,4.93E-09,11672.56865,1.08E-07,2.80E-09,2.43E-18,3.88E-07,2.678845262,2.34E-05,1.78E-11,1.42E-33,0,0,0.102638619,9.332827096
3.39E-05,0.787008576,0.060935835,2.34E-09,15828.5628,1.95E-07,1.28E-09,1.50E-18,8.72E-07,0.910938768,2.364804342,7.56277852,9.877999887,1.047443922,0.000191775,2.747034059,12.48973264
1.35E-05,0.615335266,0.012795729,1.03E-09,29474.98718,2.43E-07,7.13E-10,3.29E-18,8.75E-07,0.393716656,0.779593294,1.608645735,3.616961469,4.623335014,0.887681255,4.871507251,15.31594059
1.81E-05,0.778881796,0.010916516,3.00E-09,12661.93024,2.89E-07,8.22E-10,3.22E-18,5.09E-07,9.960000591,12.8007482,0.321695236,2.13E-05,5.08E-18,0,0.02524531,9.541487156
9.65E-05,0.901143266,0.046316943,2.36E-09,37766.21731,3.68E-07,8.25E-10,2.06E-18,7.65E-07,0.355148497,0.892209682,3.037827041,7.738456198,2.093772293,0.005528185,2.689341645,12.3950983
7.91E-05,0.703011979,0.07267905,2.67E-09,48068.00451,1.54E-07,1.83E-09,3.32E-18,5.87E-07,1.01005677,10.08476068,9.387880747,0.121599885,2.18E-07,4.01E-29,0.810189559,10.23730116
2.93E-05,0.671240076,0.010239908,4.95E-09,42476.47175,2.21E-07,2.32E-09,1.75E-18,7.82E-07,4.853691753,13.43924081,2.205851404,0.003036706,1.67E-09,7.83E-33,0.163756946,9.766444351
6.65E-05,0.542882776,0.026333187,3.84E-09,19263.61606,2.44E-07,1.06E-09,1.81E-18,2.82E-07,1.142134831,9.764346087,9.069855978,0.272997189,2.01E-05,6.17E-11,1.026804594,10.39368778
7.68E-05,0.591049521,0.039094162,3.36E-09,45836.27554,2.74E-07,2.30E-09,2.16E-18,6.31E-07,1.094388391,9.797931801,8.858028241,0.237480775,1.18E-05,6.24E-26,0.969420881,10.33743378
1.76E-05,0.536798461,0.039991205,2.80E-09,26642.99736,2.11E-07,7.99E-10,3.21E-18,7.36E-07,0.795565955,7.832330712,9.583620551,0.258838298,4.71E-06,2.35E-09,0.751149112,10.27472756
9.70E-05,0.715122618,0.055479179,3.88E-09,29893.9583,3.56E-07,2.79E-09,3.04E-18,9.64E-07,14.09376964,0.158381849,1.70E-05,3.20E-12,5.60E-36,0,0.200748249,9.440311216
1.42E-05,0.522243158,0.079708924,3.96E-09,23998.97466,1.46E-07,2.65E-09,3.66E-18,6.72E-07,6.218217818,0.000287313,1.97E-05,7.69E-08,2.09E-29,0,2.77E-05,9.220711167
2.20E-05,0.725624141,0.067488353,2.82E-09,46692.70122,1.97E-07,2.85E-09,1.59E-18,3.34E-07,0.822731275,2.277636323,9.216076893,7.797126032,0.225093938,2.84E-06,2.156982986,11.7479612
4.20E-05,0.510663221,0.03263209,1.60E-09,15330.62979,2.34E-07,1.51E-09,3.38E-18,7.75E-07,1.479049544,6.834303039,11.95547788,2.908068744,0.000113801,7.16E-09,1.721427391,11.23070928
2.74E-05,0.533991227,0.016085564,3.30E-09,41194.07996,3.79E-07,1.88E-09,2.74E-18,9.59E-07,3.958077946,12.91470704,2.695929385,0.004482241,2.26E-07,3.78E-29,0.199958655,9.803513683
4.07E-05,0.552854146,0.018174618,2.39E-09,16650.99471,5.47E-08,2.14E-09,1.64E-18,6.63E-07,1.461106151,3.035642468,7.441776291,7.152391671,0.728855727,9.49E-08,3.505533893,13.46684736
7.16E-05,0.65322986,0.024651825,3.57E-09,36567.98636,4.78E-08,2.98E-09,2.65E-18,5.25E-07,7.335893989,18.81847497,2.085474968,6.80E-06,8.24E-26,0,0.461354281,9.770897412
3.46E-05,0.715599011,0.075955765,1.31E-09,25575.16731,2.36E-07,1.40E-09,2.63E-18,8.36E-07,0.662113413,1.5431741,4.164121308,9.116579305,3.246276182,0.010213114,3.553348957,13.53714655
4.66E-05,0.611351381,0.071309389,1.84E-09,6186.337746,2.66E-07,1.14E-09,3.95E-18,9.31E-07,15.35718651,17.0807837,0.421927197,7.06E-06,1.00E-25,0,0.057597488,9.484404405
9.61E-05,0.633214832,0.074426817,1.54E-09,30686.31839,2.06E-07,1.56E-09,2.21E-18,9.96E-07,0.638153704,1.378740408,3.377907241,7.341486897,3.447907412,0.072579354,3.84464821,13.9100677
7.29E-05,0.818205397,0.013398654,1.47E-09,7426.082628,2.55E-07,1.70E-09,1.21E-18,8.71E-07,1.462047985,3.448542769,8.193271701,9.950195687,2.559842257,0.022449404,4.067803876,14.19502268
1.30E-05,0.783230789,0.059268519,1.32E-09,39983.73,2.08E-07,1.68E-09,3.48E-18,5.15E-07,0.632626283,1.599680911,5.302499864,10.44655853,1.640612415,0.000113041,2.924885039,12.70737604
4.73E-05,0.692440058,0.041425076,3.28E-09,22674.47955,8.04E-08,2.60E-09,2.26E-18,5.61E-07,5.500324609,19.35397121,4.578314462,0.000871966,2.67E-13,4.87E-43,0.413476108,9.848236249
8.96E-05,0.695122917,0.068510518,1.71E-09,36862.30033,1.32E-07,2.14E-09,2.50E-18,5.04E-07,0.781711005,1.961843526,6.558471764,10.29392644,1.215566867,2.62E-05,3.117830623,12.94385204
2.83E-05,0.900294773,0.025836256,4.64E-09,7276.730438,2.76E-07,1.22E-09,1.58E-18,3.20E-07,17.84844937,8.249705067,0.083541212,9.08E-06,3.05E-25,0,0.007117811,9.422474728
6.56E-05,0.72481468,0.025377912,2.96E-09,13590.13442,3.84E-07,3.75E-10,2.75E-18,6.19E-07,0.654731331,5.462714671,9.710862955,0.682022399,0.000186858,1.09E-14,1.057495432,10.43284694
9.65E-05,0.509204644,0.027207916,1.95E-09,37432.39227,2.49E-07,2.99E-09,3.77E-18,8.94E-07,2.436476825,15.42351662,7.421235582,0.02933978,2.16E-07,1.20E-09,0.995281442,10.3530749
8.17E-05,0.63256257,0.022291148,1.65E-09,27507.89163,1.07E-07,3.00E-09,3.43E-18,5.70E-07,1.764282028,8.380222327,17.05316019,1.716398927,1.11E-05,2.71E-26,1.93589566,11.45781856
1.16E-05,0.591690603,0.036530047,1.90E-09,41086.17792,4.02E-08,2.83E-09,3.31E-18,8.78E-07,1.212579416,3.991121207,15.62023668,4.105752544,6.60E-05,6.74E-25,1.993015462,11.54078371
6.03E-05,0.719265131,0.039023949,4.62E-09,18768.88347,1.34E-07,1.15E-09,2.44E-18,5.05E-07,15.01974827,7.891598285,0.019561734,7.37E-08,9.67E-29,0,0.15056706,9.477230825
3.78E-05,0.8978176,0.016699376,3.97E-09,9234.304465,4.22E-08,2.52E-09,2.94E-18,6.58E-07,9.719276282,6.42E-05,1.49E-11,3.41E-34,0,0,4.29E-05,9.220673039
4.87E-05,0.903413239,0.020313963,2.48E-09,27710.73978,3.32E-09,1.09E-09,3.67E-18,6.01E-07,1.022769568,4.728720516,17.18370788,1.415374331,5.39E-08,1.76E-30,1.545865693,10.98882704
2.71E-05,0.800504527,0.046948733,2.20E-09,7445.507063,2.74E-08,8.84E-10,2.39E-18,6.08E-07,1.791118515,5.841864347,19.38323005,3.989396446,5.86E-05,5.02E-25,2.135178584,11.70887649
6.87E-05,0.838876865,0.054766446,4.97E-09,31489.71217,2.57E-07,7.51E-10,2.86E-18,3.69E-07,10.07295946,6.630188667,0.018896611,3.20E-07,2.53E-27,0,0.098893172,9.486161241
7.11E-05,0.628670571,0.051018254,4.73E-09,16111.02969,2.85E-07,1.48E-09,3.02E-18,5.72E-07,4.467400848,0.000241384,1.58E-09,5.82E-30,0,0,0.177664452,9.415001898
8.85E-05,0.64721238,0.066050167,1.55E-09,17200.92713,2.36E-07,2.59E-09,2.08E-18,5.37E-07,1.439546117,3.553843729,10.19458276,8.053026054,0.533620818,1.88E-06,2.957217793,12.74824593
7.82E-05,0.778382397,0.060314064,2.03E-09,24531.26327,5.38E-08,1.26E-09,1.35E-18,4.12E-07,0.606667461,1.280314401,3.025832666,6.63331836,5.635198011,0.534847447,4.967115289,15.40382293
4.94E-05,0.792819821,0.054625556,9.14E-10,27585.50041,2.71E-08,5.74E-10,3.97E-18,7.86E-07,0.378819835,0.764452557,1.676602655,4.038363526,6.170749931,1.581445427,5.631565189,16.23680969
2.33E-05,0.723744434,0.041633946,9.26E-10,15926.60424,2.29E-07,7.10E-10,3.10E-18,8.36E-07,0.55384274,1.157230861,2.687805125,6.046588446,5.251475527,0.518880362,4.623189595,14.96708862
5.68E-05,0.67209538,0.036610151,3.69E-09,42723.6453,3.96E-07,5.23E-10,1.64E-18,7.80E-07,0.238985849,0.614793522,2.673956436,6.445392884,1.379257695,0.003202111,2.060914892,11.61722632
9.51E-05,0.788455153,0.02661807,4.66E-09,9034.318854,3.01E-07,4.98E-10,2.61E-18,6.32E-07,14.79548167,2.838723845,0.001009425,4.62E-09,2.07E-30,0,0.34643633,9.626729099
8.14E-05,0.662417125,0.033332214,3.71E-09,44893.85408,8.81E-08,5.94E-10,1.84E-18,2.77E-07,0.293764242,0.749321488,3.154207965,8.030349938,1.501799865,0.000157068,2.577430173,12.23900716
9.10E-05,0.797438736,0.044995396,3.33E-09,26345.07338,2.72E-07,2.53E-09,3.20E-18,7.83E-07,18.16861258,3.409999618,0.001134126,1.31E-09,9.82E-32,0,0.226954237,9.485765535
9.71E-05,0.842676406,0.052482829,1.03E-09,12809.98384,3.44E-07,2.95E-09,2.93E-18,6.04E-07,2.087083719,5.713672258,15.52057072,8.053858133,0.092060304,1.04E-07,2.824152183,12.5612076
4.89E-05,0.701840322,0.027418133,1.29E-09,9959.375285,2.68E-07,1.48E-09,1.95E-18,6.66E-07,1.251080941,2.831146872,7.092771425,9.367832736,1.97288241,0.001681173,3.689959372,13.71699542
8.73E-05,0.804668296,0.079749095,2.53E-09,44261.36278,1.53E-07,2.01E-09,3.40E-18,4.70E-07,1.1891068,11.84675809,8.771694941,0.067368104,5.99E-08,3.45E-30,0.727777181,10.19050395
2.16E-05,0.643458374,0.018415684,9.59E-10,30742.15469,3.21E-07,2.86E-09,2.77E-18,7.45E-07,0.925329498,1.887603174,4.221635314,7.327000496,3.249689195,0.112592006,4.268919384,14.51456128
1.66E-05,0.50596663,0.030752185,3.49E-09,14979.52747,6.52E-08,2.62E-09,2.19E-18,2.75E-07,14.67372199,18.94127795,0.449449296,4.36E-06,4.65E-08,5.95E-12,0.034464229,9.455846538
9.41E-05,0.600605038,0.03356725,3.21E-09,34174.57156,6.88E-08,2.20E-09,3.57E-18,3.61E-07,12.33491104,14.06878154,0.079258889,2.48E-08,7.66E-30,0,0.366547958,9.667254763
8.43E-05,0.816620254,0.040957181,1.53E-09,20190.16574,2.47E-07,2.24E-09,1.75E-18,8.86E-07,1.025389314,2.526292507,6.753875328,10.59646372,2.36406711,0.00527387,3.650915125,13.63341947
5.10E-05,0.683783123,0.034159983,3.12E-09,33742.74518,8.92E-08,2.81E-09,3.86E-18,5.46E-07,20.10216316,5.82367051,0.000156064,1.64E-11,3.48E-35,0,0.127889609,9.366043332
5.64E-05,0.669308053,0.041959882,2.72E-09,6238.211291,1.25E-07,1.12E-09,2.05E-18,8.18E-07,3.891891409,19.17832975,8.737604832,0.038145109,1.34E-08,8.97E-32,0.786463672,10.1866047
1.48E-05,0.506745226,0.068758326,1.43E-09,24852.22446,1.50E-07,2.35E-09,3.01E-18,3.37E-07,1.234922917,2.489802254,5.808500001,6.509444066,0.970847344,4.17E-08,2.844148756,12.61221076
7.40E-05,0.730740759,0.033075341,2.79E-09,26707.3271,2.05E-07,9.86E-10,3.93E-18,6.73E-07,4.466963612,13.77387981,2.299918913,0.000164495,1.32E-14,0,0.413518786,9.803235638
7.83E-05,0.59966653,0.025857995,3.37E-09,37183.36971,3.95E-07,5.49E-10,2.40E-18,8.25E-07,0.347328109,1.561139635,7.898895184,3.259158663,0.024289396,6.27E-08,1.516256592,10.94658044
6.22E-05,0.551466897,0.070664177,4.61E-09,18875.46269,3.07E-07,1.73E-09,1.39E-18,7.33E-07,3.477763857,14.01886736,4.729327534,0.041203231,6.21E-07,2.48E-28,0.448115432,9.954323024
7.81E-05,0.53942563,0.038013026,8.95E-10,32341.84232,3.25E-07,2.57E-09,3.26E-18,8.60E-07,0.946385739,1.755746968,3.147580598,5.031900708,2.987547601,0.216009459,4.70798952,15.077624
8.05E-05,0.769705642,0.018384802,3.04E-09,31241.08635,3.93E-07,1.27E-09,3.30E-18,9.37E-07,5.093367939,12.80560059,1.497587183,0.000648785,9.66E-11,6.14E-35,0.438909077,9.870059293
5.50E-05,0.633548408,0.075705507,3.24E-09,28278.22474,1.45E-07,2.77E-09,2.34E-18,6.16E-07,5.75789719,17.44430433,3.551429715,0.001528113,1.51E-12,1.58E-41,0.297550012,9.811307531
5.01E-05,0.808777833,0.056982037,1.63E-09,40534.1452,2.79E-07,1.85E-09,3.70E-18,7.61E-07,0.803289517,2.789126364,11.97679634,4.871819958,0.01153495,9.38E-10,1.771862474,11.2829117
2.38E-05,0.652407295,0.018988908,1.88E-09,28363.00712,2.00E-07,6.30E-10,1.43E-18,2.80E-07,0.314376485,0.641634971,1.391396522,3.270831675,4.55010645,1.410844424,4.778687333,15.22610205
3.59E-05,0.580587665,0.013909728,2.17E-09,11404.99076,4.00E-07,2.49E-09,1.97E-18,6.12E-07,2.778671839,14.47576214,11.95478933,0.402748647,2.87E-05,1.74E-25,1.046297366,10.46684746
1.05E-05,0.859946434,0.01766865,3.29E-09,12354.62618,2.98E-07,1.11E-09,2.09E-18,3.73E-07,3.889249787,15.16542112,4.640612491,0.021699509,4.12E-08,1.56E-30,0.34705325,9.942212777
8.07E-05,0.650976765,0.060052393,1.17E-09,23591.67574,1.67E-07,5.25E-10,3.06E-18,7.33E-07,0.37137604,0.750343689,1.625493238,3.909592397,5.078308899,0.855411858,4.794671591,15.16804626
7.14E-05,0.689053578,0.013289426,4.80E-09,19976.84381,3.51E-07,1.06E-09,1.68E-18,6.41E-07,3.747759716,12.51685011,2.87035763,0.011498496,6.58E-08,7.11E-30,0.54513853,9.986120607
8.95E-05,0.820781586,0.042129306,3.76E-09,40817.97314,2.86E-07,1.41E-09,3.77E-18,9.12E-07,13.62619942,4.198460656,0.001141419,2.26E-09,7.08E-31,0,0.233758728,9.524631657
8.12E-05,0.748595412,0.065279469,2.21E-09,16261.2666,2.67E-07,1.15E-09,2.22E-18,9.40E-07,1.014336029,3.451216104,12.49094924,4.936174621,0.02518999,8.78E-09,1.940525826,11.47512184
7.49E-05,0.751875574,0.015818498,1.99E-09,42105.35927,8.60E-08,8.34E-10,1.06E-18,5.29E-07,0.278944732,0.557793097,1.17985431,2.728462827,4.383708857,2.386507111,6.135220788,17.05749782
5.52E-05,0.857578839,0.040692172,4.48E-09,39171.85134,1.36E-07,1.39E-09,1.63E-18,9.25E-07,0.744900961,4.845350138,11.1206856,1.60147492,0.000532298,1.86E-13,1.16344736,10.61280382
1.45E-05,0.554182165,0.043005391,2.33E-09,49439.47139,2.19E-09,3.73E-10,3.14E-18,7.05E-07,0.2523463,0.506650768,1.041840517,2.801644518,5.215583461,0.373850851,3.877455013,13.88270289
2.53E-05,0.589988495,0.074322657,1.41E-09,45369.91252,3.98E-07,2.20E-09,2.16E-18,4.40E-07,0.584769658,1.222705856,2.834107122,6.006273862,3.486627838,0.205225462,3.669727266,13.71098862
7.51E-05,0.708907202,0.017461626,2.54E-09,45502.4175,1.36E-07,6.73E-10,3.94E-18,4.98E-07,0.42791313,2.366702488,10.17571988,2.593211799,0.000240698,1.40E-14,1.52645263,10.96185981
4.98E-05,0.676326859,0.056816538,1.69E-09,19576.36897,3.02E-07,1.61E-09,1.19E-18,8.14E-07,0.72491958,1.51034146,3.511470461,6.514182596,4.023822731,0.376929905,4.189821782,14.41200265
1.96E-05,0.729371476,0.077466977,4.87E-09,46532.89165,1.21E-07,7.31E-10,2.95E-18,6.02E-07,2.927459048,10.89660065,2.032953503,6.40E-05,2.84E-12,3.47E-37,0.15036425,9.649731768
2.56E-05,0.729826495,0.073486482,1.84E-09,49674.56811,2.35E-07,2.56E-09,2.06E-18,7.14E-07,0.653745948,1.637291984,4.99593378,9.81917957,2.06725871,0.001909491,2.985423658,12.79395446
1.74E-05,0.633906599,0.058321184,3.15E-09,34803.10907,1.80E-07,2.88E-09,2.78E-18,4.14E-07,8.24609112,16.24824787,1.007061362,7.64E-05,1.50E-15,0,0.075122728,9.618079241
3.97E-05,0.731049556,0.074791933,2.23E-09,23718.30774,1.59E-07,2.18E-09,1.95E-18,9.46E-07,1.185345846,3.430931007,12.85594368,6.843374647,0.054912124,2.64E-08,2.187277791,11.7842315
7.67E-05,0.728631098,0.033983484,4.16E-09,31849.82074,1.95E-07,3.59E-10,3.19E-18,4.19E-07,0.469163718,7.880531567,5.330646583,0.026244939,7.34E-08,1.80E-29,0.654422553,10.00838153
1.70E-05,0.712128792,0.048501621,4.26E-09,24054.30638,1.49E-07,2.23E-09,1.62E-18,7.24E-07,3.612844513,15.73038426,5.41622256,0.022888915,2.47E-08,5.39E-31,0.403783714,9.992989632
6.28E-05,0.844418763,0.043231433,4.27E-09,44412.84816,1.88E-07,8.67E-10,2.49E-18,7.79E-07,0.631988711,8.528993617,6.575251322,0.072049629,6.76E-07,6.02E-28,0.597142108,10.04878758
3.74E-05,0.877539422,0.017117055,1.20E-09,44057.92602,3.36E-07,1.49E-09,3.03E-18,4.60E-07,0.465935154,1.103624739,2.95242326,7.609123421,4.675188809,0.085147903,3.583576989,13.57031662
4.16E-05,0.543863682,0.070913436,1.43E-09,37094.72009,5.14E-08,5.57E-10,1.71E-18,7.65E-07,0.34276535,0.637036073,1.095426112,1.673841097,2.256624044,1.70352544,6.894171338,18.16953471
6.42E-05,0.607023827,0.04828306,2.71E-09,30490.60229,3.77E-07,7.01E-10,1.12E-18,2.66E-07,0.299914102,0.652175614,1.599616213,4.133108651,4.313432119,0.577246393,3.706544623,13.74367063
8.31E-05,0.848141874,0.027629729,1.36E-09,13959.04666,4.58E-08,6.48E-10,3.48E-18,2.71E-07,0.745653588,1.833583545,5.385005369,12.35815829,1.931584227,1.24E-05,3.641831663,13.57418839
5.81E-05,0.784195895,0.028106746,8.25E-10,26060.21892,2.57E-07,1.57E-09,2.96E-18,2.57E-07,0.646007951,1.369132544,3.254300456,6.847153147,5.465079008,0.552807611,4.924956025,15.35794985
2.63E-05,0.751546033,0.079442287,1.35E-09,15269.85225,2.17E-07,6.57E-10,2.67E-18,4.63E-07,0.561045157,1.332282086,3.605540704,8.732799077,3.975561858,0.0265784,3.601894537,13.59517692
7.88E-05,0.680159022,0.056810452,5.00E-09,8764.621545,1.33E-07,6.52E-10,2.38E-18,4.31E-07,17.40293159,3.275427231,0.000382835,1.87E-10,4.40E-33,0,0.17884651,9.432038088
2.64E-05,0.526519204,0.065379868,4.46E-09,30202.45322,2.62E-07,9.08E-10,2.47E-18,3.45E-07,4.446029547,11.746398,1.403324483,0.000567111,3.07E-07,3.81E-12,0.104598684,9.688588329
6.15E-05,0.701201866,0.034576774,1.70E-09,15529.05478,1.55E-07,4.72E-10,2.11E-18,5.51E-07,0.431682541,0.953525252,2.408592763,6.22766606,5.039267393,0.273245883,4.125777936,14.27047484
3.74E-05,0.710748226,0.058080071,1.61E-09,12289.29463,7.51E-09,9.44E-10,1.18E-18,7.72E-07,0.983945821,1.738537202,2.803911193,4.376660476,4.308727746,1.333249273,7.057440467,18.25664183
8.02E-05,0.507428416,0.028252857,1.31E-09,6620.079265,3.64E-07,6.44E-10,3.57E-18,3.32E-07,1.285158422,3.968422055,10.09492751,4.992870396,0.091898987,7.94E-09,2.47649488,12.12871128
5.30E-05,0.707396147,0.073805859,2.64E-09,18123.13322,2.65E-07,2.97E-09,3.32E-18,5.85E-07,21.41093813,5.441259114,0.005291423,6.42E-09,6.93E-31,0,0.019806688,9.302381287
2.53E-05,0.896466845,0.045402964,2.86E-09,22945.06225,1.49E-07,2.23E-09,3.43E-18,6.32E-07,16.85943931,10.95005746,0.049062789,9.45E-08,7.99E-29,0,0.004417479,9.36791952
9.92E-05,0.559191043,0.07518806,2.30E-09,39594.00793,2.66E-07,1.82E-09,2.39E-18,9.41E-07,0.732334386,2.305050665,10.32646434,5.54662958,0.050723656,9.38E-08,1.973379956,11.51363219
3.84E-05,0.816997654,0.034331122,4.19E-09,34469.48008,3.83E-07,1.78E-09,2.26E-18,8.09E-07,7.470036965,11.76978752,0.470840761,0.00033449,3.38E-11,8.34E-36,0.035647992,9.620118336
7.40E-05,0.589769515,0.021574776,3.64E-09,43204.67279,2.99E-07,2.84E-09,2.72E-18,9.96E-07,12.74179384,9.58369177,0.10410136,6.67E-06,2.28E-25,0,0.365414064,9.744815001
6.11E-05,0.864881548,0.052691035,4.94E-09,19027.04022,7.72E-08,1.69E-09,2.38E-18,5.44E-07,19.38366912,3.879699407,0.000131319,1.83E-11,5.03E-35,0,0.061625647,9.303726871
3.75E-05,0.902072709,0.01356379,6.85E-10,13706.70543,1.61E-08,1.53E-09,2.71E-18,8.30E-07,1.106261978,2.055869969,4.110704249,7.46105345,5.901556996,1.059677095,6.993566389,18.05637258
1.76E-05,0.802221632,0.072284742,3.14E-09,48738.13017,2.43E-07,1.66E-09,2.40E-18,9.03E-07,0.746919743,5.283305027,10.93867958,1.130693956,0.000250322,2.68E-14,1.005193702,10.50472545
9.62E-05,0.565053806,0.017756857,4.60E-09,32585.32247,1.94E-07,1.52E-09,1.43E-18,8.53E-07,0.887248913,5.843972998,11.05908092,1.097236434,0.000619838,4.19E-13,1.486583453,10.91728376
9.28E-05,0.664086012,0.078635737,4.27E-09,32093.89567,2.06E-07,1.85E-09,2.01E-18,5.23E-07,4.541758014,14.07120162,2.815832537,0.003495846,1.31E-09,4.25E-33,0.310667062,9.80104813
3.43E-05,0.540702782,0.036754956,3.67E-09,45143.11315,5.24E-08,1.30E-09,1.19E-18,4.21E-07,0.489929726,0.998131967,2.189712191,5.237501284,3.440398034,0.15637094,3.693623642,13.72935621
8.61E-05,0.769481912,0.047307497,2.34E-09,19578.06679,1.56E-07,6.00E-10,3.53E-18,5.24E-07,0.730458854,4.744167412,12.00320913,1.69389259,5.41E-05,7.63E-25,1.406711574,10.83500861
4.53E-05,0.837457746,0.033310128,2.85E-09,42713.44929,1.82E-07,1.94E-09,3.93E-18,7.61E-07,7.249616653,14.33506712,0.617752205,6.40E-06,1.29E-25,0,0.074691663,9.541234616
7.83E-05,0.69969749,0.04601215,4.71E-09,43174.32299,5.70E-08,6.37E-10,3.35E-18,4.89E-07,2.627089127,11.7462701,2.393822185,3.69E-06,1.56E-18,0,0.397317841,9.701758613
6.15E-05,0.65090153,0.055850966,3.77E-09,12087.95738,2.87E-08,1.98E-09,1.57E-18,9.34E-07,2.87043031,18.02747504,12.80203028,0.041606093,4.95E-09,1.22E-32,1.071159153,10.47293575
1.56E-05,0.896920479,0.03175026,3.11E-09,39311.22701,6.05E-09,9.94E-10,1.92E-18,5.93E-07,0.521945243,1.261768436,3.597669482,11.43389092,2.452853802,9.34E-06,3.307787174,13.16093055
1.29E-05,0.608019333,0.057904415,3.28E-09,47698.96152,1.67E-07,2.83E-09,2.02E-18,2.88E-07,1.145125729,7.696184299,12.22781665,0.758539197,4.67E-05,5.92E-25,1.034276721,10.5523997
5.04E-05,0.615797835,0.025237244,3.91E-09,47834.41104,9.92E-08,2.27E-09,3.96E-18,5.72E-07,16.64990148,2.415342009,1.14E-06,2.45E-14,1.95E-39,0,0.182663953,9.420482155
5.57E-05,0.68275825,0.010617711,2.33E-09,7434.322385,3.43E-08,9.36E-10,1.97E-18,5.92E-07,1.62846542,4.526899244,15.93353989,6.337263305,0.001676423,6.96E-13,2.710622608,12.40943942
9.17E-05,0.86748298,0.043663305,2.58E-09,13814.83054,1.28E-07,2.79E-09,3.85E-18,9.60E-07,24.55913028,1.257367537,7.59E-06,2.91E-18,0,0,0.218447124,9.459723808
9.27E-05,0.888407144,0.029889415,1.41E-09,25681.52707,3.60E-07,7.15E-10,2.60E-18,5.01E-07,0.393587787,0.925802252,2.458773318,6.580748481,4.906400165,0.166514088,3.80587538,13.83088062
3.76E-05,0.617271673,0.02021766,2.41E-09,37230.06517,3.93E-08,1.44E-09,3.84E-18,3.54E-07,1.026028769,7.404538265,14.2076997,0.311678758,3.46E-08,9.81E-31,1.166673498,10.55962028
1.89E-05,0.788010534,0.03016023,4.91E-09,45978.47933,1.07E-07,1.31E-09,2.08E-18,6.76E-07,1.320704223,11.35915498,5.688770112,0.020022359,2.12E-08,9.35E-31,0.422431796,9.982419237
5.17E-05,0.83634421,0.029109027,1.87E-09,19115.99369,2.73E-07,1.69E-09,2.81E-18,6.37E-07,1.334012059,6.11693909,14.30659771,2.627064705,0.001009007,5.99E-13,1.594091772,11.07208252
6.44E-05,0.897895047,0.050237152,4.58E-09,37017.69011,1.50E-07,5.83E-10,2.96E-18,3.79E-07,2.1219909,10.67334929,2.755551348,0.000581617,1.13E-10,2.16E-34,0.274246669,9.733480991
4.81E-05,0.629480727,0.010804179,2.52E-09,35199.70069,3.91E-07,2.77E-09,2.61E-18,3.33E-07,1.930687064,12.84951825,7.895166576,0.126496066,2.13E-06,2.26E-27,0.811912653,10.21627171
4.62E-05,0.82847583,0.048713931,2.09E-09,29458.9784,1.73E-07,5.49E-10,2.76E-18,9.54E-07,0.358425163,0.899354368,3.152574088,8.619314946,2.02955568,0.000627984,2.603512519,12.30308179
2.97E-05,0.828124492,0.040406967,1.67E-09,48590.13679,2.61E-07,2.90E-09,3.55E-18,6.20E-07,1.019577412,4.373121726,13.56469332,3.391746697,0.001656336,1.76E-12,1.600495071,11.12357909
2.69E-05,0.538504565,0.059906793,3.83E-09,36902.0998,2.16E-07,5.29E-10,2.20E-18,5.60E-07,0.35253693,1.455696209,8.165550702,3.631614014,0.020482109,1.53E-07,1.25356283,10.71512762
6.00E-05,0.774707685,0.051466974,1.07E-09,40074.42576,2.77E-07,1.09E-09,1.98E-18,3.24E-07,0.336061984,0.692602366,1.557980184,3.658289865,5.04674692,1.958110647,5.413415027,16.08366002
2.82E-05,0.855985241,0.010132938,2.50E-09,33255.76509,4.96E-08,6.98E-10,3.57E-18,8.51E-07,0.545680682,1.742388049,11.51613674,4.471110191,0.000353865,1.71E-14,1.639035299,11.11469362
5.68E-05,0.778267091,0.061520973,3.93E-09,11929.11027,3.38E-08,2.89E-09,1.27E-18,7.72E-07,3.566875301,19.31950847,13.51733683,0.092397103,2.67E-08,2.50E-31,1.060864873,10.53900709
6.19E-05,0.691017261,0.031443082,2.48E-09,14806.01967,3.01E-07,8.93E-10,1.77E-18,3.93E-07,0.798991107,2.219220966,9.007777626,7.471709977,0.225198091,5.41E-06,2.274565275,11.87501395
8.27E-05,0.894007154,0.078709328,2.27E-09,18211.45385,1.71E-07,5.05E-10,3.23E-18,6.25E-07,0.591221405,2.174819607,10.80637283,4.43515932,0.006732736,3.25E-10,1.653507872,11.13376124
8.48E-05,0.842964469,0.025614879,4.66E-09,46439.41823,3.11E-07,2.40E-09,1.21E-18,4.14E-07,0.844737971,4.630205788,10.59512746,1.912403801,0.00566608,2.00E-09,1.411973813,10.83549686
5.97E-05,0.84666811,0.040820912,1.32E-09,14786.05087,2.01E-07,3.05E-10,2.53E-18,7.78E-07,0.31578462,0.709680207,1.740461113,4.441508507,6.116787527,1.091325991,4.537168783,14.83678549
5.20E-05,0.715306445,0.047097487,4.22E-09,19435.45012,2.86E-07,1.67E-09,3.23E-18,5.22E-07,8.273898578,0.005232419,6.22E-08,1.36E-21,0,0,0.074894903,9.302470689
1.18E-05,0.597152583,0.062879187,2.22E-09,34527.74201,3.50E-07,1.81E-09,3.11E-18,3.50E-07,1.059487547,7.736367217,11.34997252,0.615026485,4.56E-05,6.21E-25,0.944420818,10.46689452
8.02E-05,0.578571461,0.041651953,4.87E-09,10006.70111,3.28E-07,9.24E-10,3.58E-18,7.05E-07,0.002822659,2.55E-09,1.29E-15,8.52E-39,0,0,0.278678465,9.525837367
3.92E-05,0.885728327,0.054214747,4.23E-09,27377.76015,3.97E-07,2.66E-09,3.42E-18,6.64E-07,2.595193599,3.95E-05,2.63E-10,5.19E-31,0,0,1.31974E-05,9.220975896
3.10E-05,0.766505264,0.052198422,3.56E-09,18162.07951,1.68E-07,2.25E-09,1.76E-18,7.42E-07,4.11555108,17.07570373,5.898840134,0.024601545,1.99E-08,2.85E-31,0.439804311,10.01450322
7.85E-05,0.893166349,0.032190182,4.04E-09,11603.60966,3.12E-07,1.88E-09,2.36E-18,8.38E-07,17.0119966,0.379435853,0.000159547,5.02E-11,2.42E-34,0,0.21193993,9.452584776
7.88E-05,0.760621746,0.071604354,2.72E-09,22499.18025,2.28E-07,1.57E-09,3.98E-18,8.36E-07,15.49005281,8.982337544,0.028253986,8.20E-08,9.34E-29,0,0.087891652,9.426362131
6.68E-05,0.871708857,0.060438731,3.87E-09,31317.80426,3.21E-07,2.73E-09,1.46E-18,3.88E-07,1.469015579,10.35120755,9.684071039,0.38181915,9.24E-05,2.25E-24,0.845736036,10.31778927
3.87E-05,0.832577284,0.048587507,2.42E-09,18565.76067,1.55E-07,1.19E-09,3.45E-18,9.25E-07,2.609826044,15.68246165,6.139572286,0.007277038,1.05E-09,1.71E-33,0.454276341,9.99379686
4.46E-05,0.773580746,0.018666892,2.04E-09,44197.66911,1.77E-07,1.11E-09,3.33E-18,4.39E-07,0.510225273,1.426066062,8.04921064,7.203300781,0.100769072,6.57E-08,1.965526432,11.50464161
5.84E-05,0.734095823,0.077013471,4.19E-09,48169.47724,2.20E-07,6.77E-10,3.52E-18,3.30E-07,3.236292088,10.14345587,1.462942678,5.77E-05,4.42E-12,1.13E-36,0.136826541,9.624721897
2.34E-05,0.655706638,0.032857556,1.20E-09,6724.18624,2.25E-07,2.74E-09,2.90E-18,3.13E-07,3.819096637,14.03591249,16.4417651,1.689460623,1.54E-05,4.13E-26,1.702628572,11.25567368
2.90E-05,0.794730135,0.063619231,2.15E-09,9920.465829,2.40E-07,2.49E-09,3.40E-18,8.96E-07,23.81445128,9.691348017,0.033722528,6.59E-08,2.34E-29,0,0.00325891,9.318262468
1.74E-05,0.598570157,0.059702774,3.40E-09,9767.452857,9.26E-08,2.42E-09,3.57E-18,3.74E-07,5.617322314,1.92E-05,5.86E-12,1.30E-34,0,0,2.90967E-05,9.220652368
8.08E-05,0.805794005,0.058010531,3.15E-09,18402.50139,2.96E-07,1.79E-09,2.09E-18,6.44E-07,3.533426551,15.34345451,5.416621057,0.033387927,9.34E-08,6.55E-30,0.543197991,9.996554985
5.02E-05,0.719303529,0.061268401,2.76E-09,37515.9233,1.25E-07,2.39E-09,1.05E-18,2.89E-07,0.669977006,1.539517361,4.042806242,8.268839187,3.68318281,0.050569489,3.667914862,13.69240027
8.78E-05,0.654957107,0.030091318,1.29E-09,20520.46142,9.44E-08,1.80E-09,3.91E-18,4.82E-07,1.264739083,3.446073338,13.6222473,7.139488184,0.004948723,8.88E-12,2.776612367,12.47910078
5.18E-05,0.569488731,0.044294107,2.73E-09,6672.078438,3.42E-07,5.73E-10,3.56E-18,3.76E-07,15.95837022,8.278022273,0.038350628,4.89E-07,2.16E-27,0,0.143955526,9.493079145
8.49E-05,0.840594289,0.028445126,6.43E-10,37472.67418,2.86E-07,1.70E-09,2.46E-18,4.78E-07,0.467553733,0.944228348,2.071585563,4.519582015,5.406682151,1.99707026,6.264035938,17.23636561
9.34E-05,0.662555103,0.02196994,4.06E-09,15075.13899,3.70E-08,1.74E-09,2.93E-18,6.56E-07,23.14558876,4.31404899,4.79E-06,1.52E-18,0,0,0.405701241,9.665531851
9.04E-05,0.842347078,0.039243572,4.68E-09,39701.36418,3.69E-07,2.90E-09,2.28E-18,9.93E-07,15.39275746,3.010072669,0.002814598,4.33E-08,7.73E-29,0,0.243195889,9.540234769
8.33E-05,0.512708548,0.038846222,4.27E-09,33632.81124,2.00E-07,1.36E-09,3.08E-18,6.23E-07,13.91925642,5.552509643,0.004384306,2.31E-06,4.21E-08,1.46E-12,0.323922146,9.624185312
6.84E-05,0.844561144,0.070652373,3.21E-09,40778.56196,1.66E-07,2.50E-09,3.41E-18,9.85E-07,13.10717736,10.93815291,0.077437232,3.17E-07,8.91E-28,0,0.048899084,9.43201671
8.40E-05,0.738110741,0.049490204,3.82E-09,31538.33521,3.30E-07,2.35E-09,1.01E-18,8.41E-07,0.856523021,2.409016016,9.096393841,6.512112427,0.203397916,2.66E-05,2.118343236,11.68521803
1.49E-05,0.721595995,0.020401766,2.11E-09,24163.06349,3.99E-07,2.30E-09,2.42E-18,4.33E-07,1.403180513,7.16154919,13.36551329,1.654176796,0.000847711,7.15E-13,1.278318807,10.78879852
7.90E-05,0.700005559,0.065663159,3.68E-09,29107.46283,2.07E-07,2.34E-09,2.90E-18,4.76E-07,17.2982753,5.795953153,0.006968859,1.95E-08,9.79E-30,0,0.11634814,9.414185911
4.34E-05,0.511521872,0.061566337,4.11E-09,42193.23408,1.25E-08,2.94E-09,3.14E-18,5.39E-07,16.40935617,13.00433758,0.00021879,4.35E-06,9.31E-08,7.41E-12,0.056607047,9.295574764
3.77E-05,0.754276725,0.044452162,1.76E-09,12030.03238,2.37E-07,1.27E-09,1.83E-18,3.81E-07,1.073269973,2.774538579,8.393756592,10.12294185,1.010842044,0.000139372,2.899973275,12.68509183
3.60E-05,0.588354479,0.03204563,6.95E-10,43934.94137,1.75E-07,4.23E-10,2.65E-18,9.63E-07,0.221724706,0.417233711,0.736094007,1.195042837,1.892371514,1.926974508,7.744599324,19.45286884
6.92E-05,0.69453739,0.019216974,3.36E-09,23469.1295,3.81E-07,1.38E-09,1.65E-18,4.18E-07,0.945711829,5.087944835,11.28775968,1.914927792,0.003904709,6.32E-11,1.461152225,10.89477435
5.42E-05,0.525162808,0.031809827,3.79E-09,34246.55238,3.55E-07,1.80E-09,3.05E-18,3.70E-07,14.32305419,5.251355768,0.008427857,3.58E-06,1.33E-08,2.07E-31,0.223044954,9.549237018
5.19E-05,0.561403508,0.029609251,3.11E-09,29593.6716,6.10E-08,4.28E-10,3.37E-18,4.72E-07,0.437163314,2.086382936,10.77637779,2.807472592,9.09E-05,7.18E-08,1.48068654,10.91177838
3.03E-05,0.575558148,0.062947649,2.00E-09,13490.64927,2.80E-07,1.60E-09,2.83E-18,3.62E-07,1.99126414,13.04285099,11.65567151,0.296812402,3.27E-06,3.50E-27,0.912463414,10.45000296
6.74E-05,0.807790345,0.051670454,3.53E-09,24473.87045,6.24E-08,1.54E-09,2.35E-18,4.76E-07,1.854132253,15.03445153,8.084187286,0.013450116,1.92E-09,4.75E-33,0.709374917,10.10952673
8.52E-05,0.881034782,0.033026596,4.30E-09,30939.14715,2.60E-07,1.86E-09,3.27E-18,6.40E-07,13.43593043,0.12050906,1.74E-06,1.19E-13,4.12E-38,0,0.242223782,9.485812424
3.91E-05,0.635351734,0.067730744,1.06E-09,49572.78718,2.95E-07,3.84E-10,1.09E-18,3.83E-07,0.13867818,0.262688956,0.485054921,0.935829463,1.851902892,2.107474649,6.765872496,18.15131302
3.67E-05,0.731584471,0.063511977,3.20E-09,28880.9298,1.34E-07,1.25E-09,2.65E-18,2.71E-07,1.099943895,10.81553696,9.067972051,0.109448098,2.44E-07,4.76E-29,0.687236332,10.22049236
8.18E-05,0.609543703,0.02111196,2.70E-09,38782.14685,3.93E-07,7.82E-10,1.02E-18,3.55E-07,0.264040427,0.560898837,1.320468593,3.319443993,4.288139845,0.974156438,4.155622889,14.3231189
1.77E-05,0.80157186,0.044627432,3.61E-09,36958.47615,2.41E-07,1.52E-09,2.15E-18,5.80E-07,0.950762146,8.838903702,8.954854908,0.257709056,1.30E-05,7.94E-26,0.704848296,10.25500706
9.59E-05,0.767132468,0.071986698,2.72E-09,47871.8048,2.98E-07,2.94E-09,2.15E-18,5.91E-07,1.037372539,5.692014828,12.29355882,1.837080278,0.001217784,1.87E-12,1.35516852,10.78581385
8.25E-05,0.744801247,0.013253287,4.51E-09,22864.98372,1.78E-07,9.75E-10,1.61E-18,7.16E-07,0.912658083,7.346054967,10.18426097,0.519635821,7.04E-05,1.57E-24,1.206443655,10.59634844
3.88E-05,0.680444659,0.077324439,7.99E-10,9030.908498,3.51E-07,2.38E-09,3.22E-18,6.66E-07,2.015794985,4.566350591,10.60937914,8.452885093,0.781066146,3.07E-06,3.279038289,13.17685586
2.87E-05,0.524415108,0.057641668,1.20E-09,41134.42627,3.38E-07,2.21E-09,1.12E-18,4.66E-07,0.594152232,1.057099663,1.722259842,2.652891664,2.797782601,1.123637764,5.630281601,16.48691885
5.33E-05,0.536304609,0.023143155,4.52E-09,35314.15129,3.51E-07,8.79E-10,2.86E-18,9.30E-07,7.63411331,8.712761968,0.103363811,1.87E-05,4.91E-08,2.35E-30,0.252066748,9.666152427
1.43E-05,0.634461601,0.051026638,1.06E-09,14343.66913,7.33E-08,2.45E-09,3.01E-18,4.37E-07,1.719430425,3.280200892,6.715806246,8.573136444,1.515857155,0.000113265,3.89411736,13.96098893
4.58E-05,0.841276864,0.02367996,4.83E-09,43376.86242,2.72E-07,1.76E-09,3.52E-18,6.93E-07,8.661784487,0.006485847,1.59E-08,1.54E-21,0,0,0.044892633,9.270708301
4.75E-05,0.809423903,0.073730552,4.47E-09,49653.51531,4.31E-08,2.03E-09,2.34E-18,5.67E-07,2.337400813,15.24146586,4.994036503,0.000458922,4.81E-14,0,0.368481324,9.846462538
3.05E-05,0.800490363,0.033265039,3.29E-09,6203.480715,1.10E-07,2.85E-09,2.63E-18,9.67E-07,12.89868568,0.017458914,5.21E-08,1.88E-28,0,0,5.30998E-05,9.220683085
4.88E-05,0.732546682,0.060940923,3.67E-09,12594.69409,1.98E-07,8.69E-10,3.19E-18,6.35E-07,17.0349299,4.595392024,0.001609334,1.62E-09,1.69E-31,0,0.022964552,9.315446735
3.99E-05,0.649286588,0.042941667,3.37E-09,13346.87808,1.03E-07,2.32E-09,2.90E-18,7.39E-07,23.48957233,3.30719667,9.63E-05,4.35E-15,0,0,0.037995666,9.268009789
5.81E-05,0.739708305,0.036418454,2.57E-09,44545.54,3.04E-07,2.68E-09,3.69E-18,6.49E-07,6.910805663,14.83207104,1.105714723,0.000125042,1.09E-14,0,0.22541795,9.685544179
5.86E-05,0.71428943,0.064790464,1.43E-09,13607.09477,2.98E-07,8.19E-10,1.91E-18,7.83E-07,0.633615118,1.410973008,3.592985012,7.527936306,4.143869324,0.159597366,3.924559468,14.03334625
2.89E-05,0.508141324,0.011833178,1.02E-09,45501.9074,1.36E-07,2.36E-09,1.37E-18,4.89E-07,0.679022352,1.203250957,1.881896596,2.458417987,2.424109476,1.12399393,7.887909334,19.81735479
5.91E-05,0.551606352,0.046166573,1.96E-09,30359.11292,1.51E-07,2.13E-09,2.69E-18,6.07E-07,1.05709916,3.250545698,11.48222252,5.493271872,0.007584279,4.43E-08,2.198714085,11.7880199
6.43E-05,0.57480156,0.057703953,4.12E-09,20021.89025,2.62E-07,1.90E-09,1.89E-18,9.65E-07,8.524686798,14.73978569,0.890761361,0.000602854,6.41E-13,2.91E-42,0.207548363,9.693735308
1.58E-05,0.750657742,0.074663833,9.26E-10,40429.82722,1.45E-07,1.08E-09,3.90E-18,8.75E-07,0.416158582,0.895908845,2.157955571,5.457282228,6.095221994,0.589668297,4.611815528,14.92635737
3.00E-05,0.516007788,0.036085412,3.21E-09,8296.974242,3.76E-07,1.96E-09,2.45E-18,6.17E-07,21.63786535,1.950877866,0.002401253,4.93E-07,2.05E-11,1.14E-36,0.000456754,9.267994588
1.32E-05,0.618208903,0.016269373,2.13E-09,35744.02999,8.01E-08,2.34E-09,3.06E-18,5.52E-07,1.225600678,5.793221678,15.60849114,2.385334908,3.58E-05,2.63E-25,1.571117808,11.08287296
7.13E-05,0.8017963,0.0178302,1.81E-09,32358.04158,1.23E-07,2.80E-09,3.81E-18,4.03E-07,1.751794314,12.34819523,13.10031264,0.172726826,1.01E-07,5.15E-30,1.269389245,10.67951071
4.86E-05,0.850093953,0.044845585,3.28E-09,6861.053158,3.47E-07,6.40E-10,1.86E-18,4.20E-07,2.295620955,13.30377627,7.368942018,0.119325233,3.40E-06,5.30E-27,0.577823962,10.1375887
5.78E-05,0.697135267,0.059671104,8.76E-10,8958.343107,8.78E-08,1.39E-09,2.85E-18,3.14E-07,1.464110545,2.714249309,5.347101514,7.99873703,3.2599252,0.087627458,4.829431275,15.19467325
8.45E-05,0.550202288,0.055682555,1.66E-09,39249.58176,2.46E-07,4.86E-10,2.83E-18,5.19E-07,0.252755446,0.530301925,1.20090874,3.386108347,4.285043588,0.59845948,3.949098789,14.03718614
4.77E-05,0.837009974,0.06240072,4.53E-09,14954.62855,2.13E-07,1.06E-09,3.81E-18,6.18E-07,2.802549565,2.13E-06,1.00E-12,8.56E-35,0,0,4.03489E-05,9.220700487
4.55E-05,0.734665888,0.067356398,6.33E-10,31258.72788,9.87E-08,5.90E-10,2.70E-18,4.54E-07,0.323296751,0.602543146,1.071624214,1.99604901,3.336852813,2.515822029,7.509061361,19.02716031
8.04E-05,0.697618518,0.057374495,1.35E-09,46356.28805,1.20E-07,2.04E-09,2.35E-18,9.91E-07,0.575849242,1.196131901,2.765649443,6.276157061,4.937017719,0.338484335,4.625991419,14.93566002
8.50E-05,0.554127225,0.016559492,1.27E-09,33286.15437,1.37E-07,1.69E-09,2.57E-18,5.71E-07,0.735607698,1.378361909,2.491574859,4.398643816,3.616195727,0.375917744,5.449575567,16.04393514
2.28E-05,0.71298285,0.049658699,1.29E-09,44615.54574,3.57E-07,3.91E-10,3.62E-18,2.99E-07,0.180561798,0.408755685,1.019774093,2.99275936,5.447608358,1.009657127,3.804180468,13.86801446
9.25E-05,0.512822191,0.067484581,2.46E-09,40227.18668,1.13E-07,1.99E-09,1.74E-18,5.02E-07,0.728033282,1.48979148,3.445879545,6.379168057,2.044001768,0.020833744,3.320942344,13.21441055
5.11E-05,0.556834784,0.035251869,1.72E-09,23367.45432,3.29E-07,2.24E-09,3.93E-18,7.64E-07,2.603280282,15.70288305,7.829412406,0.045617372,1.58E-07,9.63E-30,0.760893582,10.15247226
6.02E-05,0.643915784,0.030796067,1.59E-09,12665.69578,1.15E-07,2.99E-09,2.41E-18,3.78E-07,2.440285179,7.761413111,16.4013455,3.926809658,0.000375639,2.76E-15,2.416665878,12.06102776
2.71E-05,0.903093692,0.03001445,9.73E-10,21822.12065,3.17E-07,3.81E-10,2.27E-18,6.95E-07,0.246105154,0.529533704,1.206662365,2.901514546,4.81038831,2.656746599,5.497408277,16.21380386
1.52E-05,0.79664428,0.066157209,3.33E-09,28824.38274,1.46E-07,2.37E-09,2.60E-18,3.27E-07,7.502574072,16.67222953,1.565083173,0.000114425,3.91E-15,0,0.116293077,9.651031385
6.63E-05,0.581146099,0.015847872,3.42E-09,7735.705368,3.98E-07,2.38E-09,3.13E-18,5.11E-07,0.3001853,4.04E-05,1.27E-10,4.93E-32,0,0,0.346530841,9.60041366
2.08E-05,0.757158298,0.042504838,2.46E-09,41274.589,2.22E-07,6.74E-10,1.31E-18,4.50E-07,0.244821654,0.549845235,1.352955817,3.544898098,5.282603343,1.194006313,4.03947163,14.20096857
1.86E-05,0.510039443,0.065425356,2.69E-09,16941.31887,1.78E-07,8.71E-10,2.94E-18,4.57E-07,1.220794445,11.31249033,9.302824531,0.132409035,9.21E-07,3.91E-09,0.708863699,10.25604566
5.03E-05,0.652225238,0.06427444,4.86E-09,38240.15007,2.69E-07,9.80E-10,3.15E-18,7.15E-07,12.20448241,3.692543515,0.00079616,2.45E-09,1.25E-30,0,0.042769141,9.366027167
3.13E-05,0.522516723,0.02731939,2.82E-09,34421.84852,2.30E-07,1.46E-09,3.00E-18,6.85E-07,1.203687057,11.3082326,7.675891105,0.083866685,1.19E-06,2.45E-09,0.620859025,10.14791254
4.84E-05,0.808173436,0.057029918,4.83E-09,31045.78885,3.87E-07,6.26E-10,3.79E-18,8.61E-07,11.14890426,0.879882984,3.05E-06,2.38E-12,5.49E-35,0,0.009062977,9.282820186
3.07E-05,0.884551526,0.042733249,1.99E-09,14860.24973,8.72E-08,9.39E-10,1.39E-18,4.97E-07,0.701171654,1.632939463,4.1734957,8.769661256,5.279096693,0.178549245,4.218991278,14.40774108
7.48E-05,0.904109354,0.01660656,4.50E-09,25360.76661,3.87E-07,2.07E-09,1.80E-18,7.95E-07,9.519871519,11.92153509,0.428435721,0.000462033,8.78E-13,5.55E-42,0.289323151,9.746400207
2.46E-05,0.542138891,0.072675156,2.18E-09,29507.52363,2.63E-08,1.57E-09,2.72E-18,6.82E-07,0.935328029,2.0712373,7.043718944,7.859363536,0.499840002,2.14E-07,2.635931746,12.32980817
8.66E-05,0.829248543,0.062618108,3.66E-09,11697.22494,3.65E-07,6.91E-10,1.17E-18,9.48E-07,0.752270592,2.174611537,8.905823439,6.043965652,0.164118939,1.36E-05,1.942469428,11.47381
4.60E-05,0.601952704,0.050691447,4.00E-09,12176.12549,1.75E-07,7.89E-10,2.42E-18,5.82E-07,9.307188271,13.56752493,0.412226401,2.53E-05,1.42E-17,0,0.101022476,9.565985157
1.41E-05,0.764255887,0.029807849,4.02E-09,36709.47244,3.13E-07,2.53E-09,2.91E-18,6.22E-07,15.97131095,2.492886467,0.000646798,1.47E-09,2.30E-31,0,0.000264863,9.294759235
6.28E-05,0.631423028,0.066329916,4.43E-09,17451.9385,3.33E-07,1.95E-09,2.80E-18,9.23E-07,7.170287768,0.004409336,1.70E-07,7.26E-21,0,0,0.081405802,9.309593307
4.17E-05,0.585924344,0.049451917,3.24E-09,33026.01994,1.18E-07,9.27E-10,2.69E-18,9.43E-07,0.706142474,5.260076996,11.48571122,1.086521411,2.17E-05,1.63E-25,1.088393206,10.53344726
2.79E-05,0.735701427,0.0305331,3.51E-09,45195.28625,2.75E-08,2.71E-09,3.17E-18,9.71E-07,6.651567772,18.56174666,1.825249895,3.72E-07,5.12E-28,0,0.135100089,9.479728521
7.47E-05,0.613764174,0.037504808,1.54E-09,32564.53783,2.91E-07,2.97E-09,3.93E-18,7.58E-07,1.611539488,9.940521398,13.7242453,0.596560451,7.53E-06,1.66E-26,1.385657108,10.8171088
1.04E-05,0.810146398,0.047662376,3.15E-09,49373.11247,2.78E-07,2.88E-09,3.21E-18,3.95E-07,10.04709649,12.10081071,0.250538165,1.32E-05,3.68E-18,0,0.019171117,9.526326213
1.61E-05,0.670244612,0.021464126,2.11E-09,30610.99301,3.46E-07,2.87E-09,2.35E-18,5.28E-07,1.335789171,6.16398034,13.64882667,2.48573102,0.00222588,7.45E-12,1.447262075,10.9626496
2.99E-05,0.61966301,0.025517365,3.37E-09,12523.89869,5.86E-08,1.74E-09,2.36E-18,9.66E-07,10.12725597,20.74397466,1.41487193,8.49E-06,1.16E-25,0,0.105811816,9.554317622
1.48E-05,0.500033727,0.058786779,1.16E-09,22112.0679,2.51E-07,1.89E-09,3.08E-18,7.88E-07,1.084161695,2.037187764,3.738686983,5.618222429,2.055081582,0.047082659,3.517298488,13.50207915
1.90E-05,0.700877409,0.028488343,7.80E-10,41044.10536,1.22E-07,2.89E-09,1.06E-18,6.27E-07,0.672187998,1.18476005,1.988454346,3.411486628,3.877010828,1.703146079,7.235502564,18.74519078
5.53E-05,0.667813093,0.037159955,1.23E-09,9020.64647,2.63E-07,1.29E-09,1.82E-18,4.51E-07,1.166381954,2.420840619,5.442306586,8.018856588,2.796737572,0.076617926,4.192257284,14.3912826
7.15E-05,0.720389877,0.010384631,4.75E-09,38755.76157,1.54E-08,1.71E-09,3.62E-18,5.83E-07,18.96481421,4.334801272,2.17E-08,8.25E-25,0,0,0.339748644,9.592955057
7.61E-05,0.644050952,0.048957935,3.33E-09,40167.63403,3.96E-07,2.33E-09,2.58E-18,4.67E-07,5.359687693,13.58741784,1.870869721,0.002257239,9.28E-10,2.59E-33,0.341583685,9.813724318
4.24E-05,0.597174151,0.021304427,3.00E-09,38680.31372,7.07E-08,2.61E-09,3.24E-18,4.94E-07,5.89107698,17.83774488,2.706847428,2.23E-05,6.69E-25,0,0.337559914,9.694427411
7.78E-05,0.7350458,0.030263396,1.10E-09,6016.323302,2.29E-07,1.01E-09,3.26E-18,9.05E-07,1.730889626,4.737204008,14.54251241,7.741797169,0.047954887,8.82E-09,2.863911064,12.6034224
4.77E-05,0.674077055,0.032793223,9.53E-10,19635.94644,4.36E-08,4.96E-10,1.36E-18,6.41E-07,0.412073469,0.751295324,1.262843616,2.024274355,2.93383824,2.133746398,8.328623954,20.23640128
3.18E-05,0.623655682,0.069555985,3.78E-09,39728.56663,3.31E-08,5.66E-10,1.34E-18,7.70E-07,0.291971135,0.635518014,1.551917986,4.812003732,5.086719538,0.286287991,3.751992778,13.78755914
4.21E-05,0.532959491,0.023895196,1.43E-09,49035.79294,1.83E-07,2.47E-09,2.79E-18,8.78E-07,0.733644683,1.456777314,3.054298506,6.006905767,2.677316818,0.06183246,3.946770219,14.05654527
8.91E-05,0.515399389,0.020270188,1.25E-09,24092.71033,2.86E-08,2.08E-09,1.70E-18,6.72E-07,1.151529908,1.96926439,2.901467606,3.386991267,2.584890387,0.740954111,8.240041305,20.09835415
3.38E-05,0.78287942,0.065590946,3.69E-09,30484.82231,3.10E-07,1.76E-09,1.70E-18,2.81E-07,1.062477672,7.473769689,10.57478287,0.661336446,0.000272292,4.35E-14,0.896063793,10.4130452
6.10E-05,0.634266599,0.025939565,2.82E-09,11145.74704,3.34E-07,1.64E-09,2.54E-18,4.47E-07,12.9181998,14.6912241,0.518877503,0.00011331,2.38E-15,0,0.280966791,9.706089821
8.93E-05,0.820579162,0.076704182,7.68E-10,27932.62415,2.54E-07,1.82E-09,3.88E-18,3.59E-07,0.731392295,1.68894607,4.352758873,9.11313346,4.787128714,0.072531594,4.322224963,14.52954396
2.34E-05,0.640777629,0.055287735,1.55E-09,42146.43818,3.89E-07,7.11E-10,3.92E-18,5.77E-07,0.333076676,0.851747474,3.448233875,8.134423682,1.500722777,0.000355563,2.319138223,11.94842721
2.25E-05,0.651426558,0.023302025,4.85E-09,17226.33423,1.28E-07,7.75E-10,2.08E-18,8.90E-07,5.222599794,13.86909185,1.88336941,0.000324817,7.45E-14,0,0.140150027,9.695543699
5.93E-05,0.645670381,0.078351934,3.14E-09,43295.58165,3.68E-07,3.39E-10,3.68E-18,5.61E-07,0.26048135,2.185984487,7.56270869,1.557406396,0.000877455,6.18E-11,0.890463273,10.28179351
4.39E-05,0.68346553,0.056581078,1.87E-09,12430.87105,2.05E-07,7.61E-10,3.61E-18,8.76E-07,1.201464123,7.411705929,13.6933629,1.014441359,1.75E-05,8.55E-26,1.208219631,10.70664016
3.34E-05,0.65269687,0.049801613,1.24E-09,42614.2515,3.38E-07,2.61E-09,2.10E-18,7.46E-07,0.654530274,1.364228166,3.145171358,6.358045422,4.058399918,0.304685424,4.120257402,14.31460956
3.93E-05,0.686922529,0.079544818,9.99E-10,28374.28694,6.03E-08,2.98E-09,3.68E-18,4.06E-07,1.24262482,2.587982224,6.278821795,10.21729846,1.73943877,2.17E-06,3.814970429,13.8344262
4.99E-05,0.869852021,0.030989201,2.58E-09,23789.28017,2.03E-08,1.73E-09,2.81E-18,9.37E-07,1.498114913,7.804231101,17.55328804,1.043429993,1.83E-07,1.35E-29,1.52167281,10.97391387
8.56E-05,0.842896857,0.072855029,3.87E-09,10576.78303,3.93E-07,2.40E-09,1.65E-18,8.11E-07,18.19997305,9.672932883,0.15518851,3.95E-05,3.50E-24,0,0.088487173,9.478313164
5.48E-05,0.849662055,0.013948264,4.90E-09,10122.00931,3.67E-07,2.50E-09,1.44E-18,5.98E-07,20.21815044,3.028217341,0.011389128,2.54E-07,5.51E-28,0,0.150396781,9.435687193
9.00E-05,0.652089661,0.037085109,2.21E-09,45311.69035,2.53E-08,5.42E-10,1.62E-18,4.20E-07,0.271550968,0.524849666,0.993277889,2.044551787,3.730115642,2.273861934,6.172724906,17.01054364
4.78E-05,0.789583417,0.019986607,8.19E-10,26683.71922,7.57E-08,1.72E-09,2.82E-18,9.99E-07,0.740527794,1.416453274,2.925716953,5.912938012,5.508988205,0.983775886,6.023059424,16.8165664
5.13E-05,0.863086996,0.054599691,2.77E-09,38190.92913,1.49E-07,9.16E-10,2.31E-18,7.44E-07,0.46779065,1.279811013,6.646386869,7.82503414,0.257517787,1.14E-06,1.998211379,11.54998365
8.12E-05,0.547726252,0.051565866,2.95E-09,48061.00602,2.44E-07,1.09E-09,2.23E-18,7.31E-07,0.443838129,1.260156157,7.517282037,6.083475921,0.129970433,9.99E-07,1.936108301,11.45584336
8.28E-05,0.604826827,0.038542008,4.80E-09,37622.86225,2.60E-07,2.11E-09,2.89E-18,3.20E-07,13.95683243,0.222762157,6.59E-06,1.65E-12,4.60E-36,0,0.289426422,9.537644151
7.45E-05,0.706323739,0.022562352,4.28E-09,47674.04257,8.25E-08,2.21E-09,1.64E-18,9.95E-07,0.937441602,5.669272871,12.68494062,1.620446667,0.000123847,3.86E-18,1.525684626,10.97301347
5.52E-05,0.856143235,0.020554171,6.82E-10,10347.56726,3.88E-07,2.20E-09,1.52E-18,5.49E-07,1.206762664,2.510409335,5.634997563,8.397065155,4.55874433,0.631316631,5.267189892,15.87970157
3.32E-05,0.886308272,0.033598621,4.62E-09,43089.33102,1.18E-07,1.26E-09,3.44E-18,4.03E-07,13.84277572,4.760077194,0.000306941,7.18E-11,2.13E-33,0,0.000481049,9.290122239
1.53E-05,0.900279194,0.061915041,2.91E-09,6938.96503,2.10E-08,1.49E-09,2.52E-18,5.27E-07,11.11522148,26.44247081,1.96459162,8.66E-07,1.27E-27,0,0.146828707,9.480052919
6.60E-05,0.745496106,0.05392366,1.16E-09,44299.50655,1.76E-07,8.38E-10,1.53E-18,6.62E-07,0.26371337,0.514884944,1.04662125,2.341364093,3.920325081,2.485960108,6.307483643,17.35978875
1.03E-05,0.737871833,0.074082902,4.03E-09,43708.48654,1.45E-07,1.95E-09,1.38E-18,8.27E-07,0.728289332,2.458419714,10.59067922,5.031889018,0.041936016,4.51E-08,1.690345215,11.20384221
7.81E-05,0.885156315,0.037758477,1.88E-09,32029.45859,1.16E-07,7.98E-10,2.33E-18,3.03E-07,0.408380526,0.968714977,2.613236849,7.606934571,4.710187739,0.043453648,3.709188177,13.69985727
9.95E-05,0.86410014,0.065954072,3.30E-09,47493.48677,1.60E-07,6.55E-10,3.08E-18,5.68E-07,0.404315681,2.90477601,9.443098576,1.861849806,0.000257612,2.71E-14,1.182259942,10.57068623
1.42E-05,0.591380341,0.048453615,1.64E-09,26973.03329,1.04E-07,2.73E-09,3.65E-18,8.87E-07,1.693533898,8.62792398,16.19487067,1.403758817,4.09E-06,4.21E-27,1.484910983,11.00464621
7.62E-05,0.685933937,0.072511124,4.05E-09,22040.21377,5.51E-08,1.32E-09,2.55E-18,5.31E-07,6.605379666,16.86220458,1.853619608,8.62E-06,1.44E-25,0,0.233830045,9.607424628
5.71E-05,0.52738272,0.066177072,1.40E-09,26513.82816,2.20E-07,1.91E-09,2.10E-18,8.81E-07,0.879369265,1.632905924,2.948186491,4.806439092,2.959701832,0.244406481,4.213610671,14.41995683
8.80E-05,0.506247129,0.039931968,4.51E-09,18851.56633,3.36E-07,2.39E-09,1.66E-18,8.12E-07,14.3588396,10.22109439,0.193652901,8.16E-05,1.37E-08,6.79E-13,0.342853248,9.733040118
6.37E-05,0.622434132,0.077779242,4.20E-09,17790.00015,1.73E-07,2.17E-09,1.92E-18,9.79E-07,14.70706927,12.41475966,0.226136363,1.39E-05,5.33E-25,0,0.069058942,9.498686366
4.02E-05,0.593465381,0.058207563,3.69E-09,36825.9599,2.90E-07,1.23E-09,1.90E-18,8.59E-07,0.670976245,4.253763608,10.31736377,1.725180028,0.002097264,9.21E-12,1.091657361,10.55713921
1.93E-05,0.789253116,0.042260606,1.79E-09,47127.90859,3.56E-07,7.45E-10,2.83E-18,9.31E-07,0.286168553,0.693123086,1.97655822,6.776458494,3.521615482,0.031238717,2.834788559,12.60222829
2.93E-05,0.747770203,0.021413375,2.25E-09,19182.72004,1.57E-07,1.72E-09,2.67E-18,6.89E-07,1.56691545,9.149634971,14.35330419,0.801465981,1.24E-05,4.07E-26,1.198825317,10.71880124
6.99E-05,0.763322451,0.049350186,3.53E-09,41152.26095,6.67E-09,5.38E-10,1.63E-18,6.96E-07,0.303845869,0.695613045,1.775512546,5.624197567,6.633400545,0.07798793,4.087165341,14.15556062
1.09E-05,0.785361486,0.01935819,3.64E-09,48347.83052,3.50E-07,6.92E-10,2.73E-18,7.12E-07,0.414526269,3.997498605,8.447281836,0.678238538,0.000223661,5.54E-14,0.741437336,10.23365228
3.49E-05,0.749018473,0.056899749,1.57E-09,25518.95564,3.53E-07,7.02E-10,3.28E-18,7.63E-07,0.457923207,1.175976726,4.445632452,8.880136861,1.414899324,0.000286053,2.49044228,12.16247609
4.29E-05,0.780128202,0.073569251,3.41E-09,7367.739816,1.79E-07,2.82E-09,1.59E-18,7.36E-07,19.86473034,16.61289167,0.490729998,4.31E-05,2.31E-24,0,0.037507227,9.480241749
2.51E-05,0.732188866,0.021263227,3.23E-09,15556.01448,2.85E-07,1.47E-09,2.66E-18,5.64E-07,12.64271634,12.28415333,0.258640025,2.49E-05,1.66E-24,0,0.020167453,9.521599605
2.33E-05,0.74250864,0.045201679,4.61E-09,46705.08821,4.52E-08,6.79E-10,2.80E-18,8.35E-07,0.554496212,7.104809033,8.7637808,0.05397178,8.44E-09,2.04E-31,0.653074896,10.08069671
8.53E-05,0.695164916,0.030674219,4.05E-09,13136.25725,1.03E-08,2.44E-09,1.85E-18,2.75E-07,8.420376308,26.50670686,3.313267976,2.64E-06,9.30E-27,0,0.566498117,9.849354333
9.61E-05,0.526226784,0.019863236,1.53E-09,49302.17151,3.42E-07,5.62E-10,1.55E-18,9.44E-07,0.217183265,0.413718821,0.75490443,1.383505762,2.329113507,1.757688472,6.197643272,17.16790947
6.69E-05,0.675639913,0.070295273,3.54E-09,15649.28571,4.81E-08,1.68E-09,2.85E-18,8.56E-07,17.36635798,13.62867125,0.026875598,6.55E-09,5.33E-31,0,0.079631968,9.364208205
9.41E-05,0.553381135,0.016131597,2.37E-09,27279.55288,2.38E-07,3.67E-10,1.53E-18,5.38E-07,0.238403133,0.487717137,1.053232476,2.575714226,3.984310478,1.101405571,4.635036382,14.96026348
8.74E-05,0.625985445,0.02884336,2.70E-09,48128.1999,2.73E-07,1.64E-09,2.50E-18,6.28E-07,0.665264968,3.254837211,10.89341308,3.019172266,0.005477102,4.95E-10,1.696801431,11.16737232
9.42E-05,0.548318188,0.015079969,1.33E-09,29959.07255,3.56E-07,1.48E-09,2.05E-18,5.74E-07,0.605958446,1.164035349,2.285021243,4.33034718,3.496092079,0.464974203,5.047578343,15.53409985
6.85E-05,0.51816501,0.042007892,3.31E-09,33475.3533,3.31E-07,1.16E-09,1.15E-18,9.10E-07,0.459606484,1.050227856,3.026277865,6.172324533,2.286458076,0.010206998,2.931533291,12.71595072
5.61E-05,0.687511328,0.02446148,4.88E-09,27401.30765,2.25E-07,1.98E-09,2.73E-18,7.01E-07,12.77543461,0.077887418,2.01E-06,9.86E-14,2.08E-38,0,0.192526453,9.431294685
6.47E-05,0.579566772,0.065354773,1.37E-09,28579.16095,1.54E-07,2.70E-09,1.30E-18,6.38E-07,0.938764973,1.667173179,2.778172349,4.237161089,3.347368279,0.716876466,5.441877472,16.13567435
9.01E-05,0.593074498,0.056139131,6.19E-10,11226.50891,1.14E-07,1.32E-09,2.77E-18,9.80E-07,1.257829871,2.160326784,3.240663921,4.178465998,3.219468172,0.796974115,6.682683826,17.82945619
1.80E-05,0.86676762,0.011283643,3.04E-09,6285.509791,3.55E-07,1.96E-09,1.69E-18,4.56E-07,12.90856229,18.56419851,1.317390021,0.001443759,3.39E-12,7.51E-41,0.098918595,9.625974531
3.27E-05,0.77743821,0.015723041,3.07E-09,19215.43669,1.69E-07,2.66E-09,1.97E-18,2.64E-07,3.941116448,17.72241323,6.767012228,0.03000688,2.06E-08,2.67E-31,0.504606419,10.06702812
2.62E-05,0.515124629,0.076372659,2.06E-09,31446.41336,3.13E-07,1.01E-09,3.69E-18,5.59E-07,0.704721026,4.384298481,11.35343881,1.914223662,0.000429017,2.41E-08,1.175477737,10.67074444
5.86E-05,0.678384287,0.064642884,4.45E-09,33516.80051,3.05E-07,1.75E-09,1.44E-18,3.56E-07,0.980767722,7.240798744,9.877902401,0.601671149,0.000375596,1.82E-13,0.903110809,10.35315922
6.10E-05,0.899761028,0.030404382,1.03E-09,43813.39232,1.69E-07,2.69E-09,1.84E-18,3.93E-07,0.593835371,1.297780632,3.073978308,6.455311976,6.071820676,1.256070911,5.425903503,16.05535986
4.19E-05,0.665465068,0.047796411,1.83E-09,49548.81069,3.95E-07,9.52E-10,2.23E-18,2.74E-07,0.297388388,0.699588299,1.884601101,5.619796149,4.515128037,0.160875049,3.238666552,13.12694331
4.45E-05,0.716291045,0.053992551,2.99E-09,12984.06381,6.46E-08,4.35E-10,2.31E-18,8.33E-07,0.679561177,2.053682622,11.29652503,5.767250209,0.007557349,1.56E-11,1.871343858,11.39499247
3.30E-05,0.544135708,0.028333186,2.03E-09,27838.62103,2.04E-07,2.88E-09,2.02E-18,8.53E-07,1.228690425,3.107863975,9.669951019,6.167774736,0.322591306,7.95E-08,2.46795305,12.14840324
1.94E-05,0.503192257,0.031875866,3.90E-09,30542.09942,3.98E-08,5.93E-10,2.91E-18,5.45E-07,0.635870094,5.870423623,11.35287966,0.305169518,7.12E-07,1.54E-08,0.888099677,10.31761326
7.83E-05,0.684798642,0.0336507,2.41E-09,43478.19887,7.84E-08,1.70E-09,1.28E-18,5.47E-07,0.509377178,1.067659072,2.482519069,5.756717675,4.934598171,0.448629286,4.647847997,14.96896312
8.76E-05,0.713389218,0.023824722,1.30E-09,16381.87115,1.88E-07,4.11E-10,3.36E-18,5.74E-07,0.405370186,0.946343283,2.539072803,7.325634568,4.696286699,0.045927953,3.926945935,13.96783526
1.82E-05,0.606101793,0.073078154,2.06E-09,25452.52947,2.01E-08,1.66E-09,2.13E-18,5.07E-07,0.986328185,1.93147177,4.191605586,8.194672992,2.340584848,0.002983484,3.731748722,13.72232682
5.09E-05,0.721968669,0.024376924,2.46E-09,15386.04483,2.27E-07,1.73E-09,1.65E-18,8.60E-07,1.335897263,4.261564258,13.54537901,5.368368784,0.034240664,2.34E-08,2.092791458,11.65904231
8.85E-05,0.69675675,0.015655959,2.35E-09,17542.66121,2.14E-07,1.16E-09,1.03E-18,6.47E-07,0.635655203,1.402176446,3.523436394,7.061757667,4.008160022,0.219093392,4.204204182,14.37171469
3.61E-05,0.795439536,0.013149421,4.97E-09,11489.72373,1.06E-07,8.04E-10,1.82E-18,2.98E-07,7.172665498,15.5512346,1.321753135,0.00015178,8.34E-15,0,0.099100151,9.652849355
1.60E-05,0.519051267,0.051557731,1.54E-09,23265.97508,1.31E-08,1.37E-09,3.54E-18,2.62E-07,1.100679112,2.052117676,3.906011412,6.820323763,1.751320699,2.83E-06,3.382663635,13.26433999
7.92E-05,0.743967278,0.069211499,3.17E-09,16863.88273,1.74E-07,1.51E-09,2.22E-18,7.82E-07,3.071905775,15.86802301,6.311047432,0.026260814,1.99E-08,3.41E-31,0.574891338,10.04321045
2.85E-05,0.84734166,0.079127607,2.86E-09,46048.35165,6.18E-08,2.64E-09,1.71E-18,7.37E-07,0.861098263,2.312771751,9.112259724,9.756837012,0.256168741,2.50E-07,2.509652623,12.17808056
2.91E-05,0.54445091,0.041734656,9.47E-10,35975.33402,5.35E-08,4.74E-10,1.14E-18,8.00E-07,0.285769514,0.52328907,0.885667884,1.311018226,1.690609205,1.554667313,8.946568627,21.4396538
1.24E-05,0.75838735,0.029555534,3.58E-09,16639.36751,8.04E-08,2.45E-09,1.38E-18,3.64E-07,2.105458511,10.40893864,15.73178971,1.019643478,2.91E-05,1.70E-25,1.339767109,10.86579419
1.11E-05,0.738839593,0.050437357,4.84E-09,9176.836963,3.68E-07,6.52E-10,1.58E-18,6.09E-07,5.436491965,13.35247016,1.843978346,0.005336358,9.50E-09,1.68E-31,0.138572507,9.748974609
8.73E-05,0.612714616,0.015571212,2.37E-09,21127.64592,2.38E-07,1.45E-09,1.79E-18,2.62E-07,0.862556893,2.314254057,8.715161384,7.887558199,0.246477064,3.56E-06,2.696862602,12.38228335
9.06E-05,0.566824605,0.021699439,1.89E-09,22796.04298,1.05E-07,1.65E-09,3.71E-18,5.15E-07,1.475685028,9.433172005,14.68830226,0.482669797,2.28E-06,2.74E-27,1.595808566,11.05199382
5.73E-05,0.546101309,0.038646568,1.09E-09,23401.51098,3.86E-07,1.05E-09,3.82E-18,4.48E-07,0.641897771,1.3868372,3.627047582,6.917892572,2.272789435,0.008659406,3.395107521,13.31690625
9.51E-05,0.648653125,0.067010031,4.44E-09,18908.48257,3.19E-07,4.44E-10,1.36E-18,3.51E-07,0.418565256,1.234979282,6.998638429,5.277037298,0.148444516,1.02E-05,1.717443819,11.19618083
9.92E-05,0.537601491,0.027889922,1.12E-09,44816.17991,2.49E-07,3.94E-10,2.78E-18,2.73E-07,0.210677169,0.403354113,0.739477572,1.318544212,2.275989099,1.922117179,6.418705023,17.44483063
5.44E-05,0.60773204,0.023048452,4.58E-09,13154.79096,6.57E-08,2.36E-09,2.51E-18,4.40E-07,15.44200487,0.035372966,3.47E-08,1.28E-28,0,0,0.224573153,9.466443444
2.48E-05,0.571276637,0.079012553,2.19E-09,13076.70398,2.52E-07,2.57E-09,3.29E-18,7.00E-07,18.01474512,14.53217794,0.238889442,3.79E-06,3.57E-26,0,0.018660194,9.443211099
7.24E-05,0.673762001,0.03394521,2.13E-09,12130.81427,2.63E-07,2.14E-09,1.23E-18,6.70E-07,1.410125239,3.492425057,9.339037067,8.39491644,0.83393358,0.00013734,3.109394956,12.93991081
7.31E-05,0.852475869,0.042097996,9.74E-10,45355.57028,9.74E-08,2.52E-09,1.30E-18,5.99E-07,0.534312589,1.033675824,2.157102371,4.502461283,5.282545632,2.064853853,6.720266447,17.90237819
2.61E-05,0.725173542,0.054441399,2.39E-09,15919.3289,2.95E-08,1.24E-09,2.03E-18,3.18E-07,1.128707752,3.004956953,11.26663361,10.18045851,0.060248856,3.37E-09,2.740354472,12.45852967
8.39E-05,0.873444323,0.022422858,2.59E-09,45071.14816,1.22E-07,2.46E-09,2.19E-18,7.50E-07,0.907654392,3.030277255,12.61493329,5.184561789,0.011173563,7.05E-10,2.142090396,11.70297732
9.83E-05,0.878629487,0.074782214,7.56E-10,26802.13736,4.38E-09,9.19E-10,1.31E-18,7.41E-07,0.503474858,0.909311966,1.571849506,2.778756123,4.107960802,2.825326724,9.414432192,21.63572172
9.23E-05,0.877173991,0.059257609,2.30E-09,24297.07372,7.13E-08,3.87E-10,2.87E-18,9.18E-07,0.351286909,0.876390343,3.040436636,9.271963444,1.91641234,6.39E-05,2.833304685,12.56716766
7.36E-05,0.628178549,0.014565554,2.20E-09,33904.25259,3.69E-07,1.51E-09,1.69E-18,9.45E-07,0.549051778,1.340874148,4.159967266,8.256927167,1.994427139,0.00480786,3.110745532,12.92143948
9.22E-05,0.600869837,0.048032815,4.42E-09,45443.48815,1.43E-07,4.79E-10,1.10E-18,8.03E-07,0.198553884,0.45871031,1.21893201,4.164096102,4.499974977,0.27452571,3.326183514,13.20808041
5.37E-05,0.613439446,0.012152526,7.06E-10,26077.06758,1.74E-08,2.24E-09,2.03E-18,2.66E-07,1.090903492,1.871488156,2.792409432,3.50651381,3.144614512,1.203761052,9.6383915,22.05575678
9.56E-05,0.619256535,0.039356718,4.46E-09,10510.06916,8.70E-08,6.44E-10,3.37E-18,3.86E-07,17.5399992,0.526713385,1.04E-07,3.02E-20,0,0,0.33558459,9.588376286
4.04E-05,0.603419361,0.037377163,1.98E-09,19077.15813,1.80E-07,7.19E-10,1.11E-18,7.74E-07,0.459810506,0.879561399,1.727639634,3.497654608,3.937797942,1.117121786,5.01633366,15.56188532
9.02E-05,0.881696796,0.071574915,1.48E-09,34149.83534,2.84E-07,1.50E-09,2.17E-18,7.07E-07,0.539608376,1.279944711,3.410831488,8.018584554,4.477251526,0.086456751,3.718268891,13.74001377
1.22E-05,0.798201926,0.06662998,2.93E-09,15304.18882,4.00E-07,2.28E-09,3.97E-18,5.34E-07,8.172903849,0.006009821,1.09E-07,2.39E-27,0,0,3.95033E-05,9.222095629
2.69E-05,0.549483963,0.03060252,4.58E-09,36282.24215,5.12E-09,1.03E-09,1.80E-18,5.31E-07,0.678923801,1.87573892,11.54790067,6.050566017,0.000180403,3.41E-07,2.007897327,11.54665169
4.12E-05,0.528993223,0.077860561,2.62E-09,38540.98223,1.57E-07,4.46E-10,1.08E-18,8.00E-07,0.226409542,0.433637841,0.810047002,1.57150124,2.668165172,1.73235972,5.060478606,15.62024069
4.18E-05,0.905493933,0.026124114,1.63E-09,29383.73117,1.19E-07,3.17E-10,2.47E-18,3.83E-07,0.211170075,0.468587335,1.123888292,2.955042308,5.664577576,1.75719546,4.599406077,14.92374866
8.15E-05,0.554610365,0.061173414,3.18E-09,27799.37194,1.30E-07,1.46E-09,2.59E-18,4.88E-07,1.474771599,12.86938824,8.045768036,0.052246572,7.59E-07,3.40E-28,0.793768702,10.16133796
7.50E-05,0.739500669,0.054125173,3.27E-09,25611.10374,3.17E-07,2.65E-09,3.46E-18,5.47E-07,17.46279807,0.516667501,3.93E-05,6.55E-12,1.22E-35,0,0.143533508,9.377603752
7.17E-05,0.834076264,0.072422825,3.70E-09,29271.46813,4.89E-08,1.56E-09,2.27E-18,9.87E-07,1.336142093,11.97165883,10.65186272,0.063298476,1.73E-08,2.74E-31,0.850581343,10.2952263
2.07E-05,0.608991843,0.051908476,1.36E-09,43646.15907,3.35E-07,1.63E-09,3.17E-18,9.89E-07,0.542923466,1.275132475,3.874182485,8.326983107,2.202867775,0.001348138,2.977837342,12.79140345
7.19E-05,0.530663307,0.027004994,4.49E-09,8543.120188,1.13E-07,6.12E-10,1.35E-18,8.24E-07,1.258028758,7.667111945,12.77958492,0.956278548,0.000110229,5.31E-09,1.45138072,10.88617118
6.01E-05,0.890101292,0.075773333,2.24E-09,23860.52855,3.25E-07,4.03E-10,2.38E-18,3.07E-07,0.304836121,0.758359829,2.509940442,7.441340825,2.4308695,0.007305476,2.529989633,12.2150504
2.11E-05,0.86915435,0.037917589,9.35E-10,31782.37243,1.14E-07,1.80E-09,1.93E-18,3.97E-07,0.576596006,1.182915034,2.651949844,5.628591786,5.909392827,1.633969434,5.914135384,16.74854559
1.33E-05,0.858006844,0.019515823,1.26E-09,25767.66248,3.58E-07,9.45E-10,2.74E-18,7.61E-07,0.482857903,1.144989945,3.064097444,7.661221032,4.562411846,0.088701874,3.558075979,13.53995031
2.29E-05,0.516935155,0.058366885,4.05E-09,12878.1268,2.14E-07,1.17E-09,3.24E-18,3.61E-07,11.75622764,0.031578507,2.17E-05,6.31E-07,9.33E-12,2.68E-37,0.000105092,9.225339813
2.06E-05,0.567460005,0.059612148,2.47E-09,27682.36936,2.37E-07,1.59E-09,3.20E-18,8.35E-07,1.801117157,13.29441559,7.316929966,0.049103191,7.62E-08,5.27E-30,0.547815572,10.11586879
7.43E-05,0.57658718,0.076873421,2.80E-09,18270.95762,3.81E-07,1.97E-09,1.01E-18,4.83E-07,0.962462804,2.307403115,6.53615615,7.249748701,1.133767857,0.000789654,2.721624639,12.46714748
9.66E-05,0.654065018,0.040575945,2.84E-09,9702.973664,1.39E-07,2.05E-09,1.40E-18,7.88E-07,2.375592736,9.746821033,16.26989957,1.989201904,0.000450389,2.56E-14,1.900815951,11.42446309
5.75E-05,0.635037773,0.047129495,8.27E-10,10267.27721,2.95E-07,5.75E-10,3.29E-18,2.95E-07,0.68386526,1.317978104,2.656369487,5.214385776,4.278810502,0.489081225,4.836240601,15.25099218
9.27E-05,0.884816878,0.026795578,4.66E-09,8655.972639,2.26E-08,1.66E-09,1.35E-18,6.81E-07,5.279566992,23.48027489,6.896407262,0.001013044,1.76E-13,2.04E-43,0.813416777,10.15282727
7.70E-05,0.698735103,0.058924748,4.54E-09,36133.97421,3.02E-07,2.73E-09,3.69E-18,8.29E-07,1.473458033,1.28E-06,1.58E-12,2.67E-34,0,0,0.134620382,9.367842764
2.01E-05,0.814452532,0.01989184,4.31E-09,21992.41556,3.34E-07,6.17E-10,1.14E-18,9.42E-07,0.426105973,1.146386335,5.005447204,7.084179104,0.60915331,0.00043221,1.880034217,11.410727
4.91E-05,0.561821178,0.074211879,4.92E-09,38876.28933,3.39E-07,1.49E-09,3.64E-18,9.20E-07,5.968290516,0.000535322,1.23E-09,3.45E-24,0,0,0.033548937,9.257263559
2.02E-05,0.761973138,0.06842863,4.39E-09,10333.55905,2.55E-07,2.69E-09,1.15E-18,2.90E-07,9.361118287,18.62607905,2.319915877,0.006518741,2.31E-09,3.64E-33,0.173436777,9.732072868
2.10E-05,0.860599103,0.054836616,2.08E-09,10452.1505,2.15E-07,1.47E-09,2.88E-18,9.90E-07,3.375373963,17.67113912,8.318659255,0.043490392,2.54E-08,3.58E-31,0.621630088,10.17174861
6.87E-05,0.770342432,0.075487764,2.53E-09,25317.61888,8.63E-08,1.81E-09,3.66E-18,3.46E-07,5.053224439,18.15623838,3.577501568,7.55E-05,3.87E-16,0,0.312669452,9.724115168
4.82E-05,0.865702274,0.016416533,4.92E-09,12733.79502,3.82E-07,1.42E-09,3.51E-18,6.15E-07,6.20E-05,1.44E-10,2.13E-17,1.22E-41,0,0,0.06319804,9.289678512
6.84E-05,0.898449524,0.03561456,4.15E-09,21273.80578,3.14E-07,4.60E-10,1.20E-18,5.78E-07,0.346722041,0.898832448,3.616901257,7.153484935,1.269555873,0.002294384,2.190664867,11.77972585
6.32E-05,0.711455286,0.061367019,1.82E-09,8333.898168,1.90E-07,7.39E-10,3.47E-18,9.02E-07,1.640143578,10.53615148,13.63188464,0.458276639,2.20E-06,1.65E-27,1.179602866,10.62428997
1.72E-05,0.710025344,0.011935893,1.14E-09,19876.40957,9.81E-08,1.00E-09,1.37E-18,3.02E-07,0.57586856,1.05532682,1.913063407,3.634891897,4.303285417,1.685429993,6.723258372,17.92617145
7.15E-05,0.55270264,0.050646054,3.26E-09,47538.2013,3.27E-07,1.65E-09,2.21E-18,8.98E-07,0.723784854,5.068243966,10.46238003,1.144246609,0.000683015,4.35E-10,1.184829192,10.57688906
6.80E-05,0.5437278,0.03825616,2.90E-09,20883.21798,1.39E-07,1.77E-09,3.72E-18,5.55E-07,17.90159658,8.628219045,0.009868659,4.54E-06,1.66E-10,3.43E-35,0.259642614,9.538837788
8.68E-05,0.68566567,0.017100236,4.80E-09,32144.93221,3.64E-07,1.05E-09,2.00E-18,3.49E-07,3.143350777,11.21783358,2.473832728,0.006475185,3.16E-08,3.00E-30,0.578737935,10.00311769
1.17E-05,0.8569986,0.072978581,3.72E-09,31473.84931,4.73E-08,2.47E-09,1.41E-18,4.34E-07,1.200287691,3.955362815,14.69890234,5.118822221,0.00389452,8.02E-12,1.992281851,11.55509793
2.49E-05,0.894401163,0.053007946,4.63E-09,28004.12499,3.85E-07,1.35E-09,3.77E-18,7.69E-07,3.861567232,4.11E-05,1.21E-10,1.77E-31,0,0,3.20887E-05,9.222204421
3.57E-05,0.848688215,0.011477472,3.95E-09,28195.40837,2.99E-07,1.15E-09,2.74E-18,9.41E-07,7.714538388,11.39802807,0.317319057,4.92E-05,3.14E-15,0,0.024481928,9.572431071
4.38E-05,0.656850378,0.036975193,3.54E-09,16450.11144,2.12E-07,5.99E-10,2.97E-18,9.99E-07,4.189165683,13.0794807,2.339442385,0.000683666,6.28E-11,2.63E-35,0.234018767,9.736401335
2.67E-05,0.880035984,0.065005345,8.65E-10,49822.35699,3.61E-07,1.02E-09,4.00E-18,9.75E-07,0.318841164,0.719809718,1.779036026,4.60369393,6.144979162,0.942140445,4.372892048,14.62422195
4.89E-05,0.541250917,0.075342078,6.14E-10,30765.32579,2.88E-07,1.09E-09,1.74E-18,3.65E-07,0.491743854,0.877459491,1.413614109,2.019044937,2.400552835,1.458452763,7.06469834,18.54366537
8.36E-05,0.737508729,0.012042217,4.55E-09,40732.58008,8.61E-08,9.63E-10,1.28E-18,9.00E-07,0.431045237,1.137574033,5.042950079,8.418669143,0.795605478,3.71E-05,2.564260926,12.21533235
9.01E-05,0.689149367,0.043060956,4.01E-09,46604.4302,1.85E-07,1.55E-09,3.75E-18,8.31E-07,14.11173688,4.205997614,0.0003841,1.94E-10,1.12E-32,0,0.267300968,9.534154393
1.99E-05,0.531820197,0.05431868,3.07E-09,42916.30335,2.04E-07,1.04E-09,1.68E-18,5.94E-07,0.408723383,0.99290278,3.719228203,7.165698251,1.601932411,0.000685097,2.419730748,12.08361824
1.38E-05,0.808902181,0.046525733,3.96E-09,41805.80534,2.71E-07,3.00E-09,1.99E-18,3.40E-07,5.134298395,14.4592,2.632546404,0.004627608,2.56E-09,1.25E-32,0.195404253,9.795032991
7.50E-05,0.547225111,0.075594579,3.88E-09,8521.589683,3.99E-07,1.99E-09,1.96E-18,4.75E-07,20.69426985,1.887438635,0.003959503,2.17E-08,4.57E-30,0,0.095135683,9.357354672
3.35E-05,0.779018738,0.01448599,3.47E-09,41373.928,1.31E-07,2.98E-09,1.64E-18,2.59E-07,1.178470965,5.933013158,13.48873669,2.261981006,0.000763324,3.53E-13,1.394466125,10.91469109
6.96E-05,0.818130352,0.065510725,3.93E-09,47448.46355,2.82E-07,4.49E-10,1.79E-18,3.48E-07,0.212881636,0.553180605,2.750121927,6.395527513,1.135379088,0.001026848,1.887915596,11.41244298
7.90E-05,0.724214111,0.010087016,1.62E-09,45628.70275,8.27E-08,1.39E-09,2.27E-18,9.70E-07,0.457412236,0.98878175,2.416090524,6.135480665,5.578727482,0.330636212,4.716118029,15.01818988
5.56E-05,0.637656044,0.078554408,4.73E-09,7072.132703,1.45E-07,8.58E-10,1.20E-18,6.86E-07,2.540417395,14.50931306,8.507998734,0.137191348,1.94E-06,1.52E-27,0.690382923,10.21062708
4.24E-05,0.838657696,0.050392095,4.17E-09,7866.365568,3.49E-07,2.81E-09,2.47E-18,7.14E-07,0.124269063,3.06E-05,9.93E-11,3.18E-32,0,0,5.99894E-06,9.220617238
6.24E-05,0.572527323,0.039224386,1.58E-09,30973.25032,2.66E-07,1.24E-09,1.63E-18,8.71E-07,0.508088204,0.976040875,1.91701607,3.792002515,3.835766193,0.766681086,4.801323645,15.23122389
3.09E-05,0.827241788,0.055384055,3.96E-09,28055.11703,2.35E-07,1.73E-09,2.41E-18,3.11E-07,8.886142319,12.91860178,0.416556637,6.31E-05,2.76E-15,0,0.031682047,9.578517828
8.81E-05,0.507766892,0.053410954,3.22E-09,28732.47181,1.40E-07,2.07E-09,2.33E-18,5.52E-07,2.208177341,14.63209001,7.391269269,0.037853982,1.65E-07,9.94E-10,0.807829265,10.17223824
8.87E-05,0.592036422,0.035862677,7.90E-10,16551.13921,4.22E-08,2.70E-09,3.99E-18,8.79E-07,1.856304594,3.21642739,5.168368441,6.60164605,2.357849232,0.036777456,5.178533502,15.6203452
4.50E-05,0.743402622,0.016776102,4.65E-09,27535.58457,1.59E-07,9.13E-10,2.14E-18,7.73E-07,2.342757882,12.34678041,3.979267362,0.007460456,6.19E-09,1.08E-31,0.372762049,9.877702637
7.44E-05,0.781210027,0.014354795,2.20E-09,37374.23307,3.85E-07,8.90E-10,1.73E-18,9.16E-07,0.339931488,0.809835623,2.211220101,6.266310018,4.117687608,0.106345747,3.359172088,13.24787086
7.60E-05,0.756773813,0.056970598,3.19E-09,33389.22635,1.66E-07,2.96E-09,3.94E-18,3.66E-07,18.96651576,1.268155425,5.33E-06,2.59E-17,0,0,0.129567882,9.362308692
4.33E-05,0.558540473,0.077192985,3.02E-09,17074.84661,4.44E-08,6.69E-10,1.13E-18,6.84E-07,0.614935509,1.173738539,2.165836892,4.039324146,3.836092657,0.503902898,4.456293334,14.73499565
3.25E-05,0.636358818,0.045636984,2.31E-09,16721.30087,3.34E-07,4.27E-10,2.53E-18,7.85E-07,0.455852603,1.247945643,6.234096529,7.43955784,0.348971642,1.10E-05,1.92527754,11.46936649
5.05E-05,0.820299643,0.015984201,3.89E-09,48260.2147,8.34E-08,7.79E-10,1.19E-18,3.34E-07,0.284803189,0.671186046,1.801197959,5.71199436,4.869957259,0.143938263,3.36929152,13.27944002
7.12E-05,0.518376642,0.067548936,3.71E-09,46148.03719,2.96E-07,1.04E-09,3.44E-18,2.55E-07,4.592952713,11.16450854,0.915433346,7.89E-05,2.88E-07,3.16E-10,0.211022897,9.658533474
3.02E-05,0.816404986,0.011889506,3.25E-09,25735.84896,1.66E-07,9.05E-10,3.71E-18,8.47E-07,6.267367848,13.52207336,0.726933963,6.78E-06,3.34E-19,0,0.054861046,9.550758008
5.34E-05,0.819521251,0.071208714,2.88E-09,32913.54805,1.92E-07,1.77E-09,1.56E-18,9.33E-07,0.74038755,2.013291569,8.001387086,8.398919257,0.371587661,1.08E-05,2.247809424,11.85905516
1.34E-05,0.855186092,0.0103044,3.63E-09,35815.87881,2.92E-07,1.28E-09,2.16E-18,7.32E-07,0.829393037,7.690398435,8.951307705,0.329868115,4.00E-05,6.57E-25,0.717462521,10.25854354
6.38E-05,0.528084558,0.024309452,1.15E-09,24865.65017,3.26E-07,8.94E-10,3.34E-18,5.86E-07,0.555078776,1.100277685,2.263208932,4.79011859,3.349877396,0.218311378,4.277765525,14.48353456
8.12E-05,0.75589845,0.011350639,2.44E-09,20147.31113,1.29E-07,2.74E-09,1.56E-18,9.61E-07,1.532415808,4.438216799,14.39030835,6.754321063,0.047486797,1.98E-08,2.64684691,12.32041908
4.47E-05,0.572070253,0.041300217,4.29E-09,39087.40362,1.38E-08,2.51E-09,3.82E-18,5.49E-07,21.07290373,2.474264672,1.77E-05,1.30E-24,0,0,0.103559148,9.333834435
5.25E-05,0.533755952,0.076533922,3.57E-09,23985.56947,1.29E-07,1.17E-09,1.59E-18,9.76E-07,0.789301254,2.732792085,10.76877186,4.812080853,0.020286136,4.51E-08,1.79326486,11.30733921
2.19E-05,0.539595643,0.073212773,4.36E-09,39967.55502,3.36E-08,2.31E-09,1.10E-18,8.22E-07,0.858773421,1.934270331,6.031179688,7.415651352,1.027852751,5.27E-07,2.744821789,12.48767748
3.81E-05,0.862092308,0.022107003,3.12E-09,6790.325445,3.67E-07,2.04E-09,1.41E-18,3.45E-07,6.75233277,19.25879199,5.348089374,0.035913322,1.31E-07,6.66E-30,0.402057023,9.925158923
7.19E-05,0.516461986,0.063716981,1.47E-09,33841.23342,1.91E-07,5.10E-10,2.68E-18,6.08E-07,0.322341992,0.624325178,1.171580825,2.239827014,3.360385579,1.177109271,4.730831,15.10223908
8.54E-05,0.88037684,0.055614008,1.84E-09,44251.59309,3.49E-07,1.58E-09,3.35E-18,5.44E-07,0.643988748,2.123481395,10.23793402,5.222009508,0.035727965,1.94E-08,1.843060588,11.35398393
7.58E-05,0.784447856,0.033390364,2.25E-09,15265.21375,2.30E-07,2.91E-09,3.10E-18,3.43E-07,14.7400718,17.29924412,0.54263887,1.88E-05,5.91E-25,0,0.276881205,9.663062649
4.67E-05,0.803936491,0.035542667,1.50E-09,24984.82297,2.55E-07,2.67E-09,1.32E-18,6.96E-07,0.856001974,1.939335618,4.832175242,8.392703993,4.292439772,0.231012178,4.187490365,14.39060711
2.95E-05,0.765304396,0.049613857,2.33E-09,42340.49819,3.15E-07,1.06E-09,3.39E-18,2.83E-07,0.569465083,3.317695949,10.45687231,2.384613396,0.001572232,2.11E-12,1.192521269,10.67822459
7.63E-05,0.793813713,0.04448322,9.45E-10,23628.39081,1.95E-07,1.35E-09,2.46E-18,4.00E-07,0.613823159,1.286289068,3.006065374,6.37370886,5.646030538,0.762644453,5.173388917,15.69542069
1.66E-05,0.564101855,0.055455208,2.89E-09,36196.29724,3.35E-07,1.86E-09,1.28E-18,8.42E-07,0.615227782,1.493712783,4.898686187,7.443197244,1.424371266,0.001404899,2.523061504,12.2187046
1.45E-05,0.726581814,0.025445053,4.67E-09,12850.31914,3.90E-07,7.71E-10,1.21E-18,4.00E-07,0.98551206,6.155152897,10.29347632,0.961797755,0.001846235,2.06E-11,0.930277731,10.41432081
4.64E-05,0.831981076,0.074260699,1.80E-09,38405.83876,1.86E-07,1.11E-09,3.47E-18,5.25E-07,0.547422439,1.495842626,7.4464434,8.300117433,0.203545537,2.64E-07,2.107211658,11.68297978
1.00E-05,0.620122759,0.077582443,4.54E-09,36041.21657,3.09E-07,1.13E-09,1.46E-18,6.00E-07,0.59470431,3.338630878,9.605065655,2.26981672,0.008472294,5.51E-09,1.113368873,10.5851708
8.66E-05,0.649629523,0.032495465,1.49E-09,7044.280714,3.37E-07,2.39E-09,1.78E-18,4.92E-07,2.48421841,6.582272153,13.94561005,5.601187336,0.064335383,3.60E-08,2.778450194,12.51183512
4.62E-05,0.903887154,0.045859845,1.93E-09,20917.10955,1.16E-07,2.21E-09,2.61E-18,7.54E-07,1.537461011,5.803779572,16.46255474,3.65390745,0.000617223,7.80E-14,1.861628482,11.41086468
6.23E-05,0.753662624,0.068328035,4.39E-09,36683.42643,3.73E-07,2.10E-09,3.60E-18,8.14E-07,5.886567847,0.000682507,4.86E-09,3.28E-29,0,0,0.046590434,9.271519103
2.60E-05,0.639552262,0.071453829,2.85E-09,30826.36411,6.90E-08,2.95E-09,3.15E-18,2.56E-07,8.095184737,19.426982,1.876745093,7.40E-06,9.55E-26,0,0.139142143,9.571589309
6.14E-05,0.811176656,0.075164693,3.42E-09,9199.433474,2.09E-07,2.60E-09,1.16E-18,8.45E-07,3.485556064,16.38918551,11.47137104,0.309153183,1.53E-05,5.00E-26,0.927519722,10.40115593
3.97E-05,0.520276688,0.032318448,1.68E-09,9517.015679,1.63E-07,6.59E-10,1.58E-18,4.15E-07,0.844083554,1.54478984,2.656799769,4.147374224,3.071450499,0.402005758,4.829847177,15.29616793
5.23E-05,0.628863188,0.037595154,6.54E-10,10456.24326,1.48E-07,1.78E-09,3.02E-18,3.26E-07,1.550175948,2.675861135,4.291635616,5.787930533,3.280216562,0.356914077,5.794564022,16.57036032
7.76E-05,0.733070595,0.019076434,1.93E-09,36761.55283,2.94E-07,8.75E-10,1.25E-18,8.96E-07,0.293396784,0.633517823,1.509676515,3.692290386,4.943714538,1.470808065,4.738513297,15.1140752
3.39E-05,0.730890209,0.020877462,4.00E-09,38163.06599,3.83E-07,1.31E-09,3.19E-18,9.93E-07,11.80377509,5.970581589,0.013539568,3.76E-07,3.35E-27,0,0.001558068,9.420663866
8.96E-05,0.888018344,0.078882448,9.64E-10,41233.69204,1.96E-07,1.81E-09,1.45E-18,4.10E-07,0.42976151,0.897743601,2.022666653,4.453307695,5.469914323,2.179239032,6.058623784,17.00514391
8.73E-05,0.833204234,0.021803228,1.38E-09,25936.90114,1.96E-07,2.78E-09,1.64E-18,9.26E-07,0.926087733,2.149946801,5.439721485,9.428432882,4.136355828,0.104402148,4.427700741,14.65610896
6.03E-05,0.759906625,0.031569826,3.97E-09,48442.32543,1.60E-07,3.52E-10,1.55E-18,3.13E-07,0.165802015,0.395515321,1.097584699,4.634263604,3.927635873,0.097024171,2.756902536,12.48645649
4.56E-05,0.637990839,0.051949375,2.54E-09,29709.09652,6.99E-09,2.01E-09,3.73E-18,7.59E-07,1.903390867,17.76712179,9.437134791,8.90E-05,1.65E-16,0,0.749222246,10.06818731
6.56E-05,0.64098179,0.03374478,1.85E-09,37808.1751,4.86E-08,2.03E-09,1.22E-18,7.92E-07,0.693817978,1.276902812,2.24138987,3.959786172,4.103557073,1.113664815,6.14014706,17.04566611
2.03E-05,0.681488473,0.041483962,2.66E-09,21685.11563,9.84E-08,1.87E-09,3.12E-18,5.20E-07,4.883605213,18.45624662,4.256964304,0.000396101,4.00E-14,0,0.314504797,9.809318607
3.56E-05,0.650415168,0.04481731,3.65E-09,22762.89995,1.09E-07,1.15E-09,3.49E-18,9.83E-07,15.17785989,8.133751655,0.006867186,2.90E-09,3.75E-31,0,0.001333582,9.320587479
8.20E-05,0.795628973,0.064225412,3.71E-09,35796.1499,1.93E-07,2.13E-09,3.97E-18,4.55E-07,15.32893481,0.206490578,3.58E-07,2.02E-19,0,0,0.108650596,9.339407562
5.76E-05,0.583537039,0.027387172,6.25E-10,38048.78152,1.81E-07,1.14E-09,1.20E-18,9.50E-07,0.413106298,0.742524984,1.216856533,1.816813236,2.397152127,1.698642702,8.243864255,20.39817156
8.97E-05,0.680810535,0.037703224,1.65E-09,30207.34604,3.92E-07,5.25E-10,3.61E-18,7.28E-07,0.335642417,0.858515706,3.452955029,8.067102137,1.514249195,0.000472424,2.620235487,12.29397497
6.54E-05,0.586788102,0.040791159,1.69E-09,25839.8963,3.22E-07,8.01E-10,2.99E-18,9.56E-07,0.497511818,1.24985847,4.880001026,8.306796229,1.197829218,0.000114009,2.689045309,12.39374445
4.43E-05,0.797619056,0.070996674,2.07E-09,36520.78717,9.56E-08,1.07E-09,3.16E-18,7.77E-07,0.580744817,1.58290774,7.979126985,8.597472579,0.122673554,3.32E-08,2.165310903,11.74861894
9.90E-05,0.579174106,0.07818331,4.48E-09,25554.96145,9.01E-08,1.91E-09,3.67E-18,3.74E-07,8.382998771,0.000319004,2.01E-11,2.25E-33,0,0,0.112386309,9.343497459
2.76E-05,0.764885727,0.064509536,8.97E-10,44039.11371,1.02E-07,1.63E-09,3.37E-18,6.34E-07,0.515076264,1.046744621,2.346503937,5.361964093,5.917661532,0.84996114,5.175745851,15.6826986
3.05E-05,0.658273346,0.026967677,1.33E-09,16264.73425,1.34E-07,5.32E-10,3.15E-18,5.29E-07,0.510705092,1.121034258,2.827667519,7.395301811,4.129906286,0.042982555,3.769261402,13.8120757
9.19E-05,0.823985796,0.063211653,3.62E-09,20086.20329,7.51E-08,2.26E-09,3.45E-18,6.30E-07,21.4689682,0.9010284,4.15E-07,4.66E-27,0,0,0.132287445,9.365287285
7.27E-05,0.578091215,0.01092667,1.44E-09,41979.77909,2.31E-08,2.43E-09,3.11E-18,7.86E-07,0.955160026,1.806133803,3.463912255,6.667979586,2.949647224,0.020165781,5.056089506,15.4060772
3.01E-05,0.853714424,0.071266149,4.35E-09,16227.18992,2.81E-08,1.50E-09,3.94E-18,7.27E-07,9.850813649,6.82E-07,4.07E-14,9.89E-38,0,0,5.99071E-05,9.220715947
9.70E-05,0.830600092,0.076480672,7.48E-10,49009.86194,2.89E-07,2.85E-09,1.66E-18,5.11E-07,0.520853275,1.038740278,2.260284061,4.752910629,5.232409568,1.844214122,6.073347798,17.03571466
7.87E-05,0.666484205,0.03244413,3.40E-09,15826.01762,3.73E-07,1.71E-09,2.93E-18,9.98E-07,17.90400069,2.80358883,0.001729737,4.84E-09,9.93E-31,0,0.289317592,9.554295833
8.47E-05,0.640370189,0.059330414,1.28E-09,38969.79041,5.93E-08,2.86E-09,3.99E-18,8.65E-07,1.099152374,2.731828683,10.06496021,9.203716397,0.185986969,9.87E-11,2.953008343,12.71217997
2.77E-05,0.705438788,0.024169804,3.85E-09,24417.30818,3.08E-07,2.64E-09,1.21E-18,5.41E-07,1.45778412,7.345616434,12.47654824,1.365803367,0.001817676,1.31E-11,1.162409398,10.64913715
8.51E-05,0.776211317,0.046798738,3.51E-09,17638.34252,2.74E-07,2.28E-09,3.56E-18,8.43E-07,7.883253553,0.003446457,2.42E-08,2.05E-28,0,0,0.202759839,9.442516527
8.64E-05,0.771930309,0.035345768,2.67E-09,39783.33807,3.70E-07,2.29E-09,3.86E-18,6.52E-07,10.87323992,11.21737609,0.169599356,7.55E-06,2.49E-25,0,0.284898654,9.676391749
5.51E-05,0.610740847,0.05358853,2.31E-09,38007.11564,2.58E-07,2.76E-09,3.90E-18,8.64E-07,7.089874114,16.12203196,1.587823203,0.000118231,5.51E-15,0,0.224994374,9.670765829
7.35E-05,0.677349431,0.050112859,2.56E-09,9108.475504,3.03E-07,1.94E-09,1.96E-18,4.62E-07,4.858802286,18.65914631,6.8645328,0.049303421,1.07E-07,4.93E-30,0.698254716,10.09360715
3.99E-05,0.774908792,0.062826355,3.18E-09,7581.035765,2.71E-07,1.85E-09,3.54E-18,9.49E-07,3.455541602,0.000188937,4.43E-10,2.79E-31,0,0,3.04105E-05,9.220653747
8.70E-05,0.65926842,0.034947205,7.18E-10,16786.06683,8.17E-08,2.58E-09,3.02E-18,7.44E-07,1.508411499,2.627075458,4.32881589,6.158472757,3.588189115,0.348575541,6.098695668,16.92319245
9.30E-05,0.816880465,0.078848484,1.67E-09,32220.68662,2.71E-07,2.22E-09,2.55E-18,4.86E-07,0.899321794,2.435064483,9.082623275,9.024864261,0.339214092,3.32E-06,2.508145562,12.1768039
9.88E-05,0.504224158,0.068845648,4.09E-09,42097.08926,3.78E-07,1.45E-09,1.51E-18,6.15E-07,0.611785481,3.067783471,9.616894309,2.679711351,0.014654085,3.03E-08,1.390887834,10.81483371
5.46E-05,0.555133079,0.040990775,3.95E-09,48224.08383,2.00E-07,1.13E-09,2.94E-18,2.57E-07,2.525510689,11.55651351,3.038292346,0.001900434,3.01E-07,6.40E-29,0.399047368,9.823928427
5.82E-05,0.647115982,0.027184506,3.76E-09,49156.06073,3.48E-07,9.55E-10,1.85E-18,4.29E-07,0.39560694,1.410876749,7.734478136,4.251184441,0.06126045,6.70E-07,1.55323389,10.9996474
2.74E-05,0.704006027,0.020956545,1.57E-09,13400.1102,3.02E-07,8.33E-10,3.87E-18,4.95E-07,1.091820078,5.439540956,13.69178187,2.443355965,0.000453737,3.93E-14,1.441943639,10.95938513
5.54E-05,0.599910556,0.049067817,3.26E-09,39998.9929,1.81E-07,3.20E-10,2.24E-18,4.41E-07,0.195903794,0.489725001,1.863850019,6.626201699,2.045392171,0.002586267,2.296527039,11.90761824
5.79E-05,0.572940063,0.073914396,4.08E-09,29847.52009,1.44E-07,9.89E-10,3.31E-18,7.84E-07,10.91060128,9.15770144,0.0374012,7.48E-08,1.16E-28,0,0.069563253,9.437541864
3.60E-05,0.606842822,0.012762756,2.94E-09,45868.77539,2.70E-07,2.46E-09,2.17E-18,4.08E-07,0.993179226,6.183374869,11.90999801,1.214257535,0.00038524,8.48E-14,1.175534506,10.60771337
1.97E-05,0.791576102,0.051257561,8.58E-10,49732.57449,1.32E-07,1.98E-09,2.20E-18,9.36E-07,0.475173502,0.916366884,1.881846435,4.053188802,5.107430521,1.944308066,6.179032016,17.13035091
9.91E-05,0.587810207,0.046585547,4.33E-09,32469.39601,1.66E-09,2.93E-09,1.47E-18,7.18E-07,1.514407293,4.364427524,17.08403205,3.607757913,9.45E-06,1.77E-08,2.462089111,12.07955809
5.29E-05,0.584772444,0.047226866,3.60E-09,42385.94854,1.20E-07,2.63E-09,2.09E-18,3.06E-07,1.47637157,12.5624943,8.963261731,0.102664977,2.55E-07,4.31E-29,0.808324057,10.23279014
1.69E-05,0.840155741,0.068724854,1.40E-09,28490.17146,1.42E-07,4.92E-10,2.37E-18,7.32E-07,0.281302234,0.624023758,1.49465797,3.781890627,5.978749744,1.652367194,4.808288592,15.21339945
2.41E-05,0.876867579,0.070438725,2.81E-09,33154.79545,1.88E-07,1.59E-09,1.34E-18,6.51E-07,0.60519892,1.521318137,4.730958594,9.254731166,2.016498153,0.00317911,2.830783317,12.59970858
3.15E-05,0.686295625,0.013930508,9.09E-10,30194.45226,2.48E-07,4.67E-10,3.77E-18,5.10E-07,0.271952685,0.557480353,1.220171788,2.992287897,4.958583627,1.670218542,5.02709975,15.51720098
1.23E-05,0.783718909,0.065153695,1.89E-09,45792.67395,1.16E-07,1.14E-09,1.55E-18,7.35E-07,0.343761829,0.754259181,1.824490425,4.480235341,5.866570593,1.207590749,4.70443361,15.08985459
4.01E-05,0.684617137,0.048896615,1.35E-09,25210.45389,3.24E-07,2.30E-09,1.07E-18,3.82E-07,0.717866808,1.410787606,3.000860224,5.47591799,4.201345535,0.811099567,4.845663684,15.33478845
4.04E-05,0.799442251,0.0149621,4.40E-09,10989.59244,3.30E-07,9.85E-10,3.78E-18,6.98E-07,0.11165257,1.14E-07,1.13E-13,5.59E-36,0,0,0.016477472,9.238614313
7.98E-05,0.525561617,0.063154813,4.46E-09,38471.81582,1.52E-07,2.16E-09,2.91E-18,6.07E-07,16.29319336,3.537335966,0.000327406,2.96E-06,1.17E-08,1.67E-31,0.166960084,9.422338342
2.56E-05,0.643191211,0.050289827,2.24E-09,34070.76368,2.19E-07,7.35E-10,1.99E-18,3.10E-07,0.345917894,0.817600664,2.268085049,6.950849862,3.694008409,0.036700484,3.082609943,12.92425343
5.88E-05,0.621624961,0.031436833,1.88E-09,29365.9925,4.59E-08,2.91E-09,3.24E-18,3.21E-07,1.695624273,7.738474316,17.7962978,1.774607697,2.31E-06,1.41E-27,1.877306627,11.38990166
9.72E-05,0.794484745,0.052164785,2.40E-09,38381.82536,3.72E-07,2.12E-09,1.88E-18,4.59E-07,0.749589592,2.096435056,8.83515157,7.073754152,0.20971944,6.31E-06,2.214606935,11.80027217
3.73E-05,0.567721135,0.050553293,1.83E-09,43564.6941,3.62E-07,1.18E-09,2.92E-18,6.23E-07,0.452195637,1.157292249,4.852777868,7.97686247,0.999754923,0.000100758,2.319695932,11.9492185
4.12E-05,0.858669222,0.062530143,1.92E-09,41650.17383,9.27E-09,1.20E-09,2.32E-18,3.42E-07,0.510568246,1.167286072,2.956406647,7.890059624,6.621796056,0.030363967,4.41063918,14.5872066
3.20E-05,0.621549424,0.065282973,2.74E-09,21459.38828,2.17E-07,1.71E-09,1.94E-18,6.89E-07,1.221657486,5.850296827,13.47178714,2.427232799,0.00155134,2.38E-12,1.424561731,10.93920174
3.41E-05,0.851888808,0.05653328,2.69E-09,8098.09866,4.18E-08,2.01E-09,3.04E-18,5.06E-07,26.82246265,12.98001674,0.002862402,2.65E-10,7.62E-34,0,0.001293221,9.249196611
9.24E-05,0.821989908,0.016855296,2.26E-09,21568.79905,8.23E-09,2.57E-09,1.27E-18,9.12E-07,1.232174448,2.538060046,5.951909412,10.30787983,4.007468202,0.013764907,5.354131972,15.79895952
6.73E-05,0.699333815,0.066714447,4.18E-09,34205.01598,3.52E-07,2.48E-09,3.65E-18,3.55E-07,4.781003759,0.000220555,1.11E-09,3.54E-30,0,0,0.075871206,9.303539314
4.92E-05,0.749675398,0.048513491,2.08E-09,42755.89545,3.18E-07,1.31E-09,1.40E-18,3.00E-07,0.37569974,0.864706154,2.217499124,5.498569225,5.105907042,0.490570076,3.772153619,13.8334156
2.23E-05,0.868249106,0.047012266,6.34E-10,23211.54226,2.21E-07,2.52E-09,2.98E-18,3.36E-07,0.928017614,1.966083105,4.596636728,8.324096578,5.509502609,0.558940692,5.233761743,15.79198836
6.30E-05,0.551287725,0.028017943,3.75E-09,34846.01446,2.97E-07,2.05E-09,1.15E-18,9.15E-07,0.741168518,2.078402436,8.500200826,6.227235213,0.172104256,1.13E-05,2.155970077,11.72460451
7.07E-05,0.770659771,0.024711084,1.46E-09,12325.41397,1.00E-07,1.95E-09,3.05E-18,2.87E-07,2.026243272,6.711242338,18.82637314,4.214230055,0.000434481,2.69E-15,2.378531386,11.99401733
6.05E-05,0.633320308,0.046265521,1.62E-09,20631.72794,1.03E-07,1.20E-09,2.14E-18,4.91E-07,0.746129156,1.529479707,3.491813678,7.189711243,3.494670856,0.07838585,4.151058849,14.30333313
9.63E-05,0.826855622,0.035962326,3.39E-09,35698.83598,7.37E-08,1.64E-09,3.18E-18,4.80E-07,4.587179667,15.89767965,2.874989971,3.65E-05,1.17E-16,0,0.501221389,9.823235315
7.10E-05,0.657743453,0.052310248,1.08E-09,30461.36307,1.37E-08,2.15E-09,1.08E-18,4.96E-07,0.890642785,1.55102237,2.389308822,3.253231575,3.362687282,1.542615681,8.504660628,20.418604
7.66E-05,0.61604272,0.04762151,1.42E-09,18527.06986,2.75E-07,1.92E-09,3.58E-18,3.53E-07,1.497155508,6.422934481,15.33778508,2.844913706,0.000562751,7.99E-14,1.887792631,11.41196268
1.15E-05,0.596389955,0.015484609,2.22E-09,25147.03743,9.32E-08,3.11E-10,2.70E-18,8.24E-07,0.271866534,0.623475334,1.672950205,6.208184509,4.062187109,0.013848227,3.133164592,12.97785633
8.22E-05,0.627111105,0.037457873,9.36E-10,41706.29571,1.64E-08,1.70E-09,2.06E-18,5.18E-07,0.68586038,1.229245552,1.97929734,2.819837313,3.216923481,1.623467214,8.309541403,20.03760281
1.06E-05,0.661187662,0.036185494,3.05E-09,34287.42381,4.40E-08,4.54E-10,3.52E-18,9.92E-07,0.412852279,1.556742074,10.60360445,3.431697412,9.20E-05,4.03E-16,1.387041761,10.82279136
9.85E-05,0.574091581,0.059420102,2.66E-09,15425.51119,3.74E-07,9.58E-10,2.68E-18,5.53E-07,1.645885771,12.05050287,7.573259464,0.116859896,1.94E-06,2.17E-27,0.821261441,10.2076333
2.30E-05,0.763989639,0.037908818,2.60E-09,25869.11786,3.26E-08,2.75E-09,1.85E-18,4.86E-07,1.500531768,4.264125845,16.2971627,6.700030333,0.002824863,2.89E-12,2.390315896,12.02368289
3.95E-05,0.708749519,0.029335613,2.01E-09,16144.82255,3.71E-07,1.34E-09,1.62E-18,2.70E-07,0.86112763,2.224029581,6.918151234,9.305924452,1.176760359,0.000756092,2.710992866,12.44403607
9.72E-05,0.69808938,0.023634359,9.83E-10,49859.13169,2.36E-07,8.28E-10,2.96E-18,4.63E-07,0.273565465,0.548920374,1.163719953,2.749750318,4.536639222,2.017489235,5.729493941,16.44610143
4.22E-05,0.888904775,0.028653311,2.80E-09,14421.59378,4.54E-08,2.80E-09,3.89E-18,2.55E-07,26.9581635,1.845322849,2.79E-07,1.70E-27,0,0,0.008700619,9.230650968
3.26E-05,0.521793116,0.032739852,2.40E-09,7393.326027,2.32E-07,9.95E-10,2.11E-18,7.70E-07,1.91696069,10.17547621,12.91953005,0.798954745,2.93E-05,1.72E-09,1.198706624,10.69429794
9.67E-05,0.874420227,0.030322253,9.14E-10,42273.25131,2.40E-07,7.58E-10,3.21E-18,8.50E-07,0.27962431,0.613307691,1.44067033,3.561727602,5.68024002,2.146707985,5.427352203,16.02267781
5.47E-05,0.659155457,0.042582475,4.98E-09,27957.59026,3.78E-08,1.61E-09,2.28E-18,5.50E-07,9.013310335,16.08009167,0.367025444,2.33E-07,3.32E-28,0,0.155525971,9.513473256
5.84E-05,0.6307917,0.047838933,7.98E-10,14136.39819,2.61E-07,2.83E-09,2.59E-18,7.30E-07,1.58938389,2.869591079,5.281866507,6.918581556,2.678246669,0.123237582,4.711957461,15.09500292
5.14E-05,0.882189481,0.058439696,1.27E-09,38574.49355,1.89E-07,3.68E-10,1.84E-18,8.39E-07,0.164152751,0.348228017,0.772825441,1.836587065,3.680953899,3.103860094,5.93451293,16.83612192
6.40E-05,0.70949671,0.064074436,8.75E-10,17160.92103,2.23E-07,2.56E-09,2.44E-18,8.16E-07,1.22803733,2.429275697,5.232629826,8.000418601,3.436000343,0.153152481,4.63537887,14.97208294
2.87E-05,0.553451571,0.058511779,3.46E-09,33581.36255,3.94E-07,1.04E-09,3.35E-18,2.80E-07,6.136901372,11.29255037,0.422232079,7.41E-05,9.91E-15,0,0.032218599,9.591923089
6.42E-05,0.605511033,0.069929542,2.32E-09,34934.52366,2.29E-07,1.56E-09,1.23E-18,8.09E-07,0.522072423,1.099449084,2.572507035,5.624779728,3.834845116,0.30876628,3.868888043,13.96886606
4.58E-05,0.71032795,0.018366343,1.90E-09,11777.1889,3.58E-07,2.00E-09,2.45E-18,7.21E-07,2.323951667,12.38596656,13.37607996,0.588460052,3.40E-05,2.43E-25,1.201511059,10.6245945
4.49E-05,0.822581287,0.077720944,4.49E-09,37703.21832,3.45E-07,2.09E-09,2.67E-18,5.30E-07,14.67240337,2.918334254,0.001299465,9.24E-09,6.96E-30,0,0.00038023,9.326201931
6.98E-05,0.637033551,0.015028841,4.73E-09,40617.5001,2.90E-07,2.91E-09,2.22E-18,9.86E-07,15.57594739,4.56635006,0.007547491,1.42E-07,4.74E-28,0,0.351264425,9.662980356
8.16E-05,0.877767334,0.015371644,3.90E-09,14724.29238,2.74E-07,1.03E-09,3.63E-18,7.94E-07,10.80447706,0.022322808,1.63E-07,4.80E-20,0,0,0.30133096,9.550723393
2.08E-05,0.815477798,0.043508865,3.24E-09,37337.31464,3.11E-07,1.45E-09,2.16E-18,6.20E-07,0.792138003,5.454314919,10.76906444,1.069605648,0.000524264,2.72E-13,0.982406099,10.48239001
5.35E-05,0.620777726,0.014064243,1.71E-09,8845.176813,3.54E-07,2.32E-09,3.64E-18,5.87E-07,16.65271866,17.87056435,0.564386481,2.63E-05,9.84E-25,0,0.290099874,9.668111394
5.58E-05,0.743088905,0.020653948,3.35E-09,33746.33747,2.77E-07,2.99E-09,1.18E-18,2.77E-07,1.030523002,3.074531731,10.93964759,5.972174467,0.105653585,1.94E-06,2.089911845,11.65065643
7.10E-05,0.67669757,0.074403463,4.90E-09,31995.86871,8.37E-08,2.29E-09,3.82E-18,5.84E-07,3.451524452,3.02E-08,3.46E-15,9.94E-39,0,0,0.063298416,9.289788349
7.30E-05,0.594984653,0.060810051,6.48E-10,24114.62094,1.02E-07,2.70E-09,1.25E-18,4.30E-07,1.052285785,1.783749408,2.628653277,3.36924637,3.012216813,1.152361949,7.580619536,19.2432571
6.45E-05,0.678975144,0.079220355,3.32E-09,26313.89512,3.66E-07,1.98E-09,1.91E-18,8.15E-07,1.669516114,11.69555068,7.988506051,0.178698867,1.18E-05,5.82E-26,0.665325517,10.18876057
3.13E-05,0.843885186,0.011746826,4.04E-09,9839.344229,1.26E-07,1.42E-09,3.38E-18,9.75E-07,5.450728666,6.47E-05,3.28E-11,4.89E-33,0,0,4.74518E-05,9.220684804
6.32E-05,0.723061903,0.064414985,3.99E-09,24755.3561,3.14E-07,1.39E-09,1.76E-18,2.85E-07,1.444706136,10.93579646,7.26549528,0.144801171,9.57E-06,4.67E-26,0.636613027,10.14081554
8.35E-05,0.70776555,0.011653403,2.75E-09,18756.89912,8.47E-08,1.84E-09,3.90E-18,8.90E-07,19.48322364,9.974251571,0.004535681,9.35E-10,2.34E-32,0,0.405058559,9.664823878
7.52E-05,0.852820963,0.039721491,7.31E-10,27632.44901,1.85E-07,2.14E-09,2.72E-18,8.28E-07,0.74019459,1.546074293,3.576280042,7.109985963,5.813944272,0.872870655,5.555934949,16.21130533
4.06E-05,0.570645071,0.034166799,1.26E-09,46582.56519,1.47E-07,2.58E-09,2.77E-18,5.67E-07,0.769761752,1.479995029,2.911462943,5.536962142,3.432542884,0.178523611,4.37038326,14.62307574
5.38E-05,0.721261381,0.060106251,4.93E-09,43019.78517,2.21E-07,1.63E-09,1.13E-18,7.08E-07,0.614315731,2.211017218,9.357416958,4.358989561,0.054400003,4.38E-07,1.536222934,10.99450909
7.12E-05,0.689482413,0.051193343,4.15E-09,40136.00435,8.86E-08,8.09E-10,2.60E-18,3.28E-07,0.641808295,7.227087276,9.150657887,0.156795487,3.02E-07,1.01E-28,0.871145274,10.23121283
6.93E-05,0.614103185,0.069693884,7.82E-10,21909.27512,3.45E-07,1.39E-09,1.48E-18,8.82E-07,0.63235035,1.126125904,1.904029073,3.216715704,3.463220671,1.350023758,6.164894012,17.19406673
1.47E-05,0.560165121,0.036277821,7.15E-10,43575.91429,3.84E-07,6.10E-10,1.30E-18,9.29E-07,0.231805161,0.425752734,0.730678584,1.196474282,1.897924218,1.751690306,7.083766787,18.62413546
8.23E-05,0.904818922,0.077273683,4.76E-09,21414.33563,1.51E-08,1.43E-09,1.86E-18,3.85E-07,1.803949421,16.88480024,8.659549897,0.001058714,1.57E-13,1.71E-43,0.693875663,10.09028243
9.45E-05,0.724475842,0.036061528,3.17E-09,47330.63591,2.41E-07,1.89E-09,3.98E-18,7.20E-07,12.31225672,8.464846155,0.029310109,1.18E-07,2.60E-28,0,0.311920676,9.64673154
6.66E-05,0.779725743,0.045157005,2.35E-09,9302.207081,1.49E-07,1.23E-09,1.71E-18,7.94E-07,1.554278298,4.846095145,14.98518365,5.628493493,0.020862922,2.92E-09,2.250737612,11.85180968
9.14E-05,0.646436607,0.053267891,6.57E-10,44608.08427,3.07E-08,2.11E-09,1.52E-18,7.33E-07,0.670522241,1.186626006,1.869526321,2.594817525,2.981664735,1.747520654,8.973288276,21.15046844
7.42E-05,0.883964401,0.040944432,7.49E-10,17327.03091,1.74E-07,2.97E-09,1.32E-18,9.29E-07,1.065498748,2.128714857,4.649381997,7.705338036,5.191239888,1.012900061,6.017354997,16.91046459
2.44E-05,0.615020567,0.029739256,4.60E-09,35950.07645,1.83E-07,1.30E-09,3.83E-18,4.60E-07,12.09287842,0.053495906,1.81E-08,6.56E-22,0,0,7.75931E-05,9.229347606
1.84E-05,0.891051575,0.074509167,3.85E-09,47628.75728,3.19E-07,1.95E-09,2.07E-18,4.73E-07,1.266950237,10.45679296,6.540600809,0.100658307,4.00E-06,1.13E-26,0.499528473,10.0878377
5.27E-05,0.875113697,0.074648136,1.71E-09,26550.42567,2.57E-07,2.43E-09,3.45E-18,4.42E-07,1.568333049,9.08718769,14.21573721,0.844180178,1.87E-05,8.81E-26,1.198620755,10.72145481
4.54E-05,0.812929608,0.048824408,2.16E-09,36583.99082,3.37E-07,1.21E-09,1.29E-18,8.57E-07,0.390466327,0.89883771,2.305131833,5.591246326,5.025254553,0.48401337,3.704500067,13.75034673
1.02E-05,0.626422514,0.027812041,1.51E-09,41332.38977,2.50E-07,3.50E-10,3.98E-18,3.35E-07,0.195178317,0.456896253,1.223726612,4.624371043,4.932946044,0.142048196,3.111955236,12.95073446
7.23E-05,0.718101942,0.066382223,3.73E-09,19656.87103,1.35E-07,5.52E-10,2.79E-18,8.60E-07,1.282176706,11.5425653,5.787474289,0.016036836,9.95E-09,2.32E-31,0.542755944,9.975178831
1.54E-05,0.89144647,0.078290669,3.97E-09,42571.20979,2.08E-07,6.23E-10,3.76E-18,7.93E-07,3.509877085,10.40048184,1.339529897,2.55E-05,8.41E-13,5.41E-38,0.099515767,9.602103891
8.04E-05,0.502613774,0.052350444,2.72E-09,48840.64184,2.76E-07,1.33E-09,1.38E-18,7.11E-07,0.403644265,0.843532835,1.927796283,4.605917827,3.090475692,0.245172764,3.514771827,13.47851736
6.50E-05,0.798795325,0.079567561,4.10E-09,7788.804287,2.52E-07,1.30E-09,3.34E-18,4.01E-07,0.213752337,1.27E-06,1.11E-12,5.30E-35,0,0,0.02265662,9.245359502
3.36E-05,0.728242034,0.0781208,9.62E-10,30101.61741,8.75E-09,8.50E-10,2.01E-18,4.52E-07,0.510202388,0.932376422,1.574650991,2.601202499,3.688189139,2.270286057,7.905495118,19.44596637
5.69E-05,0.740473484,0.023433357,2.11E-09,47248.34034,1.40E-07,2.02E-09,1.67E-18,7.65E-07,0.545729231,1.293860143,3.503275461,8.453730442,3.94387971,0.033475718,3.700522747,13.70287534
8.80E-05,0.862513928,0.039425999,4.34E-09,42971.06588,1.27E-07,2.65E-09,1.41E-18,2.97E-07,1.089377154,6.330224126,12.58148856,1.455314881,0.000384847,6.41E-14,1.417126861,10.85113308
4.70E-05,0.56837409,0.030833213,4.77E-09,31143.04669,2.12E-07,1.83E-09,2.62E-18,5.21E-07,15.66919822,2.636998604,0.000380922,4.87E-10,3.96E-32,0,0.155381403,9.423217809
5.96E-05,0.787756927,0.06858617,1.04E-09,18045.12846,3.98E-07,8.25E-10,3.99E-18,6.02E-07,0.633234472,1.58959439,4.991961677,10.11076363,1.969089282,0.000719377,3.019152444,12.82865081
6.62E-05,0.687894924,0.038075176,4.81E-09,24552.10287,3.23E-07,2.53E-09,3.39E-18,4.90E-07,0.014717199,3.09E-08,3.11E-14,8.58E-37,0,0,0.195413492,9.4344606
6.82E-05,0.514319562,0.043759821,3.01E-09,34659.52665,2.65E-07,1.48E-09,3.80E-18,6.65E-07,8.898911856,11.80364695,0.217523304,8.52E-06,1.26E-07,2.57E-11,0.259932487,9.655179665
9.10E-05,0.510310496,0.032631867,2.65E-09,32968.0128,1.13E-07,1.29E-09,3.89E-18,8.62E-07,2.098268205,14.4602404,5.287035282,0.001354619,2.90E-07,2.20E-09,0.778553086,10.10085448
6.48E-05,0.52685765,0.013225958,2.88E-09,22534.64824,2.02E-09,2.26E-09,3.26E-18,8.58E-07,3.704425857,25.1275162,4.60941056,1.36E-05,5.55E-07,4.50E-10,0.71812224,10.0207096
8.84E-05,0.818590091,0.033136693,4.36E-09,10877.81409,2.93E-07,1.88E-09,1.66E-18,5.69E-07,17.83038721,8.661716441,0.095741478,1.13E-05,4.32E-25,0,0.282804998,9.6351204
4.30E-05,0.503587106,0.050898209,3.77E-09,25099.42677,3.06E-07,1.90E-09,2.10E-18,6.36E-07,6.095039546,14.57579669,1.854321704,0.00228997,7.15E-08,8.23E-11,0.22596991,9.739512662
8.09E-05,0.545124701,0.021877287,7.00E-10,41936.64907,2.84E-07,2.48E-09,2.62E-18,5.37E-07,0.745673134,1.329717242,2.127130013,3.062448106,3.007789056,1.053957091,7.082935264,18.5205288
6.18E-05,0.693937101,0.013493047,2.79E-09,11951.26016,2.35E-07,2.67E-09,3.51E-18,2.94E-07,16.09108227,0.117352647,2.58E-06,1.93E-25,0,0,0.280023409,9.527314636
9.08E-05,0.573643387,0.079678833,2.96E-09,45720.78808,2.27E-07,2.92E-09,2.26E-18,6.60E-07,1.26254202,9.612286973,10.79875645,0.382375042,1.44E-05,7.21E-26,0.973040583,10.41287789
9.74E-05,0.625439443,0.029065699,3.74E-09,14000.88819,2.85E-07,2.22E-09,1.50E-18,8.71E-07,5.304341464,16.89967002,4.697608603,0.026499385,6.97E-08,2.95E-30,0.741400072,10.12480617
9.54E-05,0.900406173,0.040033477,2.06E-09,40507.09204,3.76E-07,3.76E-10,1.08E-18,6.99E-07,0.143521164,0.306560214,0.690471965,1.693059969,3.337660383,2.560270268,5.115362764,15.6716149
3.22E-05,0.771175317,0.035802844,4.85E-09,21208.19728,1.33E-07,1.82E-09,3.31E-18,3.45E-07,4.607485672,1.87E-05,6.65E-12,8.08E-34,0,0,2.83896E-05,9.220691735
2.19E-05,0.666288141,0.050862075,3.10E-09,34903.17774,2.03E-07,2.93E-09,1.47E-18,8.41E-07,1.114141334,3.861143903,12.70151152,4.671896631,0.026165787,1.58E-08,1.7759648,11.30503888
4.10E-05,0.529798778,0.067660446,1.75E-09,11092.22973,6.84E-08,2.46E-09,2.19E-18,2.61E-07,2.234358061,4.386383606,9.120332634,5.691322122,0.341972893,1.62E-08,2.759568635,12.49743145
7.65E-05,0.790433198,0.020070741,1.73E-09,43442.75721,1.69E-08,2.72E-09,2.82E-18,8.80E-07,0.980528929,2.465542711,7.880375336,13.25000838,0.710244844,1.08E-07,3.52228947,13.40425804
1.28E-05,0.782299949,0.060208545,4.41E-09,30865.07586,5.00E-08,1.10E-09,1.26E-18,4.69E-07,0.609411364,1.633747723,7.086137424,9.175702139,0.393972198,1.38E-06,2.314263273,11.9378375
2.27E-05,0.839032422,0.052014661,1.70E-09,20471.49092,3.48E-07,2.80E-09,2.98E-18,2.80E-07,2.029146008,11.17344872,13.84654664,0.669442478,2.71E-05,1.65E-25,1.138697529,10.66058756
3.50E-05,0.691933957,0.019132046,3.92E-09,42435.18739,1.36E-07,2.19E-09,3.05E-18,8.19E-07,13.8708421,8.928304228,0.026615234,5.68E-08,5.94E-29,0,0.024482071,9.388707896
9.53E-05,0.797147194,0.040318547,2.91E-09,23953.31879,8.10E-08,2.12E-09,3.25E-18,7.24E-07,9.335983051,18.38275377,0.792523909,2.06E-06,1.17E-26,0,0.329861639,9.678250723
8.63E-05,0.595841377,0.018765592,1.21E-09,14624.79838,1.90E-07,2.19E-09,2.80E-18,7.04E-07,1.494767626,3.254113443,8.176671369,7.696110604,0.848034219,3.57E-07,3.785756329,13.8076496
5.64E-05,0.76906602,0.062037929,3.59E-09,46490.77391,2.49E-07,2.08E-09,2.86E-18,6.29E-07,6.199492116,13.39331849,0.918535709,0.000145109,2.41E-14,0,0.111287735,9.636595229
7.79E-05,0.871302279,0.041219808,1.35E-09,16444.12568,3.43E-07,7.95E-10,2.51E-18,6.79E-07,0.592502153,1.433575022,3.925386743,9.011179005,3.512425702,0.023977531,3.535948786,13.48777985
7.71E-05,0.603865243,0.042823441,4.24E-09,8177.270232,9.06E-08,7.16E-10,1.03E-18,8.02E-07,1.090933478,3.184707167,11.45771982,6.185009735,0.05539143,5.47E-08,2.349256887,11.96546879
8.83E-05,0.67259297,0.012941033,3.01E-09,30264.9408,1.93E-07,2.68E-09,1.11E-18,7.56E-07,0.915851355,2.36865443,7.563950119,8.88721567,0.881063404,0.000226094,3.047201339,12.82937196
6.97E-05,0.67995696,0.053767545,1.04E-09,35500.99907,1.59E-07,2.03E-09,2.39E-18,6.04E-07,0.677781361,1.298604578,2.621443296,5.198032446,4.678421563,0.707963261,5.231512687,15.78071867
7.99E-05,0.839385469,0.020429093,4.64E-09,36383.18677,5.59E-09,7.68E-10,2.78E-18,2.92E-07,0.788260194,8.782991728,10.64020026,0.000698733,1.71E-11,2.01E-36,1.062897021,10.41518561
2.18E-05,0.576241061,0.049881738,3.57E-09,9433.114287,2.45E-07,2.18E-09,2.38E-18,4.35E-07,21.24414919,0.892828235,0.000336915,5.83E-11,1.46E-34,0,0.000191193,9.241699546
9.32E-05,0.513725408,0.079821723,8.22E-10,35399.69366,1.52E-07,1.12E-09,1.47E-18,4.99E-07,0.492754601,0.88212872,1.426683922,1.947342829,2.16374325,1.353351363,7.411031492,19.02838991
8.77E-05,0.665174948,0.036837599,4.01E-09,17965.60957,1.57E-07,4.84E-10,2.95E-18,8.07E-07,3.644026459,12.41640746,2.289063917,0.00027569,1.47E-11,2.73E-36,0.483610489,9.864700072
9.76E-05,0.822144989,0.022210746,7.42E-10,24616.86304,2.76E-07,9.75E-10,3.30E-18,8.45E-07,0.471683292,1.008022053,2.383724919,5.430364589,5.98664887,1.20155601,5.459888338,16.05750865
1.88E-05,0.642934226,0.042295168,4.84E-09,40915.62456,2.58E-08,1.36E-09,3.20E-18,6.92E-07,11.2732334,11.43629766,0.003518543,8.40E-11,9.71E-34,0,0.00113254,9.284777836
7.05E-05,0.744693393,0.067255606,2.88E-09,26051.17808,2.00E-07,1.25E-09,2.76E-18,5.89E-07,1.150888446,10.95850694,8.825619308,0.139810249,8.02E-07,4.21E-28,0.762629401,10.23284905
5.16E-05,0.702093093,0.039616596,1.25E-09,14143.68636,2.01E-07,1.36E-09,1.75E-18,5.58E-07,0.87543326,1.776814547,3.966783532,7.099660974,4.108291448,0.312644645,4.650600375,15.01239723
5.61E-05,0.828751026,0.02609935,4.34E-09,44962.3594,2.36E-07,1.21E-09,3.65E-18,5.03E-07,12.88521426,3.477341104,0.000262147,2.30E-10,2.35E-32,0,0.117899037,9.401399341
4.14E-05,0.805562468,0.056639398,2.96E-09,15072.14362,2.15E-08,2.45E-09,3.76E-18,9.06E-07,27.90511318,5.683163503,1.68E-06,2.13E-26,0,0,0.000486951,9.222727852
3.54E-05,0.552368749,0.025814323,1.11E-09,29704.71785,3.61E-08,1.41E-09,3.48E-18,6.75E-07,0.847060408,1.55338202,2.605310128,4.144322426,3.627017122,0.421359409,5.440048555,16.00594426
6.59E-05,0.867021516,0.02652663,2.81E-09,15140.62933,5.64E-08,2.62E-09,2.58E-18,6.42E-07,9.421234111,22.81634771,2.646450418,2.20E-05,5.33E-25,0,0.377166826,9.717564501
5.10E-05,0.712500492,0.04995474,3.41E-09,49702.10764,3.20E-07,1.38E-09,1.60E-18,6.75E-07,0.458150852,1.263911892,6.21553635,6.871623725,0.331136302,3.83E-05,1.87736379,11.40015204
2.84E-05,0.629994828,0.054065165,4.98E-09,13580.31881,3.44E-07,2.18E-09,1.24E-18,8.86E-07,10.35232681,14.40067128,0.871444758,0.001988457,4.44E-10,2.77E-34,0.06572694,9.630152956
6.14E-05,0.663104437,0.069079876,7.24E-10,31404.62108,1.08E-08,8.63E-10,2.57E-18,7.17E-07,0.531931965,0.964023549,1.593009708,2.378121907,3.084826472,2.000896976,8.307034443,20.03214233
1.14E-05,0.672341061,0.045067073,2.56E-09,29202.50916,3.18E-07,2.56E-09,1.96E-18,9.01E-07,1.264557992,5.974230738,13.16916303,2.334978087,0.002663566,1.41E-11,1.385427427,10.89095473
9.37E-05,0.84900807,0.060561598,2.92E-09,17014.33445,1.23E-07,1.03E-09,3.13E-18,4.65E-07,4.123191342,16.2375704,3.903355854,0.000662347,1.48E-13,1.57E-43,0.448547032,9.838130478
6.37E-05,0.623012625,0.075363673,3.43E-09,26443.61056,1.59E-07,1.02E-09,2.44E-18,7.28E-07,0.959145123,9.197108135,9.432326131,0.201093637,1.81E-06,2.01E-27,0.802402608,10.26515558
9.39E-05,0.617750545,0.011488417,8.63E-10,37155.59845,3.89E-07,1.49E-09,3.96E-18,7.03E-07,0.545992856,1.128661266,2.568199913,5.832456063,4.097055243,0.24372523,4.692400584,15.01159049
7.20E-05,0.505202804,0.062094528,2.90E-09,32335.69518,3.71E-07,2.00E-09,2.30E-18,6.94E-07,1.235395131,10.19864418,9.10750217,0.280853296,2.24E-05,1.76E-09,0.889946251,10.28193043
8.43E-05,0.673259391,0.071751352,4.29E-09,26238.58303,3.27E-07,1.19E-09,2.04E-18,8.72E-07,3.672838738,12.50469433,2.78055209,0.007321929,1.69E-08,6.50E-31,0.328206278,9.819048823
2.55E-05,0.618922008,0.032303716,2.27E-09,41445.55766,3.40E-07,3.41E-10,3.78E-18,5.34E-07,0.218904731,0.586059738,3.679861401,6.655604588,0.482863147,1.59E-05,1.651481391,11.15066065
4.60E-05,0.601565912,0.025664771,4.63E-09,46199.50342,3.03E-07,1.43E-09,3.14E-18,8.76E-07,12.80401927,3.358140926,0.000716531,2.75E-09,1.43E-30,0,0.14562493,9.446070955
2.73E-05,0.766968165,0.072340163,4.23E-09,32749.50678,1.61E-07,1.47E-09,2.64E-18,9.82E-07,8.700810461,12.24405203,0.261182082,6.52E-06,1.78E-25,0,0.020214111,9.521722881
2.11E-05,0.654361903,0.055564321,3.32E-09,26789.51741,8.52E-08,1.40E-09,2.05E-18,8.07E-07,1.025786167,5.725855069,13.55660387,1.942784443,9.10E-05,1.69E-24,1.342076504,10.85598385
3.52E-05,0.677946784,0.057496038,2.71E-09,29040.52899,1.98E-07,2.62E-09,2.69E-18,8.73E-07,3.774130597,16.58336786,5.345689378,0.010782775,3.11E-09,1.09E-32,0.396672578,9.968189169
1.95E-05,0.810635705,0.012361615,2.61E-09,38080.39033,2.56E-07,1.18E-09,2.28E-18,5.97E-07,0.549090717,1.562182012,8.398795676,6.357840427,0.124955078,5.99E-07,1.798797186,11.3209293
9.39E-05,0.563215138,0.03518944,4.96E-09,16309.06874,9.70E-08,1.14E-09,2.47E-18,4.71E-07,17.76310418,4.24189667,0.000383646,1.15E-10,1.76E-33,0,0.363391264,9.618962055
3.53E-05,0.693716186,0.018607321,2.05E-09,6589.358251,3.87E-08,3.03E-10,2.42E-18,8.32E-07,0.726338015,1.778535721,5.816841637,11.14129883,1.284081778,2.86E-06,3.135023317,12.96512677
1.67E-05,0.802912076,0.058295148,1.03E-09,23497.56987,5.56E-08,2.78E-09,1.40E-18,9.00E-07,1.022411485,1.854798612,3.545692,6.23205338,5.008524127,1.099681712,6.322126204,17.30339464
8.32E-05,0.590590477,0.066456602,1.91E-09,32823.24182,1.09E-07,2.41E-09,3.91E-18,4.70E-07,1.622705645,12.67100404,12.01039235,0.092648531,8.40E-08,1.93E-30,1.058992333,10.45089894
2.96E-05,0.824146374,0.010976543,1.86E-09,20762.23802,3.54E-07,1.94E-09,2.34E-18,8.49E-07,1.187983147,3.892937969,12.98607156,5.211975535,0.032964868,2.14E-08,1.89603081,11.44257352
3.62E-05,0.595476588,0.028064521,7.64E-10,39420.74761,1.96E-08,1.22E-09,3.63E-18,3.69E-07,0.616481219,1.123342154,1.855614691,2.743579401,3.247906677,1.533323951,7.446730729,18.774405
4.41E-05,0.812764435,0.073154354,4.07E-09,13305.06737,1.90E-07,2.83E-09,3.97E-18,8.93E-07,2.62E-06,9.11E-13,3.18E-26,0,0,0,2.2661E-06,9.220612007
6.61E-05,0.500801186,0.010776786,3.32E-09,6368.270845,2.28E-07,1.23E-09,1.72E-18,9.21E-07,7.603168813,18.88394057,3.500735785,0.006192942,3.47E-08,3.93E-11,0.662344698,10.04903466
9.80E-05,0.701953451,0.057102413,2.44E-09,28221.12324,1.08E-07,8.45E-10,2.81E-18,5.16E-07,0.60838417,1.755485606,10.16038739,6.206893165,0.022395946,2.21E-09,2.090916031,11.64186466
4.42E-05,0.674973604,0.073652388,1.31E-09,17731.83566,8.95E-08,3.96E-10,1.16E-18,6.73E-07,0.336450864,0.622495982,1.100300692,2.039866994,3.219601724,2.183239552,6.87424247,18.19704522
8.60E-05,0.508775839,0.018930848,3.49E-09,20285.84864,5.17E-08,2.06E-09,3.86E-18,2.72E-07,21.82697083,1.068089,1.76E-05,1.17E-06,3.94E-09,2.65E-32,0.450007436,9.714341798
7.75E-05,0.82487479,0.053325947,1.41E-09,28684.2832,3.66E-07,3.47E-10,3.92E-18,4.47E-07,0.245275485,0.586642352,1.626224481,6.026166695,4.133891072,0.051645827,3.095622975,12.91470082
5.23E-05,0.748749881,0.040498764,2.76E-09,43235.83237,1.77E-07,1.07E-09,1.43E-18,4.53E-07,0.366471409,0.872655107,2.374391702,6.730181333,4.329019768,0.091642781,3.320492835,13.22233057
7.32E-05,0.716030179,0.061061145,2.78E-09,17357.61762,1.61E-07,2.86E-09,3.16E-18,2.78E-07,22.21565538,7.548027186,0.008575728,6.62E-09,5.81E-31,0,0.116736846,9.384845971
6.57E-05,0.886933482,0.052569542,4.25E-09,21293.08426,6.70E-08,3.09E-10,2.96E-18,4.12E-07,0.538464111,6.881926004,8.589276737,0.079610435,3.08E-08,2.07E-30,0.721039037,10.09441461
5.98E-05,0.77317656,0.067147295,4.38E-09,49485.62223,9.59E-08,1.19E-09,3.49E-18,7.17E-07,8.775042235,10.12943211,0.046373915,1.66E-08,8.69E-30,0,0.046311058,9.406650874
5.35E-05,0.627620082,0.029482838,2.57E-09,21396.47027,1.38E-07,1.88E-09,3.09E-18,5.90E-07,4.643185264,17.78137613,4.490010462,0.001368037,7.56E-13,3.96E-42,0.513447368,9.905952174
2.35E-05,0.77413287,0.069967603,9.01E-10,31093.21522,3.20E-07,2.16E-09,2.13E-18,8.02E-07,0.653350223,1.349941066,3.106258207,6.256239174,5.206700224,0.839498254,4.95007937,15.44709718
2.04E-05,0.753284071,0.077459159,7.36E-10,31926.79506,9.17E-08,1.97E-09,2.64E-18,6.27E-07,0.724955838,1.330762781,2.463561334,4.703143413,4.923073266,1.417037622,6.270828667,17.21125663
1.45E-05,0.604460069,0.069267654,3.77E-09,25297.96469,3.36E-07,2.77E-09,3.84E-18,8.92E-07,2.412451356,1.76E-05,3.96E-11,2.04E-32,0,0,1.19446E-05,9.2207107
4.97E-05,0.875526522,0.068056576,3.64E-09,42500.86253,2.13E-07,2.54E-09,1.54E-18,5.14E-07,0.963481666,4.710189393,12.04074955,2.600385475,0.00435803,4.07E-11,1.35114148,10.85238492
5.41E-05,0.559935861,0.040113248,2.52E-09,37038.24794,2.45E-08,9.02E-10,2.49E-18,7.66E-07,0.511472342,1.11994792,3.191871229,8.465574834,1.856547512,3.28E-06,3.187141436,13.01342384
1.85E-05,0.548496257,0.018158976,1.70E-09,13774.78293,3.16E-07,2.98E-09,3.42E-18,6.58E-07,8.324395902,21.04385112,3.806290713,0.001953445,1.14E-09,1.27E-33,0.282072805,9.80923529
4.80E-05,0.644541644,0.070949448,1.49E-09,23918.45835,2.68E-07,2.52E-09,3.59E-18,9.11E-07,1.618029279,7.909309094,15.40686646,1.793770964,0.000104531,1.88E-24,1.47917936,10.98909847
7.59E-05,0.532349679,0.022862212,3.59E-09,46378.07483,2.51E-07,6.85E-10,1.94E-18,8.25E-07,0.313576462,0.861195587,5.111676585,6.537504108,0.318697523,1.81E-05,2.043559278,11.57460724
1.96E-05,0.628590504,0.032117249,8.50E-10,22249.62667,6.55E-08,1.87E-09,3.20E-18,3.85E-07,1.07399101,1.940605955,3.272340936,5.193239427,3.921514558,0.474936628,5.669218553,16.35836956
1.83E-05,0.803387484,0.068894949,3.84E-09,35017.35056,3.97E-07,5.19E-10,2.18E-18,7.48E-07,0.358277277,2.092405864,8.077399532,2.39381455,0.010772654,1.37E-08,1.023411931,10.48428329
5.07E-05,0.660570227,0.038716185,4.21E-09,15871.68133,3.59E-07,2.62E-09,1.00E-18,3.47E-07,2.05125655,10.82457099,11.14397483,0.609460852,0.000482838,5.63E-13,1.047475779,10.43403187
1.64E-05,0.565268282,0.065123535,4.79E-09,29612.73182,2.92E-07,3.61E-10,2.04E-18,4.26E-07,0.343305471,2.939309105,7.969467846,1.251485946,0.001380011,1.62E-10,0.808951986,10.28039733
4.07E-05,0.831337877,0.013782748,3.46E-09,41757.89671,2.06E-07,2.33E-09,1.52E-18,6.71E-07,0.850896175,3.119033877,11.41528283,4.379425492,0.026585684,2.03E-08,1.652068283,11.13945499
6.46E-05,0.576954087,0.07186682,1.95E-09,32646.35397,3.80E-07,2.25E-09,3.44E-18,9.38E-07,1.380889153,10.8897046,10.27128238,0.266675325,4.89E-06,9.72E-27,0.892806361,10.34984625
2.70E-05,0.703194322,0.045765396,2.54E-09,19331.63162,2.13E-07,2.74E-09,3.51E-18,8.92E-07,20.47034542,8.423477119,0.018569871,3.22E-08,1.09E-29,0,0.001979103,9.323991829
6.88E-05,0.68402357,0.055817911,2.03E-09,48901.62305,3.88E-07,2.82E-09,1.90E-18,9.04E-07,0.70827312,1.854945472,6.452202719,8.959052325,0.964087415,0.000334836,2.608555562,12.30150513
3.58E-05,0.504873764,0.023531594,1.97E-09,42804.2633,4.17E-08,2.27E-09,1.42E-18,3.19E-07,0.819536749,1.472727125,2.354499068,3.174432532,2.821305069,0.762651187,6.458276409,17.60096451
4.69E-05,0.760091253,0.035447265,1.74E-09,41007.56327,9.13E-08,1.08E-09,3.07E-18,6.81E-07,0.476444408,1.175765382,3.618225137,10.09035904,2.38583317,0.000209918,3.089198787,12.90487294
7.34E-05,0.612004243,0.057312968,4.53E-09,22613.71002,1.47E-07,2.02E-09,2.25E-18,5.76E-07,17.62871991,6.58661695,0.011309704,3.94E-08,2.82E-29,0,0.162070092,9.464313079
5.69E-05,0.630306523,0.035111825,2.97E-09,28621.22769,2.82E-07,2.41E-09,3.54E-18,3.38E-07,17.53022418,5.812096605,0.006823203,1.94E-08,9.39E-30,0,0.182556763,9.477945358
2.64E-05,0.52490949,0.048303922,6.07E-10,20072.37479,3.60E-07,2.15E-09,2.35E-18,4.10E-07,1.060498214,1.816085565,2.707526669,3.422959758,2.704983916,0.772914008,6.100200433,17.14345
4.66E-05,0.688401873,0.058693598,4.70E-09,34586.38491,1.11E-07,1.29E-09,1.23E-18,4.36E-07,0.63679512,1.965351009,9.627470608,5.67906566,0.068480137,1.35E-07,1.775042512,11.2819112
9.38E-05,0.585211547,0.034086176,1.92E-09,19732.94626,3.96E-07,1.74E-09,1.49E-18,3.08E-07,0.858643653,1.920646205,5.020534943,7.426248167,1.991064601,0.005768708,3.472646336,13.41022631
4.86E-05,0.731094444,0.017905278,4.12E-09,8907.269424,1.09E-07,2.36E-09,1.05E-18,8.10E-07,3.696452905,17.70995826,11.24340065,0.201976837,1.83E-06,8.84E-28,0.99786968,10.39406539
9.97E-05,0.883360206,0.029382296,4.46E-09,17183.96181,2.23E-07,2.30E-09,3.83E-18,6.61E-07,0.000162734,3.94E-11,1.02E-25,0,0,0,0.314706998,9.565423628
4.94E-05,0.695551218,0.070772851,1.64E-09,19808.01684,1.58E-07,6.06E-10,1.67E-18,6.91E-07,0.405645019,0.835888847,1.874679614,4.359220075,5.142598771,1.039918963,4.755278588,15.16794555
4.73E-05,0.821033247,0.070467541,2.02E-09,32253.39961,7.85E-09,3.55E-10,3.92E-18,6.01E-07,0.30692583,0.734855009,2.089473285,9.206754625,2.859316673,1.34E-05,2.969141784,12.72936949
6.90E-05,0.873005557,0.057860236,1.21E-09,39344.01458,2.62E-07,2.09E-09,1.78E-18,3.75E-07,0.544658842,1.225214846,2.996934293,6.453182033,5.879278817,0.867217925,4.72813589,15.11154512
7.21E-05,0.804787684,0.066071514,1.55E-09,13660.04436,2.48E-07,2.79E-09,3.70E-18,9.14E-07,5.857193958,21.46856941,6.31427127,0.006046185,1.93E-11,2.43E-39,0.547073963,9.98618979
1.27E-05,0.851092331,0.028744195,1.85E-09,27738.77288,1.91E-07,5.14E-10,3.67E-18,7.25E-07,0.3929777,1.038716227,4.998617883,8.596935268,0.633527569,4.04E-06,2.156153089,11.74338859
7.41E-05,0.825685043,0.035699179,4.13E-09,44119.9591,2.64E-07,3.99E-10,3.41E-18,3.43E-07,0.439062038,7.419414881,4.65375831,0.018784862,8.68E-08,3.24E-29,0.542520154,9.914792048
2.17E-05,0.670436034,0.027606995,4.75E-09,27604.05743,3.73E-08,8.51E-10,3.06E-18,4.68E-07,7.875037548,13.63576452,0.14362179,7.54E-09,1.40E-30,0,0.011866875,9.366312631
6.76E-05,0.792878165,0.04812153,3.08E-09,33984.34189,1.38E-07,2.16E-09,1.35E-18,6.16E-07,0.821722057,2.197955839,8.022626727,9.18631417,0.514715073,1.75E-05,2.567256233,12.2459717
3.45E-05,0.901323419,0.053060674,1.18E-09,37092.61242,1.01E-07,2.60E-09,2.62E-18,3.37E-07,0.822181594,1.935645862,5.003718139,10.33624657,4.742376317,0.029502707,4.195839669,14.35386744
7.93E-05,0.793407002,0.055227736,1.50E-09,38897.51482,7.21E-08,1.57E-09,2.40E-18,9.07E-07,0.557835387,1.275256061,3.287751105,8.02574235,5.445322344,0.096091267,4.376610473,14.57888185
9.47E-05,0.806750462,0.060383661,2.05E-09,17714.56866,1.11E-07,1.05E-09,1.49E-18,4.14E-07,0.671138995,1.587158289,4.1846074,8.99256146,4.360214367,0.054824077,4.038249075,14.14959204
4.36E-05,0.705636961,0.027552518,3.39E-09,29803.15857,9.49E-08,8.83E-10,2.12E-18,3.80E-07,0.617810404,2.259138377,11.01277418,4.469504323,0.006614976,3.21E-10,1.662601547,11.14462598
9.35E-05,0.812341465,0.039826945,1.11E-09,14637.09375,2.69E-07,2.42E-09,1.93E-18,8.52E-07,1.258148474,2.937163203,7.264338769,10.23941548,2.86588062,0.016028749,4.17333769,14.32610676
4.20E-05,0.762329934,0.069059607,2.12E-09,12987.89008,3.32E-07,2.84E-09,2.76E-18,8.18E-07,9.776626858,20.02690928,2.330757196,0.001248479,1.30E-12,1.13E-41,0.173548341,9.721075709
4.28E-05,0.671648382,0.041112777,4.09E-09,34711.94347,2.88E-07,7.56E-10,2.19E-18,5.96E-07,0.572905971,5.664876881,8.628968949,0.416779147,9.28E-05,2.89E-15,0.749289527,10.22713757
9.07E-05,0.514012063,0.064551096,2.51E-09,17876.85578,2.44E-07,1.72E-09,2.63E-18,3.22E-07,2.688428375,15.34246708,7.44463571,0.055297272,2.78E-07,6.46E-10,0.760695017,10.15139385
2.31E-05,0.857557169,0.062189243,4.32E-09,46299.6409,3.78E-07,1.37E-09,3.85E-18,6.48E-07,12.52100357,0.474991838,3.07E-06,1.63E-12,1.60E-35,0,0.000109246,9.261760384
9.75E-05,0.765715021,0.043846807,3.49E-09,21548.78092,3.93E-07,1.83E-09,3.12E-18,3.51E-07,16.75476059,2.318593418,0.000837383,2.06E-09,3.25E-31,0,0.261620889,9.524834315
2.20E-05,0.825311212,0.018264875,4.47E-09,23073.78661,2.80E-07,1.68E-09,1.89E-18,8.88E-07,8.015875908,13.42262997,0.689666227,0.000484265,5.46E-13,2.15E-42,0.051959542,9.635649923
8.88E-05,0.874904669,0.026268444,8.81E-10,44675.90927,1.41E-07,2.20E-09,1.78E-18,8.64E-07,0.49878835,1.016613984,2.24949858,4.860225276,5.66844642,2.02881384,6.42671203,17.44606336
5.87E-05,0.521253528,0.019656125,4.56E-09,39886.10989,1.64E-07,1.41E-09,1.71E-18,7.06E-07,0.803555119,6.683248481,10.13706769,0.548408845,6.38E-05,1.00E-08,1.147660884,10.53059918
7.74E-05,0.531471475,0.064075025,1.82E-09,47144.0598,2.26E-07,9.34E-10,3.53E-18,9.52E-07,0.400713231,1.006982188,4.612214931,7.665126439,0.967986959,1.09E-05,2.439530459,12.08325484
9.68E-05,0.705013474,0.063909157,4.82E-09,23566.42428,2.59E-07,2.19E-09,2.99E-18,9.73E-07,4.332229491,0.000178059,8.38E-10,2.10E-30,0,0,0.158244421,9.393719958
1.59E-05,0.898980047,0.018122062,2.50E-09,41484.47257,2.22E-07,2.29E-09,2.11E-18,6.26E-07,0.851756303,2.790153701,11.47164736,5.334994554,0.035736918,1.96E-08,1.80652024,11.33784339
2.24E-05,0.510749588,0.051767335,2.45E-09,12224.56093,1.31E-07,1.65E-09,3.63E-18,6.42E-07,18.48836992,12.95174163,0.065189406,3.33E-06,2.92E-08,1.19E-30,0.005964602,9.353660074
3.72E-05,0.704093637,0.075075958,2.68E-09,11844.91886,1.33E-07,2.54E-09,2.75E-18,6.33E-07,20.22557461,14.40579316,0.136212566,4.91E-07,8.03E-28,0,0.011165323,9.38358198
6.91E-05,0.799713611,0.066799091,2.26E-09,42866.75158,2.78E-07,1.01E-09,1.05E-18,2.69E-07,0.289724071,0.64142096,1.542620019,3.776976287,5.056667702,1.508419228,4.402747772,14.69299697
4.90E-05,0.568765901,0.075990235,4.10E-09,13445.44878,5.29E-08,2.05E-09,1.83E-18,9.72E-07,10.15188934,20.82218043,1.556986202,2.43E-05,6.46E-25,0,0.147104703,9.589401654
9.49E-05,0.835067597,0.014656687,3.00E-09,8033.9044,2.33E-07,2.17E-09,1.02E-18,5.54E-07,2.397029454,8.018584445,15.91275805,3.462126747,0.010717931,3.74E-09,2.176482772,11.74427218
6.94E-05,0.878354686,0.047902201,2.76E-09,49176.77505,2.19E-08,2.57E-09,2.21E-18,6.04E-07,0.951445299,2.635973819,12.54523349,7.905627846,0.003900708,4.12E-12,2.443897791,12.07469757
4.35E-05,0.701366856,0.064693313,1.74E-09,10655.16597,2.93E-07,5.09E-10,1.53E-18,2.93E-07,0.517946676,1.140291248,2.863943303,6.38839031,4.540885421,0.327116871,3.913880261,14.03564945
9.58E-05,0.611035363,0.034821931,4.16E-09,46254.7118,2.24E-07,3.36E-10,2.97E-18,2.52E-07,0.258402055,2.526993473,7.548065067,1.201321259,0.000228788,4.37E-14,1.142652052,10.5091597
8.42E-05,0.679544313,0.034674908,1.77E-09,40433.42989,3.20E-08,1.37E-09,3.03E-18,9.09E-07,0.601747791,1.422116398,4.243321491,10.8857107,1.945012232,8.87E-06,3.575797704,13.49047056
5.95E-05,0.786657197,0.025143741,2.01E-09,48718.72436,1.62E-07,5.97E-10,1.57E-18,4.44E-07,0.205755424,0.451664011,1.064678878,2.717078971,4.915031587,2.193272348,4.857810443,15.28351705
6.72E-05,0.636290743,0.059969566,2.49E-09,41592.31567,3.52E-08,2.57E-09,3.41E-18,2.60E-07,1.537372512,12.7966855,12.23261009,0.014856079,1.02E-09,1.21E-33,1.031580187,10.40286768
8.57E-05,0.509521805,0.027700644,1.48E-09,10939.85482,3.90E-07,7.63E-10,3.75E-18,3.57E-07,1.083277965,4.641073097,11.57061299,3.499399605,0.001842516,1.01E-08,2.015705631,11.55520639
4.13E-05,0.786209146,0.069487214,3.83E-09,11223.06052,1.41E-07,1.21E-09,1.88E-18,7.79E-07,5.964224177,17.27486577,3.493122,0.002754359,2.07E-10,6.42E-35,0.259601307,9.824842546
7.39E-05,0.632107196,0.046464087,3.45E-09,11366.21477,2.51E-09,2.73E-09,3.21E-18,3.72E-07,33.32419209,2.928071796,7.28E-09,2.73E-30,0,0,0.209906988,9.450356903
2.75E-05,0.772470572,0.06849809,2.34E-09,23289.1627,9.11E-10,1.83E-09,1.99E-18,5.70E-07,1.134231459,2.715980925,7.904955349,13.62876936,0.684979134,1.91E-08,3.568935971,13.4750289
9.21E-05,0.582801303,0.070164569,1.34E-09,8391.276747,6.34E-08,2.72E-09,1.81E-18,6.53E-07,2.522653707,4.274903934,6.679349504,6.552351423,1.50312694,0.015791336,4.30587094,14.50315231
3.86E-05,0.866261194,0.022632051,2.79E-09,17586.91666,1.04E-07,4.79E-10,2.12E-18,5.36E-07,0.502214278,1.330373113,5.86777397,9.081307431,0.603800548,4.27E-06,2.294779247,11.91390443
4.99E-05,0.876264949,0.079873378,1.60E-09,7242.34865,3.40E-07,2.53E-09,1.11E-18,9.32E-07,2.09376676,5.299140987,11.77168498,9.945166504,1.112615923,0.001245795,3.143460754,13.00747134
6.78E-05,0.775373505,0.05279729,1.08E-09,11036.70694,1.98E-07,9.68E-10,2.66E-18,8.04E-07,0.897028061,2.055146042,5.314982141,9.84547749,3.463912796,0.013092989,4.065502279,14.19084567
4.74E-05,0.65740294,0.028578244,2.55E-09,20592.02306,1.24E-07,1.34E-09,3.22E-18,4.38E-07,2.250892988,15.53492502,7.026732786,0.010700679,1.69E-09,3.88E-33,0.637938852,10.05131717
2.15E-05,0.661972256,0.051096995,2.02E-09,45402.75146,1.92E-07,5.79E-10,3.39E-18,9.13E-07,0.287263339,0.728040771,2.935843185,8.066152404,1.652647691,0.000198074,2.331334667,11.96239149
7.03E-05,0.562397828,0.014892659,4.94E-09,34622.82903,2.75E-07,2.50E-09,3.03E-18,6.45E-07,5.642739231,0.000654733,4.16E-09,2.40E-29,0,0,0.383155157,9.640709814
1.55E-05,0.557060662,0.045595034,5.00E-09,35581.59858,3.65E-07,2.63E-09,3.76E-18,4.62E-07,0.001202819,5.08E-10,3.18E-16,2.11E-39,0,0,2.99421E-06,9.220613769
8.41E-05,0.696075764,0.055941797,4.98E-09,35236.69287,3.01E-07,2.23E-09,2.61E-18,9.81E-07,13.78149447,0.219205164,1.92E-05,1.07E-11,9.83E-35,0,0.173419974,9.412521452
5.72E-05,0.790521159,0.026540624,3.82E-09,47919.46975,1.28E-07,8.36E-10,3.14E-18,3.60E-07,0.657162649,9.466407566,6.188231348,0.022775915,1.65E-08,8.05E-31,0.593678543,9.978610009
4.72E-05,0.557649083,0.07683685,2.63E-09,18937.15088,8.89E-08,2.96E-09,2.56E-18,6.46E-07,6.164302825,21.3319163,5.013312828,0.000820287,3.28E-08,8.12E-31,0.397141619,9.862133989
4.31E-05,0.719974162,0.046737203,4.57E-09,11282.86743,2.83E-07,2.06E-09,3.12E-18,6.13E-07,0.003045029,2.22E-08,5.57E-15,1.49E-38,0,0,0.027011837,9.250118733
5.41E-05,0.706594338,0.019766461,6.74E-10,20231.88307,3.00E-07,2.13E-09,1.51E-18,8.05E-07,0.823088269,1.474457016,2.71463681,4.738423326,4.197661937,1.214562672,6.437063926,17.54878814
7.54E-05,0.594050375,0.043933676,4.28E-09,31237.27195,1.08E-07,2.00E-09,1.80E-18,4.61E-07,2.055063159,13.89018498,7.140857449,0.043796139,5.72E-08,2.91E-30,0.778798973,10.16052883
3.11E-05,0.517303865,0.022937498,4.72E-09,18020.75924,4.66E-08,2.31E-09,1.01E-18,7.53E-07,1.67807611,6.259316542,11.88592734,3.572832737,0.000285868,8.07E-09,1.942775203,11.50737177
7.76E-05,0.58436497,0.038953337,2.09E-09,32408.72343,2.55E-07,2.78E-09,1.95E-18,4.85E-07,1.027271356,2.685470058,9.435592223,7.164650249,0.248820764,8.08E-07,2.585533214,12.26194283
2.66E-05,0.815211901,0.024571654,2.42E-09,37635.8898,2.10E-07,1.29E-09,2.94E-18,5.66E-07,0.703159125,3.529903,11.6010755,2.916816367,0.001660126,1.82E-12,1.371432044,10.87297235
6.07E-05,0.736560327,0.041775398,2.98E-09,24220.33,6.47E-08,4.96E-10,1.50E-18,2.86E-07,0.351009829,0.82483736,2.192892649,6.551212183,5.2107698,0.107642016,3.71034126,13.71046142
4.09E-05,0.819382551,0.013647653,1.99E-09,21771.95303,3.47E-07,2.32E-09,1.57E-18,9.89E-07,1.057825276,2.777141004,8.500982048,9.38812694,0.800859895,0.000211151,2.653722737,12.36931464
1.38E-05,0.73702113,0.061330764,2.67E-09,10784.39999,1.76E-07,1.60E-09,2.33E-18,9.05E-07,5.096516483,18.96673665,5.629202717,0.009838937,1.53E-09,1.89E-33,0.417816474,9.966953163
3.82E-05,0.768534852,0.067842499,2.43E-09,26890.00792,1.78E-08,9.30E-10,3.50E-18,5.56E-07,0.847078232,3.109943653,15.47549902,2.996067268,5.67E-06,8.80E-27,1.668027894,11.13942813
3.15E-05,0.713804529,0.039495732,1.91E-09,18484.6947,3.05E-07,2.87E-09,1.18E-18,5.00E-07,1.177488834,2.795628179,7.117426115,9.134658328,1.88473746,0.004794934,3.274053252,13.18744218
9.55E-05,0.565820683,0.060724742,1.08E-09,9896.713999,1.10E-07,5.59E-10,2.87E-18,4.94E-07,0.824242356,1.510861253,2.589013028,4.234301738,3.628936356,0.510765618,5.15818017,15.65729634
9.15E-05,0.75787467,0.041894189,1.60E-09,33173.9905,2.16E-07,2.51E-09,3.34E-18,3.69E-07,1.171455524,4.313861774,14.43278248,4.243945731,0.003000853,5.82E-12,2.081491618,11.63594908
8.94E-05,0.562792886,0.059109855,4.78E-09,44896.16579,2.43E-07,4.05E-10,3.84E-18,4.32E-07,4.014561639,8.690281258,0.221589424,7.78E-06,8.37E-19,0,0.26065734,9.637400012
3.43E-05,0.804488155,0.072140145,2.63E-09,31681.07733,3.07E-07,2.55E-09,1.42E-18,9.61E-07,0.917152815,2.497069628,8.793910402,8.172877109,0.365365827,3.39E-05,2.251775457,11.86736851
5.02E-05,0.602271317,0.043404533,3.06E-09,16584.50066,2.94E-07,1.51E-09,1.44E-18,8.44E-07,1.163426041,4.35709084,12.60784129,3.880067405,0.01991081,1.59E-08,1.743682016,11.24079498
5.31E-05,0.592281776,0.010235912,4.50E-09,22334.81042,2.18E-07,2.95E-09,1.54E-18,9.71E-07,9.659741413,15.74932687,1.004106033,0.000796195,1.11E-12,8.49E-42,0.353969824,9.807378655
1.62E-05,0.641766955,0.021164357,1.63E-09,9277.40838,2.32E-07,2.37E-09,2.54E-18,6.53E-07,3.010393459,13.45534636,15.99956319,0.724278749,1.40E-05,3.86E-26,1.348184036,10.87258075
2.40E-05,0.511977695,0.015912536,4.91E-09,31716.9958,3.83E-08,2.79E-09,3.42E-18,4.42E-07,9.170385753,0.00012164,2.30E-05,6.60E-07,9.65E-12,3.88E-37,0.000201471,9.220847275
6.81E-05,0.74997596,0.042656236,3.56E-09,38643.04623,3.82E-07,1.86E-09,3.30E-18,5.84E-07,13.65476744,5.790181884,0.011461376,2.03E-07,9.59E-28,0,0.16622391,9.504916187
5.92E-05,0.892596309,0.037214961,3.45E-09,44483.0587,1.88E-07,3.60E-10,2.30E-18,3.58E-07,0.206129105,0.533713198,2.748896477,6.746044026,1.132789173,0.000223426,1.932194429,11.46614287
5.55E-05,0.759038154,0.022984047,4.78E-09,43769.5994,7.66E-08,8.14E-10,2.53E-18,6.03E-07,0.752414103,10.11871032,6.099491492,0.01250469,4.17E-09,6.48E-32,0.596439274,9.956752409
7.97E-05,0.777183902,0.075679653,4.69E-09,11662.65219,3.91E-07,2.76E-09,2.68E-18,8.17E-07,0.00423651,3.20E-07,3.59E-13,1.05E-35,0,0,0.057278007,9.28320391
5.40E-05,0.727005795,0.056069767,8.90E-10,6902.93691,3.40E-07,1.92E-09,3.95E-18,3.66E-07,2.723271448,9.128718414,18.49690726,3.511598719,0.000897135,2.64E-13,2.14246103,11.73101745
8.19E-05,0.558025378,0.062258916,4.74E-09,16768.37494,2.41E-07,1.79E-09,2.16E-18,6.50E-07,17.8095921,2.093931843,0.000891524,1.60E-09,1.58E-31,0,0.172044026,9.431002263
4.42E-05,0.555470514,0.077902959,3.13E-09,35143.07501,2.72E-07,3.33E-10,2.56E-18,6.66E-07,0.23396835,0.630233149,3.888633913,6.540370678,0.470740404,3.19E-05,1.667813273,11.15335039
7.03E-05,0.897574035,0.034423921,7.74E-10,6386.111282,2.67E-07,2.10E-09,1.81E-18,3.26E-07,1.822931038,4.106144159,9.1471469,10.5636123,3.303453812,0.110223881,4.698515876,15.05086374
3.29E-05,0.881420948,0.045500585,3.91E-09,26644.56421,7.03E-08,2.45E-09,1.86E-18,7.99E-07,2.90075075,16.99859341,7.16256106,0.013378427,2.34E-09,5.47E-33,0.530288436,10.07213147
7.94E-05,0.836100965,0.06179639,8.41E-10,24661.7976,1.67E-07,2.60E-09,1.22E-18,3.98E-07,0.773089042,1.495709252,3.16197074,5.924236108,5.178058491,1.418586031,6.202139272,17.19856219
7.57E-05,0.746148503,0.068658725,3.47E-09,46645.6846,3.66E-08,2.88E-09,2.95E-18,6.87E-07,5.117191817,18.37628132,3.140044497,8.76E-06,1.14E-25,0,0.321484717,9.642671792
1.71E-05,0.892056746,0.011090623,4.43E-09,8744.441141,3.16E-07,2.43E-09,1.83E-18,2.52E-07,15.43754231,0.239959493,0.000191498,3.00E-11,4.54E-35,0,9.93825E-05,9.236413841
6.25E-05,0.642433432,0.069408102,3.94E-09,24967.87874,7.53E-08,1.16E-09,3.95E-18,9.56E-07,17.09550533,3.343898849,1.59E-06,2.97E-14,2.26E-39,0,0.075718414,9.303956167
2.65E-05,0.594224273,0.049127224,2.28E-09,37919.16893,3.80E-07,2.69E-09,1.61E-18,6.14E-07,0.800449468,2.032241315,6.931811566,7.820269424,0.799560197,0.000152608,2.424434595,12.0900836
8.59E-05,0.872713821,0.02742904,1.42E-09,10176.65207,2.64E-07,9.09E-10,3.70E-18,9.35E-07,1.355706758,5.596891328,15.17169592,3.27469273,0.000915167,2.58E-13,1.965546783,11.49810904
7.30E-05,0.716878736,0.079055676,3.50E-09,14076.64491,1.07E-07,8.12E-10,3.59E-18,6.67E-07,16.62134017,7.296083306,0.002581011,7.48E-10,3.52E-32,0,0.065158661,9.342456304
1.21E-05,0.71742907,0.017341945,4.14E-09,22562.50546,1.54E-07,5.44E-10,3.89E-18,6.77E-07,12.1387584,5.911757795,0.001833035,6.61E-10,7.97E-32,0,0.001070748,9.325950102
2.59E-05,0.533385636,0.06241859,3.48E-09,36526.53243,3.44E-07,2.31E-09,2.53E-18,7.90E-07,6.835485241,13.84184017,0.969206096,0.000593347,5.02E-08,2.24E-30,0.072503276,9.667102883
9.53E-05,0.708281389,0.017594991,1.66E-09,47000.87385,1.84E-07,2.79E-09,3.23E-18,9.21E-07,0.939270909,2.764383552,12.22886048,6.532433035,0.026889372,3.26E-09,2.488775333,12.12026666
4.52E-05,0.702570641,0.054907532,3.80E-09,24731.6484,1.68E-07,3.73E-10,3.86E-18,9.69E-07,2.88553857,10.81117798,2.038124551,5.28E-05,1.84E-12,1.65E-37,0.172033727,9.643673161
1.92E-05,0.691615826,0.056368713,2.87E-09,21034.6611,3.59E-07,1.22E-09,1.03E-18,9.19E-07,0.598908843,1.474595334,4.175762008,8.185378425,2.529863862,0.019546555,2.870572906,12.65952907
7.80E-05,0.754506252,0.034538476,3.30E-09,7961.596181,1.44E-08,4.20E-10,2.88E-18,7.75E-07,1.474144007,13.70881426,10.95532212,0.001452832,1.42E-13,1.40E-43,1.055731908,10.41616567
5.66E-05,0.546545403,0.012677984,2.95E-09,7908.145912,7.70E-08,2.21E-09,3.25E-18,5.78E-07,24.70773666,0.374394574,2.18E-05,3.80E-09,4.91E-32,0,0.314707968,9.565424704
1.50E-05,0.668388142,0.068156336,4.89E-09,9660.536236,6.78E-08,6.32E-10,1.87E-18,8.48E-07,5.577196104,16.3269201,2.710024912,0.000224855,1.22E-14,0,0.201536817,9.723242568
4.68E-05,0.645461143,0.01751832,3.52E-09,16955.15752,6.37E-08,1.26E-09,3.95E-18,6.60E-07,19.92226981,2.969493548,8.28E-07,6.54E-20,0,0,0.152972197,9.387942927
8.89E-05,0.807142668,0.024942037,3.08E-09,15752.65467,2.33E-07,2.49E-09,1.12E-18,2.65E-07,1.597202398,5.04306223,13.89273287,5.021664462,0.039855017,9.91E-08,2.253644984,11.84208492
3.26E-05,0.868800326,0.042407325,4.21E-09,19506.23619,2.79E-07,1.33E-09,3.80E-18,6.73E-07,4.916464912,0.000125817,2.05E-10,2.22E-31,0,0,4.15449E-05,9.221324678
8.17E-05,0.522918104,0.018474745,1.75E-09,27179.70161,6.94E-08,1.92E-09,1.95E-18,5.32E-07,0.981661931,1.809454105,3.091909906,4.724196576,2.965717238,0.180453954,5.360339794,15.91682942
6.25E-05,0.57466057,0.054797888,2.93E-09,8609.218524,2.45E-07,2.12E-09,3.27E-18,7.38E-07,14.15292767,0.06829607,1.75E-06,1.14E-25,0,0,0.141761907,9.375663205
5.74E-05,0.835704629,0.043158862,2.92E-09,15983.13017,3.95E-07,5.69E-10,3.32E-18,7.68E-07,2.957098614,12.31665248,3.267806273,0.00582763,6.03E-09,1.09E-31,0.312243846,9.83667016
6.50E-05,0.625047093,0.073992962,3.26E-09,33065.72227,1.32E-07,2.07E-09,1.26E-18,9.52E-07,0.783078418,2.006460232,7.181104217,8.559843576,0.753564243,3.49E-05,2.612057423,12.31570861
5.28E-05,0.846180714,0.039895541,3.62E-09,40567.35368,3.12E-07,2.85E-09,1.73E-18,2.96E-07,1.324015136,10.33691824,9.168446548,0.299461904,3.77E-05,4.74E-25,0.791456846,10.28071236
2.43E-05,0.566432055,0.056791242,3.28E-09,46034.92981,1.63E-07,7.27E-10,3.68E-18,4.09E-07,0.573956527,8.246777941,6.928548249,0.045801341,1.32E-07,1.03E-29,0.517519614,10.02417234
8.34E-05,0.586355553,0.012569458,2.98E-09,33391.42507,3.74E-07,2.96E-09,3.48E-18,7.96E-07,17.38504681,4.440082279,0.004067154,1.61E-08,7.97E-30,0,0.450906322,9.728064407
6.70E-05,0.814089351,0.073345759,4.32E-09,18605.17155,1.72E-07,1.87E-09,3.59E-18,2.50E-07,3.377772991,6.88E-06,3.68E-12,3.59E-34,0,0,0.035954665,9.25989254
5.26E-05,0.659848412,0.041571785,3.98E-09,11550.57444,3.28E-07,1.42E-09,3.74E-18,6.44E-07,0.202424439,7.03E-07,8.56E-13,6.76E-35,0,0,0.114956147,9.346309463
1.70E-05,0.608549193,0.045952089,3.98E-09,19932.65545,3.84E-07,2.11E-09,1.68E-18,5.73E-07,5.984275977,14.97483922,2.474085008,0.008269016,1.22E-08,1.76E-31,0.184773567,9.783357739
3.89E-05,0.623371239,0.074845296,1.53E-09,33781.14772,3.63E-07,2.99E-09,1.06E-18,4.31E-07,0.726491784,1.410603764,2.91899694,5.149113115,3.743142468,0.626185036,4.497840137,14.85108343
6.34E-05,0.847587253,0.038321013,3.09E-09,14993.06413,2.47E-07,1.84E-09,2.37E-18,2.65E-07,9.196384485,16.86068134,1.161897944,0.000373969,9.63E-14,6.45E-44,0.211214818,9.691095626
6.17E-05,0.747034233,0.065887503,1.18E-09,20726.59671,3.57E-07,2.59E-09,1.78E-18,9.62E-07,0.994804663,2.208543286,5.433401351,8.698359641,3.422165102,0.101195544,4.019670657,14.16441797
7.25E-05,0.54241612,0.024801758,4.40E-09,10701.54874,5.13E-10,2.76E-09,2.85E-18,7.19E-07,22.96778939,0.000299984,3.99E-05,1.36E-07,6.61E-29,0,0.350170617,9.604417819
7.00E-05,0.890680607,0.072057468,2.16E-09,12476.52059,2.32E-07,1.44E-09,3.04E-18,8.69E-07,3.521843052,17.32601039,6.836567395,0.022804806,8.97E-09,6.08E-32,0.549266267,10.06955573
1.35E-05,0.655369937,0.044032465,1.14E-09,43851.80637,2.09E-07,2.35E-09,2.02E-18,7.35E-07,0.618885517,1.187017935,2.37681146,4.702333872,4.437179248,0.838226088,5.040024472,15.57012382
9.33E-05,0.690027854,0.034853785,4.02E-09,46831.43445,2.15E-07,2.19E-09,2.43E-18,9.67E-07,5.465862118,13.55798344,1.567456115,0.000486119,3.59E-11,7.92E-36,0.439446554,9.863538678
1.99E-05,0.63230102,0.046885581,1.18E-09,27109.21206,7.30E-08,2.17E-09,3.32E-18,8.67E-07,1.04486369,2.124059148,4.913235503,8.904575886,2.105078373,0.000476155,3.752103886,13.77121339
2.39E-05,0.580599068,0.071099394,4.77E-09,27051.19421,3.41E-07,1.42E-09,1.93E-18,4.79E-07,6.964062622,12.05529405,0.575088868,0.000539956,9.81E-11,5.82E-35,0.04347687,9.636547344
9.94E-05,0.882837069,0.03836083,1.67E-09,33702.54236,6.76E-08,6.84E-10,3.55E-18,5.40E-07,0.414979673,1.015307834,3.036434869,9.866261572,2.585999286,0.000128955,3.313993107,13.16242082
1.08E-05,0.690772703,0.018547674,3.03E-09,31586.86984,1.62E-07,1.61E-09,1.93E-18,9.53E-07,0.861900956,3.416527767,12.21971209,3.964722387,0.008379372,6.68E-10,1.606701364,11.12292297
1.40E-05,0.863604562,0.013746895,4.59E-09,15502.37193,9.30E-08,7.92E-10,1.37E-18,8.33E-07,0.925531462,4.751624697,12.55277545,2.487453034,0.001154722,7.77E-13,1.366373178,10.8752049
9.69E-05,0.675178044,0.070877703,4.22E-09,11440.96876,3.22E-07,2.35E-09,1.91E-18,7.22E-07,20.36958122,1.936300022,0.002909848,9.03E-09,1.60E-30,0,0.131078173,9.38915756
8.37E-05,0.89544161,0.031193212,2.17E-09,47772.33426,1.02E-07,1.55E-09,3.81E-18,8.89E-07,0.774811464,4.446139547,12.99767848,2.079732146,2.77E-05,2.01E-25,1.563100158,11.01629769
2.26E-05,0.723671205,0.054995516,2.83E-09,36183.29773,1.86E-07,3.22E-10,1.88E-18,6.86E-07,0.186396828,0.43485361,1.150651521,4.053330133,4.883526421,0.312538615,3.116449011,12.96596151
8.86E-05,0.534721832,0.060838623,4.42E-09,20809.45217,1.24E-07,4.39E-10,3.17E-18,7.12E-07,4.710695797,11.82829963,1.010389263,1.97E-05,4.86E-07,1.47E-11,0.314072968,9.689540569
4.94E-05,0.611797448,0.048330159,1.17E-09,7293.546002,5.41E-08,2.28E-09,3.02E-18,3.89E-07,2.794226308,5.771135299,12.3369688,6.163288689,0.161195545,9.50E-20,3.085649959,12.89955634
9.64E-05,0.728452602,0.075002848,3.05E-09,45676.53437,2.88E-09,1.54E-09,2.40E-18,3.17E-07,0.747776038,1.991644362,10.1615125,9.386745515,0.001721272,5.23E-13,2.552232407,12.19572516
5.63E-05,0.860891865,0.048206738,1.79E-09,10049.58583,1.17E-07,1.28E-09,1.43E-18,4.44E-07,1.147161805,2.786307249,7.187770962,11.22542975,2.766379254,0.006437718,3.808939874,13.85881003
7.08E-05,0.887381842,0.079439299,1.30E-09,48529.45771,2.50E-07,1.93E-09,1.48E-18,8.97E-07,0.425152912,0.93374427,2.208137727,4.997608844,5.716746927,1.63575493,5.051652496,15.58003342
3.07E-05,0.752287713,0.034281452,3.55E-09,18361.33663,1.33E-07,1.60E-09,2.58E-18,7.52E-07,11.15208017,14.92902532,0.375270179,6.62E-06,1.26E-25,0,0.028859988,9.510969537
2.79E-05,0.577513669,0.076246945,4.17E-09,40305.47024,2.39E-07,2.67E-09,3.88E-18,3.03E-07,5.73274894,0.000214639,2.07E-10,1.78E-31,0,0,2.26019E-05,9.221322882
8.11E-05,0.82977552,0.05350959,4.61E-09,26614.43812,1.71E-07,1.52E-09,1.82E-18,7.23E-07,3.833137567,14.06739596,3.566188839,0.006774415,4.18E-09,3.38E-32,0.415710407,9.870998716
7.85E-05,0.53432191,0.056262532,1.45E-09,18690.9877,2.53E-07,1.48E-09,2.14E-18,3.01E-07,0.914202624,1.758543811,3.501184592,5.795975567,2.541544358,0.101711563,3.943553337,14.04597488
3.83E-05,0.603098103,0.047458109,2.54E-09,44342.26779,2.70E-08,1.14E-09,1.39E-18,2.95E-07,0.477181244,0.910079871,1.670666656,3.238424318,4.239417184,1.097016596,5.206875658,15.7391438
9.16E-05,0.711904512,0.077471447,3.52E-09,12809.35565,2.10E-07,2.59E-09,1.46E-18,7.47E-07,5.177318941,18.44537161,6.178979304,0.038531204,7.17E-08,2.45E-30,0.561751754,10.01896081
2.38E-05,0.901603431,0.025022171,3.23E-09,18791.73429,4.05E-09,1.89E-09,1.75E-18,7.49E-07,1.645655563,4.713452361,19.26155635,5.347685036,3.66E-05,2.03E-25,2.365223499,11.97766934
7.67E-05,0.714920605,0.057517178,1.47E-09,45555.59146,1.50E-07,1.62E-09,1.74E-18,8.94E-07,0.44739753,0.91128757,2.016878706,4.560952027,5.180939647,1.102545179,5.108037911,15.62555922
2.53E-05,0.733882308,0.07256713,1.01E-09,45008.81288,2.89E-07,2.90E-09,2.29E-18,4.81E-07,0.659502029,1.373546879,3.188507173,6.509804135,4.923726644,0.526261562,4.616224515,14.98006101
8.63E-05,0.639074503,0.017072923,2.29E-09,47288.769,1.87E-07,2.87E-09,1.34E-18,2.75E-07,0.676053794,1.500866708,3.828652606,7.711536064,3.07181699,0.040370891,3.923026418,13.99400634
4.37E-05,0.813753508,0.070091969,1.00E-09,30739.93149,2.26E-07,6.50E-10,1.70E-18,9.39E-07,0.270470005,0.549848813,1.196766751,2.774206255,4.470663846,2.623942613,6.077488385,17.05843411
3.53E-05,0.811521204,0.025888305,1.98E-09,41900.76221,1.72E-07,8.86E-10,2.32E-18,8.20E-07,0.356801397,0.85435635,2.352226222,7.293942333,4.181367595,0.03834668,3.23432174,13.1112643
8.30E-05,0.549190643,0.043182718,4.35E-09,23111.96669,1.22E-07,1.34E-09,3.38E-18,4.04E-07,16.79592523,0.725053131,4.51E-05,4.26E-07,4.04E-28,0,0.285760003,9.533616695
2.94E-05,0.633083872,0.01630127,2.68E-09,14521.43834,2.49E-08,1.58E-09,2.84E-18,3.68E-07,2.511697391,19.84026829,9.516660095,0.000973183,1.27E-13,1.08E-43,0.701225557,10.13841065
5.49E-05,0.906194082,0.057212506,6.93E-10,22698.14292,2.60E-07,2.81E-09,3.40E-18,3.90E-07,1.104179126,2.596220312,6.501323719,10.81469826,4.229183328,0.046238755,4.36850422,14.59623571
6.71E-05,0.859379779,0.073418056,4.14E-09,39010.07156,2.87E-07,4.56E-10,1.31E-18,3.12E-07,0.219391253,0.540285551,1.726724071,5.947723739,2.633111401,0.026548132,2.337787026,11.97303622
5.80E-05,0.535975599,0.012223574,2.59E-09,40349.64742,3.72E-07,6.62E-10,2.74E-18,9.84E-07,0.348900787,0.982733615,6.288749171,5.970463203,0.173533429,3.23E-06,1.90496556,11.41134811
9.45E-05,0.870138003,0.01609402,3.68E-09,37249.76348,2.68E-07,1.75E-09,3.88E-18,5.92E-07,15.05113582,1.694304226,2.60E-05,8.92E-12,7.13E-35,0,0.369768,9.625977234
4.96E-05,0.84824454,0.077992125,4.95E-09,40839.84655,3.39E-09,1.77E-09,2.26E-18,8.26E-07,1.461755792,16.327414,7.703901921,2.62E-05,2.37E-18,0,0.566816113,9.904368934
8.69E-05,0.860071602,0.019597189,1.37E-09,44741.24016,1.65E-07,4.33E-10,1.90E-18,5.09E-07,0.170685544,0.364302328,0.81669613,1.966228629,3.909807238,3.100667663,6.018386758,16.88621601
2.42E-05,0.501200801,0.0176165,1.02E-09,35093.95482,3.79E-07,2.08E-09,3.87E-18,6.31E-07,0.823714932,1.616852893,3.290495534,5.840312279,2.180575041,0.036402585,3.753058464,13.82945637
7.69E-05,0.600284652,0.064931718,3.89E-09,26391.03356,1.97E-07,2.44E-09,3.49E-18,4.24E-07,10.8543219,0.014407712,4.73E-08,4.28E-28,0,0,0.130739007,9.36359105
5.66E-05,0.785764223,0.075906884,3.44E-09,10207.64391,1.47E-07,1.06E-09,1.51E-18,5.15E-07,1.560637121,8.059952978,14.07100423,1.404190985,0.000260565,4.98E-16,1.304304557,10.81255927
7.67E-05,0.787026062,0.052517766,4.25E-09,19294.66215,2.81E-07,6.14E-10,3.28E-18,5.35E-07,12.68006416,4.843649924,0.003139882,1.53E-08,1.74E-29,0,0.157824056,9.475631771
6.51E-05,0.834478384,0.031088431,4.69E-09,41581.19277,2.97E-07,2.49E-09,1.19E-18,9.10E-07,0.970345663,5.618400202,10.92845111,1.375248331,0.002608087,3.58E-11,1.217765323,10.61767494
1.80E-05,0.590310149,0.027099016,4.95E-09,24354.72339,3.13E-08,1.97E-09,1.33E-18,3.05E-07,1.535420742,9.279697859,14.89238908,0.658699929,1.84E-06,1.12E-27,1.212708267,10.72690882
9.78E-05,0.671394571,0.055116254,3.09E-09,39148.32695,1.84E-07,1.22E-09,1.98E-18,3.99E-07,0.564911078,1.654727588,8.920939138,6.052852154,0.085589523,1.85E-07,2.009370923,11.54614001
3.37E-05,0.669881601,0.036922766,1.32E-09,23047.65825,1.51E-07,2.42E-09,2.24E-18,7.58E-07,1.060963103,2.266787997,5.419773384,8.848046401,2.482313363,0.009965735,3.859155778,13.94501006
9.99E-05,0.879404744,0.06655373,1.86E-09,8251.643751,5.92E-08,2.40E-09,1.72E-18,8.13E-07,2.733487288,7.52635884,19.48342977,7.092658934,0.010297606,5.82E-11,2.850874558,12.59224942
9.46E-05,0.545527673,0.044326126,3.12E-09,7663.43272,2.56E-07,9.00E-10,2.03E-18,5.07E-07,4.262066476,16.50994412,5.266693228,0.023761423,1.32E-07,8.56E-30,0.718334718,10.10881226
3.21E-05,0.56441777,0.076141893,1.19E-09,11728.68144,6.02E-08,8.64E-10,2.78E-18,6.80E-07,1.049250642,1.904631466,3.196992258,4.941175613,3.365609648,0.259369193,4.623308655,14.92498757
7.26E-05,0.741616513,0.031074616,9.21E-10,42640.33958,3.61E-07,4.99E-10,1.14E-18,7.78E-07,0.16303113,0.318862296,0.643028608,1.425758514,2.768441346,2.568531999,6.658002911,17.92944017
9.05E-05,0.606447188,0.067750666,4.18E-09,39450.36084,3.07E-07,2.68E-09,1.33E-18,2.83E-07,1.093469723,6.44969982,11.28591074,1.133551271,0.001384624,6.18E-12,1.194474534,10.5942874
6.04E-05,0.589082775,0.02422147,3.48E-09,14413.42356,5.81E-08,1.07E-09,1.06E-18,7.67E-07,0.89405247,1.964349435,5.266532255,7.886929414,1.81666425,0.000103767,3.610475532,13.59836883
3.45E-05,0.588907249,0.040263382,4.97E-09,38306.75907,1.94E-07,1.24E-09,1.17E-18,5.88E-07,0.551751621,1.831596823,8.780107871,4.868921,0.075594717,7.69E-07,1.542092803,11.0276642
1.68E-05,0.905323598,0.026854219,3.04E-09,16039.48124,3.75E-07,1.10E-09,2.50E-18,2.58E-07,3.77150729,14.17570671,3.959745266,0.014610922,2.59E-08,8.51E-31,0.29544177,9.900715102
3.71E-05,0.664683171,0.07434511,1.23E-09,48855.92091,3.10E-07,2.71E-09,2.04E-18,7.80E-07,0.603454262,1.241400151,2.804120251,5.819614547,4.399454218,0.471822615,4.348264067,14.62062097
6.89E-05,0.76764942,0.078487279,1.81E-09,22910.02478,1.53E-07,1.62E-09,3.66E-18,5.04E-07,1.359142008,7.997337308,14.67791007,1.001122923,6.92E-06,1.39E-26,1.304535919,10.78704259
1.16E-05,0.854741818,0.063899535,3.73E-09,35631.71881,1.38E-07,2.93E-09,2.23E-18,3.29E-07,6.47145717,16.48826686,2.363887218,0.000494589,1.62E-13,1.86E-43,0.17499702,9.72475811
2.37E-05,0.858229095,0.044999892,4.31E-09,49065.87161,1.95E-07,1.50E-09,2.30E-18,9.27E-07,1.844854768,11.6705182,4.452827959,0.014232311,2.78E-08,1.75E-30,0.330699993,9.917602908
5.90E-05,0.781449248,0.032944764,6.63E-10,39858.34801,9.37E-08,9.85E-10,2.98E-18,4.23E-07,0.378461319,0.711672715,1.341025903,2.768482719,4.334318283,2.506413979,7.168502729,18.46406139
6.67E-05,0.661311388,0.0340108,8.07E-10,13962.49097,5.58E-08,2.99E-09,2.07E-18,3.92E-07,1.800749254,3.026339367,4.610987842,5.890442791,3.373478141,0.462318027,6.641941406,17.71277525
2.81E-05,0.624485138,0.036572235,4.24E-09,19389.66891,3.86E-07,2.61E-09,1.60E-18,4.70E-07,10.90676824,13.49494393,0.618821189,0.000859693,2.88E-12,5.73E-41,0.046713736,9.603120819
8.30E-05,0.837956094,0.063086939,9.89E-10,35914.62865,3.62E-07,1.90E-09,3.29E-18,3.16E-07,0.638582417,1.526745508,4.088252397,9.156879491,4.086974826,0.035878371,3.779746804,13.81035257
1.36E-05,0.726221003,0.038170435,9.94E-10,7200.40349,6.64E-08,7.52E-10,2.48E-18,9.57E-07,1.095440034,2.05259846,4.101913125,7.161685339,4.458212043,0.294548348,5.262180164,15.79666663
5.07E-05,0.535564077,0.019404356,4.72E-09,44425.38393,3.15E-07,2.67E-09,2.92E-18,8.84E-07,11.92102499,0.07189563,3.11E-05,2.93E-07,2.05E-28,0,0.248730135,9.49295368
3.16E-05,0.682624436,0.042166434,4.66E-09,7490.891691,5.72E-08,2.02E-09,2.13E-18,3.22E-07,17.55742532,0.070674577,1.52E-07,1.18E-27,0,0,9.58191E-05,9.220979617
9.79E-05,0.853450249,0.016652468,2.19E-09,29094.90069,1.64E-07,7.00E-10,1.09E-18,7.54E-07,0.306408303,0.674371784,1.600527895,3.879638194,5.355409095,1.781113764,5.096946988,15.58743735
1.10E-05,0.581772024,0.022320749,1.96E-09,24813.91233,2.05E-07,8.41E-10,1.24E-18,2.53E-07,0.439195039,0.843698433,1.657795476,3.377481687,3.84882801,1.03255431,4.889694662,15.39838707
4.08E-05,0.902726831,0.036494553,3.34E-09,20447.79976,3.08E-07,2.51E-09,1.13E-18,9.47E-07,1.352829056,4.661575677,12.84322384,4.197706009,0.031042697,9.89E-08,1.705276847,11.21404186
6.55E-05,0.560633894,0.014752873,4.62E-09,22204.26643,3.70E-07,1.53E-09,2.17E-18,5.63E-07,14.44617702,5.62590131,0.020861408,1.68E-06,3.33E-26,0,0.355631813,9.700257673
8.07E-05,0.808508691,0.043566365,2.39E-09,28515.87915,7.23E-08,2.55E-09,3.56E-18,7.89E-07,4.714487946,19.6925057,4.523262791,0.000133177,1.61E-15,0,0.534939631,9.859721178
8.95E-05,0.67614719,0.063436717,3.93E-09,13903.8696,9.92E-09,1.93E-09,1.60E-18,7.87E-07,2.495477113,14.06704138,17.33780281,0.070160864,4.64E-09,1.05E-32,1.465257225,10.90447303
7.72E-05,0.550775406,0.01056538,1.22E-09,8783.261505,9.62E-08,5.21E-10,1.33E-18,7.26E-07,0.746380687,1.322224461,2.086526743,2.911422678,2.917168332,1.153695097,7.905248189,19.70718823
6.40E-05,0.587385524,0.03663493,3.44E-09,44098.4534,1.35E-07,2.55E-09,3.36E-18,4.22E-07,14.15529776,9.884845003,0.03639093,5.91E-08,5.29E-29,0,0.234252299,9.556387484
9.43E-05,0.725775452,0.04534023,4.82E-09,6246.191171,1.19E-08,7.37E-10,3.26E-18,6.63E-07,14.59214484,4.34E-06,2.25E-13,6.80E-37,0,0,0.267076914,9.513096841
9.12E-05,0.791325319,0.075808127,3.02E-09,39623.53109,1.90E-08,1.26E-09,2.83E-18,5.21E-07,0.785347123,2.964898457,14.66429912,3.146360793,1.31E-05,4.19E-26,1.743442511,11.22544846
3.85E-05,0.750915477,0.063309297,1.76E-09,48645.7368,3.04E-08,1.27E-09,2.48E-18,8.80E-07,0.450026634,0.996470174,2.505952085,6.788687932,6.008142292,0.121433841,4.288769583,14.46101788
9.13E-05,0.854506498,0.012879786,3.58E-09,48490.85255,1.53E-07,2.71E-09,3.04E-18,5.63E-07,10.83771825,12.24004308,0.166601542,1.47E-06,1.22E-26,0,0.397105903,9.764341286
2.50E-05,0.864489605,0.044038485,2.99E-09,27454.64023,5.08E-08,2.94E-09,3.00E-18,3.72E-07,9.199400231,20.37148856,1.404992981,1.87E-06,7.91E-27,0,0.104519425,9.506996425
3.64E-05,0.583351095,0.061625029,1.56E-09,10805.19858,3.63E-07,2.33E-09,1.62E-18,5.12E-07,1.649517243,3.677795833,8.476451131,6.904204818,0.905112382,3.43E-05,2.946815777,12.76413793
8.05E-05,0.752840259,0.033527633,2.14E-09,26921.22281,1.43E-07,1.40E-09,3.46E-18,9.24E-07,1.11267529,7.332333823,13.47888164,0.834145135,5.86E-06,1.18E-26,1.402886868,10.83335214
1.31E-05,0.570015814,0.039020819,9.08E-10,40684.51878,5.42E-08,1.00E-09,3.33E-18,7.10E-07,0.505511206,0.938959707,1.601486732,2.47262989,3.126859272,1.535882803,6.489502877,17.51623982
3.47E-05,0.800728291,0.010508274,1.39E-09,36317.83076,1.70E-07,2.14E-09,3.48E-18,7.40E-07,0.875524045,2.345934711,9.092685444,9.900506857,0.276564563,2.96E-07,2.542268636,12.21906176
3.79E-05,0.614881294,0.024066891,3.16E-09,34030.80614,4.08E-08,9.50E-10,2.73E-18,3.63E-07,0.693460831,3.200974502,13.13886314,2.846783969,4.15E-05,3.85E-25,1.526861511,10.98053623
2.92E-05,0.889670777,0.059024814,3.74E-09,14569.46629,1.71E-07,1.09E-09,3.73E-18,4.17E-07,15.0629952,0.115654063,2.28E-07,3.50E-20,0,0,0.000131346,9.226152509
7.28E-05,0.506101366,0.052915809,3.65E-09,25048.98828,5.15E-08,1.46E-09,1.69E-18,5.43E-07,1.013870591,3.659521703,11.28481413,4.380481203,0.000650196,1.01E-08,2.037691382,11.59001397
3.97E-05,0.758569406,0.031292434,4.08E-09,47394.05288,2.46E-07,1.62E-09,3.09E-18,3.31E-07,10.66674526,8.379877942,0.047932502,8.10E-07,8.10E-27,0,0.01967134,9.452478222
1.30E-05,0.692508141,0.067087064,3.35E-09,27124.60285,2.11E-07,2.04E-09,3.18E-18,9.50E-07,16.44462602,7.335222483,0.015572649,5.49E-08,5.30E-29,0,0.00173662,9.35720984
4.26E-05,0.817503152,0.0292041,2.14E-09,27321.94848,2.80E-07,3.26E-10,3.28E-18,4.07E-07,0.26915951,0.695156969,3.221650538,7.514170036,1.240873564,0.000175425,2.084639572,11.66323278
8.28E-05,0.87068227,0.020775187,1.13E-09,48403.40329,3.94E-07,2.64E-09,2.71E-18,4.28E-07,0.626624412,1.494327057,3.983317078,8.725126197,4.164088097,0.057154215,3.901518836,13.95249601
2.83E-05,0.796429781,0.063768805,2.21E-09,6068.99618,3.75E-07,1.32E-09,3.72E-18,2.84E-07,22.75521808,3.758803841,0.002482071,1.50E-09,4.19E-32,0,0.000709924,9.265408044
7.46E-05,0.746376598,0.068219302,2.43E-09,29220.77384,2.93E-07,1.37E-09,3.74E-18,4.64E-07,2.874012158,13.93306311,4.370785618,0.006409342,2.36E-09,1.25E-32,0.417987051,9.895721928
8.24E-05,0.648011956,0.04741209,1.94E-09,6454.76765,3.25E-07,7.05E-10,3.61E-18,9.59E-07,4.970513367,17.51301781,4.609494141,0.005821029,7.11E-10,5.94E-34,0.587654154,9.987258233
9.10E-05,0.761177426,0.031684476,4.38E-09,9359.808944,2.35E-08,2.81E-09,2.52E-18,3.39E-07,15.4894349,0.000665246,1.32E-10,7.93E-33,0,0,0.309906624,9.560148264
8.71E-05,0.536943266,0.06060223,8.33E-10,34817.58044,3.26E-07,8.55E-10,3.78E-18,9.17E-07,0.442481784,0.83573987,1.487633582,2.609842198,3.343886304,1.164575196,5.266868707,15.8431744
5.60E-05,0.830702727,0.014459894,8.47E-10,22131.67952,3.77E-07,2.59E-09,1.72E-18,4.84E-07,0.850758644,1.802529903,4.22609954,7.465243258,4.968548561,0.713930746,5.090741049,15.61838588
9.19E-05,0.556263773,0.072823082,2.10E-09,17421.60248,3.21E-07,4.63E-10,1.29E-18,4.13E-07,0.35808089,0.710991935,1.485516919,3.247264076,3.803168944,0.899777299,4.386153621,14.66229039
7.55E-05,0.598004158,0.038474137,2.48E-09,7138.911643,3.41E-07,9.68E-10,2.55E-18,7.04E-07,5.83217861,17.43846245,4.095652545,0.009412953,3.01E-09,8.30E-33,0.579538984,9.996026088
6.30E-05,0.769848421,0.076235177,3.06E-09,31840.20348,7.00E-08,1.44E-09,1.04E-18,8.84E-07,0.551461986,1.280207722,3.354195071,7.810476457,4.795599375,0.125966314,3.929598458,14.0298653
4.49E-05,0.71834318,0.012404529,4.16E-09,45234.47254,1.82E-07,5.34E-10,1.76E-18,9.46E-07,0.266797129,0.716045987,4.028132386,6.864233663,0.552000476,5.20E-05,1.822562224,11.33117809
4.26E-05,0.792471435,0.07666318,3.19E-09,19765.97565,2.87E-07,1.79E-09,2.20E-18,8.69E-07,4.335566233,15.49607787,4.220294739,0.013993191,1.38E-08,2.05E-31,0.314769883,9.909283041
6.64E-05,0.826179194,0.071424578,3.80E-09,14201.31148,3.43E-07,7.24E-10,1.57E-18,7.52E-07,0.878062061,5.156068436,10.88215664,1.568032521,0.002597926,2.20E-11,1.128497069,10.57728268
1.64E-05,0.727569598,0.014153606,2.29E-09,37441.89076,2.31E-07,2.37E-09,2.12E-18,6.78E-07,0.906604771,2.69133421,11.23414861,6.33343553,0.069396446,8.96E-08,1.98071066,11.53691349
3.24E-05,0.527855367,0.068000425,2.36E-09,39167.51239,1.42E-07,7.48E-10,1.77E-18,4.05E-07,0.354235322,0.709040386,1.476863689,3.537627391,3.830678934,0.538114198,3.825277892,13.90732471
4.83E-05,0.579918207,0.058627147,1.69E-09,35320.57793,3.46E-07,2.07E-09,2.66E-18,5.13E-07,0.793068641,2.058925105,7.918736208,7.672670187,0.421242226,3.29E-06,2.377834183,12.02065055
4.96E-05,0.729708415,0.046115492,2.17E-09,34330.71834,1.13E-08,1.62E-09,1.25E-18,9.96E-07,0.6821862,1.271628774,2.370837853,4.687101348,5.133696792,1.167039107,6.016436089,16.78988666
2.47E-05,0.646975502,0.058892722,2.38E-09,46955.17679,2.03E-07,5.55E-10,2.87E-18,6.06E-07,0.265241365,0.673084562,2.764280338,7.629585399,1.675024673,0.000446756,2.25081094,11.86630675
4.15E-05,0.894839479,0.014217287,1.11E-09,49935.84253,2.67E-07,1.67E-09,2.31E-18,3.23E-07,0.413305738,0.923604086,2.241764539,5.265321887,6.075643405,1.17265711,4.717147726,15.10480698
3.94E-05,0.599605502,0.040672379,4.69E-09,46910.72741,2.41E-08,2.89E-09,3.10E-18,4.98E-07,20.09483066,5.29016501,1.49E-06,2.86E-19,0,0,0.058653633,9.284708637
1.88E-05,0.616827267,0.017981056,1.06E-09,23718.38025,1.79E-07,2.34E-09,2.75E-18,5.99E-07,1.058534841,2.052046654,4.235522029,7.045516729,2.987474392,0.079740497,4.484627037,14.79190976
6.27E-05,0.747364903,0.044180772,2.64E-09,31867.39651,6.28E-08,1.78E-09,2.98E-18,4.28E-07,1.279104513,9.120862649,13.78429502,0.314978677,1.86E-07,1.90E-29,1.205037222,10.61045459
9.96E-05,0.845942715,0.013023309,3.13E-09,44002.7589,2.08E-07,1.67E-09,1.10E-18,7.81E-07,0.472040501,1.141468846,3.157505609,7.759264398,3.453454304,0.043483536,3.481134447,13.39402123
7.53E-05,0.893540294,0.053186404,1.13E-09,26276.74901,3.51E-08,2.23E-09,2.46E-18,7.55E-07,0.929604265,2.063412219,5.038609721,9.795711359,5.682967354,0.124774691,5.091220143,15.50752242
3.79E-05,0.65647503,0.054686884,2.50E-09,28414.66238,1.18E-07,2.93E-09,3.46E-18,9.78E-07,9.170408186,18.77454597,1.195013903,1.07E-05,2.08E-25,0,0.089160765,9.562480117
6.79E-05,0.776485067,0.01521536,3.76E-09,21868.58086,2.83E-07,1.84E-09,3.30E-18,6.55E-07,15.52080505,0.25569347,1.00E-05,9.69E-13,6.90E-37,0,0.270592967,9.516957477
9.84E-05,0.74177066,0.016928769,3.20E-09,28141.90103,3.33E-07,2.64E-09,3.60E-18,3.91E-07,17.60251839,0.731267189,5.55E-05,1.42E-11,5.49E-35,0,0.426005391,9.69847829
4.65E-05,0.539127299,0.05449839,2.77E-09,12651.56654,9.98E-08,1.25E-09,2.00E-18,2.69E-07,1.522415581,7.570365274,13.48726134,2.138942938,5.41E-05,5.02E-09,1.562743599,11.04229892
1.20E-05,0.667003099,0.052744838,2.60E-09,37883.71275,3.04E-07,2.09E-09,3.07E-18,5.42E-07,2.104684622,13.27842168,6.123369062,0.036878294,8.64E-08,7.62E-30,0.457792433,10.04412777
8.14E-05,0.730114903,0.044695767,6.71E-10,23688.92485,3.29E-07,1.27E-09,1.45E-18,7.01E-07,0.497269376,0.917763005,1.751419392,3.483456186,4.206902845,1.840343994,6.55426782,17.73234645
3.41E-05,0.520792134,0.011154879,3.38E-09,14277.46736,4.03E-08,1.59E-09,3.50E-18,4.46E-07,23.42529601,5.684804781,5.76E-05,3.55E-06,7.43E-09,8.13E-32,0.108692887,9.339453592
6.08E-05,0.668612625,0.026400644,1.97E-09,21079.60495,2.42E-07,2.12E-09,2.51E-18,5.26E-07,1.433181015,6.207295947,14.73506404,2.860503782,0.001381191,1.40E-12,1.815917252,11.32450669
3.69E-05,0.693041594,0.022016641,4.37E-09,17923.31554,7.93E-08,2.01E-09,3.37E-18,8.55E-07,8.189186855,0.000166044,2.77E-11,3.01E-33,0,0,0.034645911,9.258461953
3.32E-05,0.529417815,0.079913539,3.81E-09,8054.704063,3.00E-07,1.13E-09,2.43E-18,4.49E-07,19.1711998,2.440211666,0.001798909,7.62E-07,1.34E-27,0,0.000571001,9.282807834
6.53E-05,0.540211027,0.022511735,4.53E-09,22429.96421,2.81E-07,2.15E-09,2.89E-18,4.58E-07,7.929752697,0.005363863,1.12E-05,1.28E-21,0,0,0.324933116,9.576664746
8.01E-05,0.762723224,0.060299336,3.80E-09,29876.2592,2.43E-07,6.66E-10,2.44E-18,7.09E-07,0.609157843,6.273343205,8.72524171,0.333117886,2.58E-05,3.36E-25,0.848918674,10.2261316
3.48E-05,0.598822821,0.077042391,1.78E-09,26184.50593,2.34E-07,2.47E-09,2.29E-18,8.18E-07,1.127283379,2.928320805,10.04523033,7.317030398,0.23488324,2.22E-07,2.394613988,12.0490003
5.21E-05,0.538038446,0.039067027,1.38E-09,40938.50357,8.45E-08,1.20E-09,2.25E-18,3.77E-07,0.535446091,0.993451967,1.706816392,2.726865783,3.224930514,1.148551174,5.784693004,16.56333725
1.05E-05,0.522140487,0.06182577,1.73E-09,20989.12732,2.20E-07,4.13E-10,1.27E-18,8.74E-07,0.333544546,0.623293571,1.087525539,1.844314727,2.613410687,1.51991083,5.482541706,16.24305908
2.63E-05,0.872337865,0.062758751,3.87E-09,49979.36795,2.53E-07,1.12E-09,2.49E-18,2.68E-07,0.648719269,7.80169164,7.370176788,0.149474139,5.29E-06,2.22E-26,0.568637566,10.1232658
7.92E-05,0.778664942,0.070254969,4.11E-09,16109.46106,1.26E-07,5.84E-10,2.84E-18,8.67E-07,5.972288647,13.57902629,0.964482724,1.54E-05,1.94E-17,0,0.176603087,9.607326104
2.57E-05,0.681824146,0.01723676,4.99E-09,22366.28454,1.21E-07,2.38E-09,3.80E-18,6.19E-07,0.000343663,2.26E-12,4.97E-28,0,0,0,3.77979E-06,9.220615528
2.13E-05,0.610274941,0.024615253,6.01E-10,30640.93215,3.07E-07,7.32E-10,2.06E-18,3.38E-07,0.356590726,0.652271375,1.108797314,1.833129895,2.686716026,1.894388998,7.291455295,18.84505671
1.78E-05,0.784095465,0.053736435,3.86E-09,9606.375097,2.24E-07,2.26E-09,2.45E-18,9.84E-07,13.48173752,0.073699439,5.29E-06,5.11E-18,0,0,6.882E-05,9.224049622
9.81E-05,0.648346761,0.02663346,4.87E-09,30059.39234,3.24E-07,2.86E-09,3.60E-18,8.55E-07,0.001273279,1.06E-09,4.65E-16,1.85E-39,0,0,0.393358536,9.651941497
3.70E-05,0.570991188,0.01890155,1.78E-09,15605.59073,3.52E-07,2.56E-09,2.09E-18,4.24E-07,1.696061309,5.412283556,12.62805694,4.504152462,0.011439192,2.08E-09,2.120057396,11.712405
7.95E-05,0.501647413,0.025367021,2.84E-09,28958.63823,4.71E-08,1.58E-09,1.96E-18,5.61E-07,0.901957716,1.994512204,6.372659955,6.747115753,0.644034245,1.18E-08,3.071492734,12.87005104
7.01E-05,0.84179553,0.013327166,4.64E-09,49276.45627,2.57E-07,1.12E-09,2.07E-18,3.87E-07,0.691976515,8.447894442,6.382406359,0.100135598,4.82E-06,2.11E-26,0.740137971,10.12681344
5.45E-05,0.861519917,0.041331016,4.43E-09,28842.73634,5.06E-08,1.54E-09,2.23E-18,8.23E-07,4.082821383,16.36807359,3.720939175,0.000170352,6.61E-15,0,0.331606163,9.759140645
8.55E-05,0.844006822,0.043329148,4.87E-09,6147.676682,2.47E-07,4.69E-10,2.70E-18,2.91E-07,11.52952018,0.045985175,1.49E-06,1.17E-17,0,0,0.214186116,9.455048478
9.86E-05,0.844986881,0.015320561,2.15E-09,20341.74621,9.12E-08,2.92E-09,2.64E-18,5.04E-07,2.37762859,13.83260518,14.8315088,0.263012599,2.48E-07,2.12E-29,1.539242751,11.00083879
7.37E-05,0.638836278,0.025093292,1.24E-09,25976.16948,6.13E-08,1.11E-09,2.93E-18,6.38E-07,0.666236471,1.283160763,2.556744014,5.365493004,4.611142875,0.309332191,5.155554278,15.6035182
3.65E-05,0.833638103,0.050030278,1.59E-09,13246.61988,2.08E-07,7.85E-10,3.01E-18,4.77E-07,0.860713476,2.343496081,9.401561956,8.991779748,0.225502628,4.22E-07,2.383379146,12.02395915
1.13E-05,0.71879872,0.059511681,2.23E-09,39546.07823,7.91E-08,2.84E-09,1.99E-18,9.77E-07,0.970527278,2.572009433,9.233941321,10.21599276,0.361385511,5.14E-07,2.705790785,12.42721428
5.99E-05,0.582373329,0.066947122,4.26E-09,47966.63625,1.06E-07,2.76E-09,3.01E-18,5.81E-07,17.01351216,5.417592586,0.000797703,2.82E-10,8.77E-33,0,0.081467662,9.346516029
9.30E-05,0.788709261,0.034724703,4.79E-09,32693.82599,3.09E-07,4.17E-10,3.11E-18,4.25E-07,3.462255989,9.30370362,0.884603631,6.95E-05,1.46E-11,1.44E-35,0.369123445,9.773875179
6.21E-05,0.751585058,0.069671785,4.70E-09,44838.6049,2.58E-07,1.85E-09,1.04E-18,2.79E-07,0.600281092,1.733120034,8.081052784,5.871266669,0.168492078,1.30E-05,1.760315722,11.26061971
6.13E-05,0.895994955,0.028931868,2.36E-09,20377.59605,8.12E-08,1.41E-09,3.09E-18,8.85E-07,1.470924636,10.25487114,13.74861145,0.283552063,2.18E-07,2.34E-29,1.179300327,10.5903592
3.66E-05,0.74093307,0.02633403,1.51E-09,37759.66173,3.31E-07,1.53E-09,1.61E-18,7.46E-07,0.440205242,0.962441918,2.36545714,5.40474428,5.175451992,0.726001088,4.259747876,14.50221542
9.50E-05,0.539759736,0.020730194,2.61E-09,36451.82664,3.77E-07,2.27E-09,2.49E-18,6.55E-07,1.200497577,9.14703092,10.29046563,0.426928309,4.49E-05,6.22E-10,1.300607447,10.70506144
9.77E-05,0.722451256,0.056437029,1.05E-09,15200.38299,1.19E-07,6.28E-10,2.57E-18,6.58E-07,0.542583727,1.06260994,2.23975864,4.866242682,5.257690036,0.985613602,5.482859639,16.09541476
1.25E-05,0.72935471,0.070602521,4.74E-09,21659.14744,3.23E-07,2.24E-09,1.49E-18,6.11E-07,7.555239416,14.55112396,1.206634065,0.002546492,1.00E-09,1.84E-33,0.090392234,9.690516369
6.75E-05,0.502136196,0.033844574,1.94E-09,45926.68928,1.86E-08,2.54E-09,3.74E-18,6.10E-07,1.076107134,2.750090699,11.98852824,4.495030616,0.015102671,1.12E-08,2.345892137,11.94571839
6.35E-05,0.780668772,0.059810907,3.36E-09,8421.892776,2.03E-07,1.02E-09,2.38E-18,3.15E-07,13.32414297,14.07242253,0.33910098,2.09E-05,9.95E-25,0,0.101234647,9.54213372
6.21E-05,0.669071782,0.071785238,3.71E-09,28305.83914,1.82E-07,2.65E-09,3.73E-18,6.91E-07,10.62738852,0.009303329,1.47E-08,6.26E-29,0,0,0.051211652,9.276571043
7.05E-05,0.52360343,0.051358321,1.52E-09,29996.87037,3.53E-07,1.76E-09,1.07E-18,6.69E-07,0.614926009,1.107168503,1.899464161,3.119572522,2.995677902,0.914964319,5.248284269,15.89541598
5.12E-05,0.530095995,0.0492532,2.73E-09,15702.82164,1.99E-07,1.34E-09,2.88E-18,8.39E-07,5.2998287,16.69983508,3.570834612,0.001915618,2.26E-07,4.16E-29,0.397858822,9.833969376
3.18E-05,0.756364013,0.046347936,8.14E-10,30371.92851,2.17E-07,1.75E-09,1.03E-18,9.23E-07,0.502612513,0.933429001,1.811907266,3.630867778,4.344079056,1.911160993,6.41975127,17.58945698
1.00E-04,0.850570919,0.069775909,4.31E-09,6504.183148,1.26E-07,1.17E-09,3.79E-18,4.17E-07,0.000204445,1.20E-11,2.38E-24,0,0,0,0.121656968,9.353645724
8.98E-05,0.663559135,0.023999896,3.81E-09,32882.84892,1.55E-07,3.30E-10,2.18E-18,7.64E-07,0.255407058,0.69627606,4.549604828,6.609441901,0.305126838,4.50E-06,2.013835256,11.53654522
8.91E-05,0.823543869,0.022694423,1.56E-09,42028.10212,1.12E-07,2.44E-09,2.06E-18,7.98E-07,0.694101221,1.642557503,4.324206572,9.455503863,4.455663529,0.035628926,4.264017374,14.41480948
8.45E-05,0.519578101,0.065754082,1.80E-09,46796.37224,7.80E-08,1.56E-09,3.77E-18,3.95E-07,0.670257057,1.686283537,7.868598787,7.06804017,0.283071852,7.72E-08,2.408299734,12.0382579
1.12E-05,0.755284737,0.028139316,3.61E-09,35476.61292,2.99E-08,2.25E-09,3.66E-18,7.43E-07,17.77310733,10.02389804,0.000161242,1.04E-11,1.54E-35,0,0.00068444,9.251544503
9.87E-05,0.782528095,0.017422797,4.89E-09,49442.85499,2.18E-07,1.16E-09,3.18E-18,5.57E-07,11.62731026,4.838879619,0.002068088,4.83E-09,3.05E-30,0,0.407710305,9.709668836
9.63E-05,0.65349779,0.079351473,4.57E-09,47054.50321,3.79E-07,2.75E-09,3.43E-18,9.40E-07,5.543622446,0.000568205,5.23E-09,4.07E-29,0,0,0.085790446,9.31439247
1.53E-05,0.542883265,0.012496739,1.46E-09,24505.41097,2.34E-07,8.23E-10,3.06E-18,9.64E-07,0.533365858,1.141095301,2.798274898,6.580200051,2.710810679,0.029329585,3.465913086,13.44275375
1.75E-05,0.906523527,0.023243557,1.45E-09,9537.589096,2.02E-07,1.93E-09,3.71E-18,3.08E-07,3.612663348,19.63010124,10.72919232,0.048080874,1.25E-08,6.86E-32,0.799842885,10.31516869
2.16E-05,0.506685344,0.07348985,1.15E-09,7624.813184,7.43E-08,1.55E-09,1.87E-18,7.97E-07,1.909749292,3.151515533,4.287950188,4.340989078,2.133062819,0.239142917,5.059964789,15.59411885
