dGrainHBS,FaceCovMax,SwellLink,rResolBulk,DatomFissGBx,StickProb,fNucleate,vResol,rResolGBB,Fuel_Swelling,Porosity,Bubble_Size
1.09E-05,0.543684303,0.046133302,2.64E-09,16566.4728,2.16E-07,2.47E-09,2.62E-18,6.82E-07,21.8422818,0.101243331,0.029150571
3.78E-05,0.902307173,0.066351784,9.90E-10,49866.11584,4.42E-09,1.46E-09,1.45E-18,3.41E-07,54.30884876,20.26704144,1.353575925
5.42E-05,0.771475605,0.040869731,3.83E-09,25301.602,1.34E-07,1.60E-09,2.14E-18,6.41E-07,45.65643911,16.4540638,0.32655591
7.28E-05,0.763686347,0.061679424,2.62E-09,12046.2757,7.75E-08,2.50E-09,1.00E-18,4.75E-07,53.78335388,20.21178807,0.492218521
6.39E-05,0.769132781,0.070328589,4.74E-09,22337.97143,3.29E-08,2.77E-09,1.35E-18,9.66E-07,41.53019542,13.97092776,0.341881177
1.13E-05,0.700145097,0.071709002,2.64E-09,44058.84931,3.04E-07,8.50E-10,1.79E-18,8.06E-07,24.36858957,1.171390725,0.005412785
4.95E-05,0.904693824,0.024280189,2.85E-09,33865.59296,7.45E-08,1.75E-09,2.93E-18,9.51E-07,42.88634461,14.87866429,0.313298828
1.46E-05,0.885160655,0.010725033,2.93E-09,10930.23917,3.18E-07,2.55E-09,2.60E-18,1.00E-06,21.46016213,0.042453226,0.0592354
2.06E-05,0.881160759,0.039286014,3.41E-09,30253.27653,2.75E-07,1.78E-09,2.94E-18,9.26E-07,21.68383675,0.062463095,0.028145339
1.85E-05,0.840159381,0.047853123,1.04E-09,17070.19524,3.31E-07,7.05E-10,1.03E-18,6.88E-07,31.48555704,6.384731219,0.307513278
1.03E-05,0.741348675,0.035105277,2.31E-09,42959.16741,9.86E-09,5.56E-10,2.24E-18,9.81E-07,29.1051505,3.729771544,0.755155836
6.59E-05,0.667826214,0.051986313,4.42E-09,35025.36742,1.49E-07,1.31E-09,2.83E-18,7.46E-07,50.3672306,19.00394435,0.410190741
3.12E-05,0.665171598,0.062261194,8.03E-10,13905.43277,1.19E-08,2.43E-09,2.37E-18,5.77E-07,51.29191546,18.7707501,1.206429857
9.31E-05,0.57498507,0.044724191,3.11E-09,44366.66558,2.43E-07,9.29E-10,3.49E-18,8.03E-07,68.42848215,27.1515288,0.679892052
5.10E-05,0.615630961,0.045259041,2.69E-09,37936.16685,3.48E-07,1.01E-09,1.24E-18,4.13E-07,51.67482638,19.39186703,0.38255308
3.88E-05,0.538373472,0.067861001,2.21E-09,9516.706935,2.34E-07,2.38E-09,3.38E-18,5.47E-07,35.30085744,10.22726626,0.189664744
5.13E-05,0.578475657,0.029819034,4.70E-09,7477.628008,2.42E-07,1.12E-09,3.91E-18,3.24E-07,53.12527887,20.47106741,0.362982685
9.88E-05,0.903180393,0.010928928,3.66E-09,34375.15738,2.78E-07,1.09E-09,1.94E-18,9.71E-07,81.0854154,31.86789052,0.805764809
9.25E-05,0.544283115,0.032674892,4.95E-09,45914.21923,6.27E-09,1.82E-09,1.84E-18,7.59E-07,79.75765764,30.9470613,0.912245829
3.37E-05,0.905955766,0.07914192,1.88E-09,11863.99823,2.79E-07,5.33E-10,1.15E-18,3.96E-07,29.11085384,5.057766421,0.068877554
8.09E-05,0.524063741,0.019822542,4.20E-09,37017.97864,3.54E-07,7.66E-10,1.85E-18,4.64E-07,79.07473113,31.30132952,0.692367949
8.02E-05,0.89384958,0.073817564,1.74E-09,27942.30786,3.04E-07,2.24E-09,1.22E-18,9.42E-07,51.0240338,18.69000833,0.45945141
9.57E-05,0.874249715,0.03751037,4.07E-09,49186.72003,6.01E-08,9.62E-10,2.87E-18,9.62E-07,65.71798503,26.07251907,0.681909279
4.31E-05,0.637488237,0.060637363,3.71E-09,24016.92227,5.54E-09,2.76E-09,2.38E-18,2.61E-07,37.80745554,11.7314636,0.226540272
2.76E-05,0.875675415,0.034422941,3.43E-09,24852.08275,3.39E-07,9.37E-10,3.29E-18,7.97E-07,23.52877972,1.690393371,0.083131641
5.25E-05,0.65332691,0.023143714,4.73E-09,29800.31768,1.82E-07,1.52E-09,3.11E-18,7.12E-07,53.61706752,20.69568369,0.382964573
4.42E-05,0.613170629,0.019395687,6.27E-10,13232.64032,3.58E-07,2.74E-09,3.85E-18,3.97E-07,61.58559942,24.25745288,1.277388273
6.24E-05,0.602663484,0.02443291,6.88E-10,12089.80587,5.89E-08,4.71E-10,1.26E-18,5.77E-07,123.4627642,43.12071038,1.996970449
1.34E-05,0.905297097,0.069144507,3.95E-09,11308.18025,3.10E-07,6.69E-10,3.26E-18,3.47E-07,21.43676802,0.036158201,0.004077348
8.74E-05,0.770777638,0.022960906,1.64E-09,44145.58777,1.73E-07,9.75E-10,2.17E-18,4.49E-07,78.06167572,30.64150509,0.882203299
4.97E-05,0.513698488,0.062806761,2.15E-09,18110.62756,3.50E-07,2.09E-09,1.23E-18,7.95E-07,49.24446553,18.00948506,0.418468466
8.16E-05,0.601426388,0.040561519,4.67E-09,19832.51785,3.35E-07,9.53E-10,3.69E-18,4.39E-07,63.13145446,25.1281534,0.580428825
4.43E-05,0.586628715,0.025023594,2.41E-09,20010.99904,3.15E-07,2.92E-09,1.28E-18,4.03E-07,52.57187123,19.97920108,0.509554984
5.41E-05,0.722524735,0.014716444,2.03E-09,13844.3018,1.41E-07,3.21E-10,2.70E-18,6.66E-07,57.00032557,22.2029492,0.439414388
3.07E-05,0.777632504,0.058160488,2.25E-09,7508.890818,2.16E-07,9.03E-10,2.36E-18,6.74E-07,26.33787287,3.676549459,0.096643516
9.38E-05,0.810749546,0.055912344,1.28E-09,15948.22516,2.03E-07,5.23E-10,2.21E-18,8.77E-07,69.06668998,26.84602313,0.736702231
3.64E-05,0.631042201,0.058362932,3.42E-09,18172.87354,3.31E-07,1.25E-09,2.21E-18,2.78E-07,33.88213663,9.287517367,0.174712005
4.51E-05,0.711922431,0.051145885,4.18E-09,13984.52318,2.66E-07,5.01E-10,2.04E-18,9.55E-07,39.49757393,12.8728616,0.243547598
6.43E-05,0.512008074,0.074772232,4.77E-09,20630.82832,2.32E-07,2.70E-09,2.88E-18,7.27E-07,42.57488766,14.73626559,0.353793841
3.52E-05,0.552364064,0.026114086,4.81E-09,47413.7587,1.44E-07,1.26E-09,3.88E-18,4.26E-07,41.96640799,14.39422145,0.263168266
5.47E-05,0.867667859,0.079229247,4.01E-09,37145.22114,1.57E-07,2.30E-09,2.53E-18,6.86E-07,33.07386778,8.726596151,0.24147461
8.44E-05,0.728906723,0.046400377,1.02E-09,9166.720832,1.23E-08,1.33E-09,3.55E-18,8.63E-07,73.19251882,28.61923511,1.394888116
5.48E-05,0.8503922,0.073387194,3.21E-09,11089.35398,4.45E-08,1.99E-09,3.97E-18,2.86E-07,34.66277287,9.806565427,0.254642039
9.40E-05,0.559688122,0.041918972,4.26E-09,16451.98701,3.01E-07,2.16E-09,3.97E-18,8.22E-07,67.31483818,26.85628678,0.680306451
5.56E-05,0.871752742,0.063028578,4.30E-09,49049.84618,3.34E-08,1.71E-09,2.51E-18,4.96E-07,37.90625205,11.8449427,0.280926151
6.43E-05,0.862783933,0.019505247,1.38E-09,9219.01363,6.79E-08,1.61E-09,3.06E-18,5.70E-07,58.39908882,22.82546677,0.470205215
9.43E-05,0.831638522,0.041021992,3.36E-09,7933.417271,3.60E-07,2.49E-09,2.92E-18,9.05E-07,61.38712,24.32367655,0.640568166
5.04E-05,0.681414479,0.068201445,1.01E-09,26618.17873,3.82E-08,2.73E-09,2.64E-18,7.87E-07,54.26856512,20.69136275,0.756287993
8.69E-05,0.644091057,0.064167976,2.61E-09,24733.87338,1.06E-07,2.86E-09,2.47E-18,6.11E-07,53.12468854,20.14084966,0.542544852
8.51E-05,0.51383753,0.01659961,2.80E-09,10737.35477,3.99E-07,1.61E-09,3.17E-18,9.19E-07,80.52386227,31.84229854,0.724443321
7.36E-05,0.605352862,0.061748283,2.72E-09,8756.817433,9.41E-08,2.46E-09,3.30E-18,2.90E-07,49.49733409,18.52685806,0.448015207
8.25E-05,0.651921084,0.041439567,1.84E-09,17897.26673,3.06E-08,2.30E-09,2.75E-18,4.37E-07,68.24202773,26.7838679,0.88529258
1.89E-05,0.886809659,0.029127747,3.83E-09,23749.89981,1.97E-07,1.65E-09,3.03E-18,6.37E-07,21.47594857,0.043334181,0.038834258
9.54E-05,0.765053856,0.023546476,1.60E-09,40396.37306,4.29E-08,1.78E-09,1.06E-18,4.46E-07,95.873775,36.10254555,1.825175878
5.12E-05,0.900571315,0.064791775,1.79E-09,21393.30376,1.30E-07,1.57E-09,3.73E-18,5.87E-07,35.29544856,10.13223208,0.240052441
9.77E-05,0.724490726,0.029220356,4.75E-09,46024.42183,3.96E-07,2.11E-09,3.70E-18,4.84E-07,73.19336484,29.14654934,0.737741085
5.74E-05,0.811694179,0.02448697,3.55E-09,18972.17259,3.73E-07,2.64E-09,3.81E-18,7.41E-07,51.14378882,19.4634611,0.385185062
2.17E-05,0.526321009,0.070112185,3.65E-09,41515.76479,1.81E-07,1.41E-09,1.43E-18,2.63E-07,28.27967627,5.072031788,0.090335652
1.82E-05,0.609627914,0.075882838,1.61E-09,22802.75024,3.99E-07,2.53E-09,3.40E-18,2.88E-07,22.68941243,0.328344813,0.019862282
7.99E-05,0.777000899,0.046960441,8.08E-10,40557.23042,1.13E-07,2.29E-09,3.25E-18,5.52E-07,69.82474395,27.19859582,1.095967191
2.52E-05,0.61195863,0.076839428,3.06E-09,6989.944732,1.87E-07,2.56E-09,1.90E-18,8.35E-07,24.04942971,2.154539498,0.066858908
3.49E-05,0.629499709,0.049309775,4.03E-09,6242.488738,3.60E-09,7.52E-10,1.55E-18,3.96E-07,38.91330924,12.42182181,0.47865189
2.94E-05,0.606949203,0.040288948,1.06E-09,17518.44244,1.43E-08,1.70E-09,2.08E-18,9.03E-07,55.89621021,21.17689547,1.491947207
7.35E-05,0.856379915,0.015284295,4.42E-09,45469.85313,1.03E-07,8.94E-10,2.03E-18,6.64E-07,64.07356281,25.49393892,0.567208265
7.83E-05,0.631974217,0.04677215,4.00E-09,15748.10203,3.48E-07,3.53E-10,1.55E-18,3.48E-07,63.06287905,24.94748771,0.548468362
8.08E-05,0.753381922,0.057609733,1.27E-09,6478.580112,1.63E-07,9.84E-10,3.77E-18,2.70E-07,55.33995449,21.23119291,0.514842939
7.52E-05,0.757794216,0.04299798,4.31E-09,41249.02574,1.41E-07,2.50E-09,3.62E-18,3.04E-07,54.38714003,21.07117907,0.489056062
1.15E-05,0.604281028,0.033602077,1.37E-09,39895.66776,1.84E-07,3.59E-10,1.98E-18,6.59E-07,31.45220218,5.076586018,0.826760781
5.21E-05,0.693314825,0.018391724,1.68E-09,20828.58718,3.88E-07,4.39E-10,2.20E-18,5.61E-07,56.99739281,22.10719803,0.438925773
4.27E-05,0.869545467,0.01926211,4.88E-09,16155.28077,3.68E-07,1.42E-09,2.11E-18,4.55E-07,38.82358727,12.49388456,0.262933879
5.15E-05,0.889883857,0.06891993,2.59E-09,36956.38198,3.72E-07,2.79E-09,2.97E-18,6.47E-07,33.82449095,9.223253533,0.233822001
4.51E-05,0.818704261,0.013101538,3.25E-09,20223.96666,8.41E-08,2.52E-09,3.31E-18,5.17E-07,44.86633216,16.05569454,0.311547727
9.48E-05,0.50049131,0.057304192,3.37E-09,38334.29058,1.79E-07,2.13E-09,1.04E-18,4.32E-07,71.4775929,27.38292992,0.818385337
4.36E-05,0.704111076,0.02216938,2.51E-09,37264.77223,8.45E-08,7.79E-10,3.42E-18,9.30E-07,45.54087611,16.37994142,0.321328836
5.37E-05,0.665829531,0.057538363,4.59E-09,12541.455,2.20E-07,4.25E-10,3.02E-18,3.02E-07,44.55147766,15.86942831,0.30942697
4.86E-05,0.579185278,0.078609341,1.07E-09,10246.18776,2.96E-07,2.57E-09,2.60E-18,8.70E-07,42.29739888,14.11637804,0.304183398
5.69E-05,0.705976167,0.042767424,1.35E-09,42693.99,1.24E-07,2.38E-09,3.60E-18,7.00E-07,52.12164443,19.62476503,0.401969601
2.15E-05,0.516166756,0.010241767,1.39E-09,25107.42995,3.34E-07,6.96E-10,1.62E-18,8.52E-07,45.68217375,15.76865485,1.246052745
1.75E-05,0.504937707,0.011549335,4.92E-09,29339.46189,1.04E-08,2.71E-09,3.33E-18,9.92E-07,24.09360672,2.184874971,0.180873116
7.10E-05,0.605018642,0.079815411,2.34E-09,8946.69737,3.84E-07,3.07E-10,3.81E-18,5.68E-07,47.83632072,17.60985108,0.416118908
9.85E-05,0.797197831,0.038538903,7.53E-10,8737.409702,2.23E-07,2.55E-09,2.45E-18,9.17E-07,80.98511764,31.01106202,1.252190619
9.46E-05,0.519187386,0.040170249,1.44E-09,38061.08216,2.08E-07,2.47E-09,3.36E-18,8.30E-07,80.03882179,30.71725434,1.07318893
3.68E-05,0.717529873,0.038959012,2.33E-09,49952.2093,2.81E-07,2.34E-09,2.99E-18,7.63E-07,35.76970482,10.50770423,0.199070659
1.58E-05,0.547928945,0.058420569,1.24E-09,40215.41431,3.55E-07,2.12E-09,2.56E-18,7.03E-07,26.8762781,2.223966952,0.252970396
3.43E-05,0.885110112,0.068493974,2.26E-09,14639.27372,3.98E-07,1.95E-09,2.97E-18,4.82E-07,25.23893353,3.066206888,0.097489909
2.23E-05,0.800521991,0.068439696,1.59E-09,10873.19128,3.20E-07,3.82E-10,1.51E-18,5.39E-07,27.50481383,3.460376014,0.03559003
7.73E-05,0.833135612,0.053426928,2.96E-09,47039.90028,9.79E-08,1.54E-09,3.78E-18,6.29E-07,50.61432844,19.08875588,0.475375948
6.67E-05,0.547380319,0.019002206,1.27E-09,18227.04535,9.21E-08,5.79E-10,3.52E-18,6.90E-07,81.24570073,31.87015911,1.581411253
4.63E-05,0.819457499,0.035216635,6.18E-10,44749.89765,1.33E-07,1.06E-09,3.90E-18,2.73E-07,53.04652721,20.16190401,1.113839805
2.98E-05,0.899252828,0.075693238,1.01E-09,27013.70843,1.89E-07,4.54E-10,2.35E-18,5.45E-07,31.30008221,6.074258733,0.103668984
4.18E-05,0.829663745,0.045484592,3.30E-09,27523.94436,1.63E-08,1.44E-09,1.92E-18,8.73E-07,35.93122284,10.39717311,0.21005253
6.98E-05,0.844724238,0.017002819,4.68E-09,16913.21924,1.66E-07,2.75E-09,3.58E-18,7.33E-07,60.72556526,24.08167449,0.511441395
2.17E-05,0.590939399,0.025852018,1.58E-09,44188.31585,7.84E-08,8.39E-10,2.96E-18,7.14E-07,35.18759685,9.024619281,0.930223697
5.17E-05,0.850961816,0.073899867,2.98E-09,34939.41271,2.47E-07,8.50E-10,2.85E-18,9.25E-07,34.83507741,9.876808801,0.238723958
7.46E-05,0.847259709,0.071379064,4.70E-09,16772.58099,1.06E-07,2.63E-09,1.54E-18,8.49E-07,41.97889349,14.32359691,0.402545017
4.18E-05,0.798898323,0.029894204,1.75E-09,36158.53149,2.60E-07,1.89E-09,1.64E-18,3.39E-07,42.22332975,14.14253509,0.268348122
1.89E-05,0.666305664,0.056502492,4.33E-09,49474.29207,2.46E-07,2.84E-09,1.38E-18,6.13E-07,22.56601185,0.310912306,0.031487098
3.05E-05,0.547122853,0.025328634,1.63E-09,34688.64304,1.99E-07,1.04E-09,1.75E-18,3.09E-07,54.16408279,20.78910517,1.063041057
9.09E-05,0.750821852,0.039937458,3.80E-09,31878.35855,3.45E-07,1.30E-09,1.30E-18,4.25E-07,65.99289281,26.03716862,0.641683889
8.89E-05,0.695825105,0.068685387,2.76E-09,14722.42294,2.69E-07,7.37E-10,1.38E-18,9.34E-07,57.32174814,21.96060758,0.564799123
1.81E-05,0.768259073,0.067928463,2.77E-09,40467.90888,2.73E-07,1.36E-09,1.99E-18,3.79E-07,23.35470719,0.66453731,0.006640055
9.61E-05,0.713198252,0.033666892,1.44E-09,33393.88197,2.91E-07,4.33E-10,2.30E-18,7.93E-07,83.35776066,32.07627016,1.00959546
9.46E-05,0.770466681,0.062230481,1.37E-09,35911.92463,3.45E-07,2.64E-09,1.40E-18,5.65E-07,66.88435792,25.56504665,0.706142982
7.03E-05,0.534202835,0.068050411,4.95E-09,39708.00559,3.96E-07,2.58E-09,3.94E-18,7.71E-07,46.22040801,16.82238874,0.409185782
3.28E-05,0.583730969,0.037118839,1.86E-09,28768.7614,3.92E-08,1.19E-09,3.35E-18,5.42E-07,39.86731906,12.83830365,0.619164856
2.43E-05,0.895768218,0.076618675,3.91E-09,39477.52368,2.08E-08,2.34E-09,2.38E-18,6.89E-07,22.17641597,0.173062597,0.014762464
2.74E-05,0.504440958,0.071255953,1.99E-09,27697.3725,3.86E-07,1.88E-09,1.29E-18,4.47E-07,43.9492967,15.39698167,0.249107677
3.00E-05,0.579495462,0.066962653,1.79E-09,20086.59981,7.88E-08,1.37E-09,2.15E-18,7.80E-07,41.24867393,13.8060858,0.31880958
8.34E-05,0.50675933,0.025734368,1.51E-09,29494.4424,4.73E-08,2.01E-09,3.66E-18,5.09E-07,86.16414361,33.30728669,1.573787258
8.36E-05,0.561700396,0.017476224,4.57E-09,44312.38954,2.13E-07,3.38E-10,1.72E-18,3.26E-07,82.27050038,32.37557924,0.736956065
7.21E-05,0.694520585,0.024663435,3.52E-09,46438.47267,1.02E-07,1.25E-09,2.22E-18,6.02E-07,65.75175958,26.13767636,0.558482505
3.04E-05,0.6638466,0.021051676,2.82E-09,23314.53272,3.05E-07,1.48E-09,2.18E-18,8.44E-07,33.93761141,9.30699032,0.201677415
1.21E-05,0.56423551,0.077654299,4.24E-09,39367.19075,2.38E-07,1.23E-09,2.73E-18,6.84E-07,21.75445005,0.075914945,0.004010268
9.68E-05,0.539567007,0.046390739,7.87E-10,30753.93535,3.64E-07,4.83E-10,1.27E-18,3.81E-07,125.8607058,42.44008404,1.650007395
5.50E-05,0.565082194,0.034555287,2.13E-09,46906.26152,1.77E-07,4.97E-10,2.77E-18,9.83E-07,59.74948193,23.35808341,0.596691031
5.30E-05,0.767658139,0.027322808,6.04E-10,17407.41433,1.82E-07,2.17E-09,1.10E-18,5.51E-07,85.7871363,33.01111149,1.442535806
1.17E-05,0.679335737,0.028689194,2.61E-09,38157.88961,6.04E-08,2.56E-09,1.09E-18,5.13E-07,28.3257594,3.116322442,0.655568943
2.50E-05,0.585661083,0.073006825,1.38E-09,45169.1531,2.33E-07,5.31E-10,1.47E-18,3.73E-07,41.70953759,13.39040372,0.367718286
5.81E-05,0.853526743,0.01253018,4.10E-09,28097.87985,3.28E-07,2.38E-09,1.65E-18,7.75E-07,54.64902875,21.19250959,0.422620911
3.27E-05,0.592500438,0.018840267,7.60E-10,6189.998666,1.50E-07,6.99E-10,2.49E-18,4.05E-07,63.75460439,25.2062023,1.497596988
4.34E-05,0.834326648,0.037474731,2.88E-09,14273.7597,3.74E-07,7.99E-10,1.80E-18,2.85E-07,37.47958929,11.57778256,0.232246924
9.96E-05,0.694013228,0.02559339,7.29E-10,6429.046277,1.18E-07,5.09E-10,2.10E-18,7.15E-07,109.0390215,39.51379636,1.995166703
5.77E-05,0.903658636,0.033906887,4.45E-09,6660.871901,7.24E-08,3.68E-10,1.81E-18,9.14E-07,46.12473103,16.72766634,0.356006484
4.47E-05,0.813802225,0.06347637,3.53E-09,15828.4093,3.86E-07,1.04E-09,1.79E-18,5.53E-07,33.63817919,9.101532648,0.202558564
4.89E-05,0.826206576,0.044376688,3.32E-09,32839.45473,2.76E-07,1.16E-09,3.01E-18,4.11E-07,39.65598023,12.97318238,0.267477144
7.08E-05,0.689675605,0.061123173,3.44E-09,43821.77209,2.40E-08,3.03E-10,3.61E-18,4.00E-07,53.56948502,20.5395958,0.448672886
9.10E-05,0.671864727,0.041632394,3.80E-09,48887.63133,9.01E-09,1.96E-09,1.99E-18,3.52E-07,69.90444577,27.37764862,0.677909219
8.56E-05,0.571448132,0.010561931,1.44E-09,45493.38083,1.01E-07,2.01E-09,3.72E-18,2.52E-07,92.32153506,35.39248683,1.566365838
2.87E-05,0.797811411,0.03478703,4.54E-09,27824.88012,2.42E-08,1.70E-09,1.74E-18,8.65E-07,26.79148862,4.028337893,0.117618901
5.23E-05,0.514249334,0.017187254,2.79E-09,34787.90558,1.62E-07,1.29E-09,1.23E-18,4.52E-07,68.71509292,27.20690921,1.200114996
4.45E-05,0.69068373,0.052578976,4.04E-09,34241.06737,1.45E-07,8.08E-10,2.65E-18,5.75E-07,39.17152355,12.6645589,0.240484693
7.47E-05,0.774940958,0.05481468,1.36E-09,18641.54499,3.77E-07,1.29E-09,2.00E-18,9.99E-07,57.55101143,22.07963987,0.489307695
1.30E-05,0.675473956,0.060356629,1.52E-09,19872.46233,2.14E-07,9.06E-10,2.82E-18,2.97E-07,25.1405888,1.469034822,0.025830699
5.09E-05,0.677313021,0.012725312,4.47E-09,28897.22929,2.17E-09,2.96E-09,1.80E-18,6.80E-07,57.11384909,22.28908766,0.460671955
9.20E-05,0.596223739,0.078834405,7.37E-10,37200.18634,1.22E-07,8.64E-10,1.75E-18,5.21E-07,98.91092606,36.26926207,1.311413412
5.91E-05,0.805283451,0.020130876,2.56E-09,17827.03274,2.17E-07,2.82E-09,1.25E-18,9.85E-07,56.92729565,22.14893598,0.42340383
1.66E-05,0.80125981,0.017406818,2.40E-09,34916.10019,2.84E-07,2.03E-09,1.61E-18,4.72E-07,24.21894085,1.120825369,0.06725863
4.77E-05,0.838158847,0.053364463,4.06E-09,16211.05335,1.28E-07,8.69E-10,1.87E-18,6.37E-07,36.87320237,11.21339069,0.239353743
8.05E-05,0.680159248,0.034648063,3.64E-09,32902.11814,1.62E-07,1.95E-09,1.17E-18,5.57E-07,67.35852488,26.60560932,0.593041516
8.12E-05,0.563188852,0.05547745,1.08E-09,42203.79961,3.63E-07,2.32E-09,2.79E-18,3.15E-07,67.81207486,26.2666837,0.828805442
6.74E-05,0.814962753,0.045670083,3.58E-09,42893.30834,2.94E-07,1.99E-09,2.42E-18,8.28E-07,49.55825206,18.56347798,0.415185947
2.43E-05,0.661254981,0.022436278,1.65E-09,40127.74777,2.35E-07,1.03E-09,2.13E-18,8.84E-07,33.27012374,8.004080337,0.570835437
6.21E-05,0.507908467,0.076909239,3.93E-09,16303.26682,1.96E-07,2.91E-09,3.88E-18,4.51E-07,41.06928917,13.85070639,0.332612465
8.93E-05,0.60282057,0.028255983,3.27E-09,22003.86062,3.70E-07,5.46E-10,3.04E-18,7.83E-07,75.0342695,29.76600814,0.709573906
8.41E-05,0.759283522,0.03437882,2.76E-09,14200.25127,1.70E-07,2.65E-09,1.30E-18,4.27E-07,66.06037465,26.05434564,0.602279323
6.53E-05,0.658776675,0.045790499,3.62E-09,31246.67438,3.59E-07,7.17E-10,2.00E-18,9.00E-07,54.94491419,21.25088981,0.432884223
5.33E-05,0.866417957,0.026020575,2.41E-09,37838.04993,3.18E-07,1.43E-09,3.06E-18,8.25E-07,46.58571311,16.97598735,0.346718252
5.07E-05,0.685805908,0.062964183,1.80E-09,43503.90516,2.30E-07,1.45E-09,2.11E-18,7.36E-07,44.3448693,15.34636582,0.293098705
2.20E-05,0.501504924,0.025195721,4.08E-09,9671.874166,8.24E-08,1.06E-09,3.08E-18,3.03E-07,29.10842778,5.994127647,0.160209164
2.59E-05,0.557580376,0.019568843,3.60E-09,45101.14465,1.42E-07,3.36E-10,3.76E-18,2.78E-07,32.02802229,8.01622052,0.218713636
4.58E-05,0.794576676,0.043830473,2.48E-09,10969.68101,1.29E-08,2.42E-09,2.23E-18,7.67E-07,39.93508525,12.99250266,0.255904291
2.65E-05,0.785159612,0.072765202,3.92E-09,9879.008101,2.34E-07,2.62E-09,1.44E-18,8.16E-07,22.75069734,1.046067702,0.048086186
2.54E-05,0.706930953,0.07239864,1.02E-09,25854.02021,1.02E-07,1.40E-09,3.27E-18,7.38E-07,31.07934157,6.15325633,0.219107257
2.84E-05,0.716828169,0.02042227,1.24E-09,38972.50616,3.91E-07,2.73E-09,2.76E-18,7.09E-07,33.32427266,8.128682827,0.225320337
1.98E-05,0.614284501,0.050897331,2.95E-09,40521.63883,3.69E-07,1.22E-09,1.20E-18,3.58E-07,25.30224287,2.033927186,0.068690197
8.14E-05,0.776396356,0.049100324,2.23E-09,22687.66896,2.29E-07,1.89E-09,3.51E-18,4.66E-07,54.94513606,21.24332975,0.523809349
3.62E-05,0.614574461,0.079843786,3.82E-09,48569.6032,3.67E-07,1.83E-09,2.28E-18,5.63E-07,30.11934938,6.686417575,0.144774497
4.09E-05,0.674516422,0.065922032,4.19E-09,7824.200929,2.39E-07,1.57E-09,3.95E-18,4.34E-07,33.44064478,9.019178406,0.186191382
4.17E-05,0.778154798,0.030199506,1.83E-09,32760.34856,3.49E-07,4.05E-10,2.01E-18,7.46E-07,41.62093642,13.75094172,0.264156256
5.25E-05,0.761616426,0.067611453,1.69E-09,47554.80943,2.70E-07,2.65E-09,2.03E-18,8.60E-07,41.5346963,13.71268749,0.27259376
1.40E-05,0.721044736,0.066704306,1.99E-09,6841.58629,5.73E-08,2.68E-09,3.24E-18,6.71E-07,21.59712607,0.076154008,0.005550394
2.05E-05,0.732458353,0.050235551,3.95E-09,18430.14893,1.25E-07,2.32E-09,2.08E-18,3.64E-07,21.64484495,0.063322867,0.033891565
4.75E-05,0.509049872,0.043879708,3.76E-09,41568.98726,3.14E-07,1.23E-09,3.75E-18,7.21E-07,48.52911213,18.05361652,0.314262703
1.62E-05,0.680623166,0.032409816,3.63E-09,24145.68263,3.82E-07,6.87E-10,1.06E-18,9.05E-07,24.21607104,1.204929062,0.051958323
9.11E-05,0.742379441,0.067197538,3.97E-09,42249.64682,2.71E-07,2.06E-09,1.71E-18,8.37E-07,51.40763284,19.36474031,0.554431037
2.61E-05,0.842071499,0.047085337,4.49E-09,47786.90334,3.92E-07,1.64E-09,3.77E-18,9.57E-07,22.79032034,1.163583115,0.060359894
3.33E-05,0.843452756,0.044441585,4.96E-09,11558.20984,6.72E-08,2.41E-09,1.44E-18,8.51E-07,28.25886465,5.350623596,0.130972085
9.29E-05,0.733652943,0.034861883,3.45E-09,30621.49719,2.96E-07,1.03E-09,3.63E-18,5.41E-07,68.15274234,27.15470291,0.677021439
7.64E-05,0.63679392,0.059578433,4.54E-09,6073.602494,3.52E-07,2.12E-09,1.37E-18,5.21E-07,50.68094282,19.1649421,0.46940759
2.11E-05,0.82555064,0.021239313,2.70E-09,26407.62335,1.90E-08,1.91E-09,2.33E-18,5.98E-07,23.76322812,0.827091211,0.081942375
2.35E-05,0.811043017,0.058030318,2.28E-09,35151.61623,1.86E-07,1.83E-09,3.10E-18,5.99E-07,22.72889284,0.60621505,0.032675498
8.97E-05,0.771982616,0.060227514,6.09E-10,48664.84296,1.79E-07,6.64E-10,2.48E-18,3.87E-07,81.36664574,31.10328777,1.25755947
2.16E-05,0.544087212,0.064695346,9.29E-10,8218.845723,1.86E-08,1.89E-09,3.98E-18,9.38E-07,35.34494934,9.199408916,0.607006688
5.66E-05,0.603561787,0.079086079,4.00E-09,33378.69605,1.14E-07,1.80E-09,2.43E-18,9.81E-07,39.13897496,12.60260501,0.291376902
7.58E-05,0.51654108,0.043399592,8.97E-10,40369.82045,7.67E-08,1.23E-09,3.47E-18,9.46E-07,83.21799684,32.14187341,1.559390336
4.54E-05,0.516855873,0.073223867,3.06E-09,13110.18809,4.88E-08,2.71E-09,1.10E-18,3.83E-07,54.54863039,21.19647488,0.385666692
9.80E-05,0.704619449,0.05522188,1.98E-09,22652.72843,2.00E-07,1.59E-09,2.87E-18,2.80E-07,63.43005783,24.80519404,0.665940556
7.07E-05,0.539038592,0.062028628,4.33E-09,43526.74094,1.19E-07,2.46E-09,2.41E-18,6.63E-07,50.19601448,18.85628483,0.435562524
9.03E-05,0.859625525,0.013204163,1.20E-09,33318.88913,3.70E-07,1.70E-09,3.07E-18,5.91E-07,78.31370875,30.7935637,0.726575431
6.18E-05,0.61844264,0.030278265,9.19E-10,38190.49623,2.87E-07,2.76E-09,1.88E-18,7.25E-07,73.35318183,28.76285647,1.320797676
8.78E-05,0.785625834,0.028177632,4.52E-09,47943.16644,1.38E-07,5.66E-10,2.52E-18,7.96E-07,68.43341395,27.26189487,0.660445074
3.76E-05,0.66679552,0.077559117,8.52E-10,49399.84375,3.32E-07,5.11E-10,2.66E-18,5.18E-07,51.40424009,19.21744395,0.383397886
6.89E-05,0.890849952,0.027515959,4.40E-09,14753.18579,1.29E-07,1.27E-09,3.15E-18,9.09E-07,54.40048583,21.09875008,0.467875109
6.76E-05,0.765681667,0.071535714,4.43E-09,15551.54691,3.24E-08,9.22E-10,1.33E-18,9.88E-07,45.38475826,16.1333856,0.379740025
3.54E-05,0.748991135,0.028982627,5.00E-09,16022.97331,2.55E-07,3.16E-10,3.34E-18,6.69E-07,33.69534803,9.18847065,0.200019422
4.36E-05,0.898338854,0.075184617,2.50E-09,35634.96626,2.14E-07,7.34E-10,3.37E-18,9.69E-07,29.69215909,6.310726132,0.164552516
2.29E-05,0.762132288,0.015432182,2.57E-09,38438.46534,5.32E-08,2.66E-09,2.51E-18,5.29E-07,25.11855793,2.431042124,0.126209216
5.27E-05,0.804765877,0.036828232,1.95E-09,46966.02626,3.23E-07,1.35E-09,3.18E-18,6.82E-07,45.92373373,16.55427107,0.323553576
5.07E-05,0.75561573,0.025768697,3.36E-09,26108.44693,1.93E-07,1.93E-09,1.69E-18,8.41E-07,48.86851755,18.19266983,0.341454044
8.11E-05,0.742674452,0.050752116,1.82E-09,33230.13713,2.97E-07,1.55E-09,3.64E-18,3.46E-07,56.6156335,21.94787251,0.528403395
9.85E-05,0.773432217,0.020913022,2.90E-09,9254.071638,9.60E-08,2.62E-09,2.98E-18,3.55E-07,78.37536092,30.96803853,0.766319105
9.60E-05,0.836830358,0.045986636,3.16E-09,31607.75974,2.48E-07,1.90E-09,2.46E-18,3.76E-07,61.2217644,24.11703932,0.648689678
9.17E-05,0.639302998,0.063147691,4.52E-09,26495.28486,1.32E-07,2.95E-09,2.80E-18,7.40E-07,52.53376911,20.10136938,0.57048271
7.47E-05,0.84290918,0.043478879,2.93E-09,12895.44771,1.98E-07,1.20E-09,2.92E-18,8.80E-07,53.14578093,20.42055005,0.477357017
2.88E-05,0.823022842,0.029426966,3.48E-09,48690.18194,5.17E-08,9.67E-10,2.27E-18,2.84E-07,26.94917843,3.833380179,0.125410942
2.26E-05,0.653691744,0.037750016,2.43E-09,41042.39847,2.36E-07,1.38E-09,3.15E-18,9.75E-07,24.76265926,2.33077967,0.093864875
7.61E-05,0.54873436,0.017267976,2.01E-09,27369.89681,2.45E-07,2.18E-09,3.84E-18,6.45E-07,76.27248411,30.25442969,0.651009019
2.32E-05,0.730664095,0.016232144,1.49E-09,12301.88519,2.55E-07,5.74E-10,1.08E-18,3.06E-07,35.49842284,9.335987808,0.842593158
6.12E-05,0.609213032,0.047740058,1.23E-09,22569.2649,3.42E-07,1.14E-09,1.17E-18,5.60E-07,72.92565647,28.35455298,0.965643668
1.25E-05,0.793619634,0.022641188,4.37E-09,8412.990253,3.27E-07,2.18E-09,2.88E-18,2.80E-07,21.36017845,0.002330657,0.040301268
9.97E-05,0.866181604,0.027094259,1.35E-09,9572.126187,1.45E-07,1.64E-09,3.69E-18,2.89E-07,75.48309698,29.72903022,0.753524569
1.44E-05,0.600830756,0.01427333,1.47E-09,42055.29716,2.89E-07,2.59E-09,1.08E-18,8.92E-07,30.53229185,4.443911707,1.002482741
1.60E-05,0.886438164,0.038008529,4.83E-09,17249.81287,3.00E-07,6.72E-10,2.33E-18,9.60E-07,21.66090231,0.056653971,0.025865272
9.93E-05,0.647468373,0.019992019,2.44E-09,9823.228592,6.55E-08,2.47E-09,3.63E-18,4.88E-07,84.17864983,32.87571667,0.818938486
2.34E-05,0.654984644,0.016031928,3.94E-09,6727.908559,3.69E-07,1.44E-09,2.95E-18,4.10E-07,26.4969458,4.055015361,0.13001812
2.04E-05,0.723909904,0.011679917,3.86E-09,7067.826811,3.75E-07,1.48E-09,2.31E-18,8.11E-07,22.20933909,0.691723287,0.08904374
5.63E-05,0.776210417,0.020750323,4.31E-09,21845.53531,2.30E-08,2.78E-09,3.50E-18,4.09E-07,53.07773547,20.42804504,0.397033117
8.32E-05,0.581696242,0.013681028,3.89E-09,20886.82321,2.55E-09,2.01E-09,1.97E-18,3.71E-07,87.34305689,33.94834792,1.616022503
7.91E-05,0.554769654,0.075227893,2.56E-09,48819.92357,4.14E-08,6.25E-10,3.40E-18,6.17E-07,54.58739706,20.71105277,0.498502828
4.46E-05,0.600170393,0.049626106,3.70E-09,37613.58285,3.33E-07,1.78E-09,2.24E-18,8.05E-07,42.15144181,14.45343142,0.260262289
4.13E-05,0.595129068,0.078321926,3.85E-09,23922.03534,2.52E-07,2.86E-09,1.56E-18,2.95E-07,33.16353449,8.766494013,0.184432432
9.26E-05,0.612605301,0.071894218,4.76E-09,30171.89019,1.94E-07,4.73E-10,1.67E-18,4.93E-07,56.87584217,22.0234888,0.593545197
8.48E-05,0.54960292,0.077044389,3.35E-09,22434.64425,3.44E-07,1.01E-09,3.31E-18,7.19E-07,48.47774972,17.97390569,0.502813359
8.76E-05,0.690858881,0.040737429,1.72E-09,26634.18644,1.51E-07,1.55E-09,3.44E-18,2.68E-07,66.84896095,26.35982013,0.631818987
8.59E-05,0.73649974,0.013979423,1.17E-09,48092.72498,1.23E-07,4.62E-10,3.57E-18,6.27E-07,87.227264,33.768047,1.437067149
1.53E-05,0.532317994,0.059065837,1.30E-09,10479.11586,2.63E-07,3.64E-10,3.96E-18,8.01E-07,25.13976422,1.388762554,0.16355146
8.05E-05,0.688851366,0.078361775,1.11E-09,20330.87945,7.50E-08,2.04E-09,1.64E-18,5.01E-07,63.14014418,24.03437598,0.795404135
6.45E-05,0.570106749,0.030563141,1.31E-09,35828.09354,1.31E-07,2.86E-09,3.14E-18,9.89E-07,69.43826312,27.34137253,1.11877148
4.72E-05,0.567426729,0.012961915,1.03E-09,16716.17418,3.76E-07,9.59E-10,2.30E-18,4.73E-07,71.71501027,28.32353817,1.376731414
3.83E-05,0.883193618,0.017538922,1.82E-09,37066.26415,3.43E-07,2.58E-09,3.96E-18,9.45E-07,35.66788985,10.45927666,0.2324934
9.06E-05,0.758438302,0.049238825,2.18E-09,32954.08124,1.20E-07,2.23E-09,1.69E-18,9.85E-07,65.47814294,25.47560247,0.628135099
6.02E-05,0.79932299,0.030869827,3.50E-09,39245.32797,3.30E-07,2.89E-09,2.04E-18,9.52E-07,51.70232557,19.68502901,0.396768467
9.64E-05,0.710620242,0.014410358,9.40E-10,36047.95596,1.78E-07,2.33E-09,1.21E-18,5.72E-07,104.9482235,38.65275028,1.890602429
9.79E-05,0.845418886,0.033134222,3.05E-09,8113.095748,1.38E-07,1.07E-09,3.48E-18,8.76E-07,69.00645113,27.50407374,0.710934421
7.05E-05,0.83539194,0.05703452,1.46E-09,19238.75037,4.81E-08,2.92E-09,3.36E-18,4.35E-07,49.4062189,18.22636001,0.420248531
3.24E-05,0.529510404,0.039543356,2.19E-09,41723.82961,8.33E-08,1.84E-09,2.69E-18,8.59E-07,39.91852809,12.90315921,0.497971331
8.52E-05,0.569472488,0.02855092,2.78E-09,29940.86341,7.96E-08,1.51E-09,2.60E-18,7.26E-07,74.6161488,29.3996428,0.685824019
3.02E-05,0.716503847,0.055724343,2.86E-09,39746.90919,7.97E-08,2.81E-09,1.32E-18,3.07E-07,30.65951599,6.314949976,0.13319427
7.81E-05,0.715939472,0.045362061,2.04E-09,41407.16754,2.40E-07,2.39E-09,3.05E-18,6.39E-07,58.23187389,22.70816964,0.523308846
7.33E-05,0.656952221,0.017700969,2.12E-09,31708.40037,3.44E-08,1.87E-09,2.00E-18,5.61E-07,79.18354091,31.11779125,1.425833591
7.93E-05,0.566895509,0.023742942,1.97E-09,41361.1746,1.54E-07,2.48E-09,3.00E-18,2.77E-07,75.88700609,29.94177566,0.683721791
6.42E-05,0.826891338,0.016740911,4.50E-09,37997.02109,2.27E-07,1.94E-09,3.57E-18,3.65E-07,57.79341358,22.73197687,0.473474044
9.84E-05,0.804180264,0.060886985,1.14E-09,17455.88413,2.04E-08,6.67E-10,3.19E-18,9.94E-07,74.64207949,28.81893467,1.129851136
6.23E-05,0.752730392,0.02208083,2.38E-09,30913.65357,5.64E-08,1.77E-09,2.74E-18,9.43E-07,59.20772236,23.25842502,0.469389379
3.09E-05,0.821957826,0.035796927,6.66E-10,46987.84349,4.57E-08,1.90E-09,3.56E-18,3.51E-07,43.63305624,14.17155342,1.227425271
3.94E-05,0.838885009,0.018254041,2.74E-09,10722.29884,3.63E-07,1.34E-09,1.87E-18,3.61E-07,37.13510031,11.40146675,0.236936924
1.68E-05,0.838616484,0.063987075,3.13E-09,41091.65822,8.03E-08,1.17E-09,3.76E-18,5.45E-07,21.9613661,0.125360975,0.006406086
1.94E-05,0.529162268,0.068771085,4.23E-09,27646.27357,1.65E-07,1.08E-09,2.89E-18,8.98E-07,22.10117138,0.54776281,0.044789131
4.78E-05,0.830805234,0.055279063,1.43E-09,39505.87279,3.83E-07,2.72E-09,2.52E-18,7.23E-07,39.16895192,12.39741328,0.242723513
1.19E-05,0.780763484,0.042203197,4.16E-09,11780.26921,3.83E-07,1.82E-09,3.67E-18,5.81E-07,21.36032306,0.001898394,0.017370267
1.07E-05,0.787478601,0.022866441,3.23E-09,23845.16755,3.19E-07,2.52E-09,3.85E-18,3.99E-07,21.39833383,0.025863553,0.046137482
4.11E-05,0.608240034,0.051804483,1.22E-09,46544.57285,1.92E-07,5.98E-10,3.78E-18,4.45E-07,44.85631388,15.61990446,0.491378736
8.79E-05,0.760410995,0.051903878,3.74E-09,46843.44729,5.53E-08,5.92E-10,2.77E-18,6.83E-07,59.88320369,23.49142986,0.587617703
3.61E-05,0.906435608,0.069835663,1.83E-09,39156.14376,2.01E-07,1.87E-09,2.09E-18,7.37E-07,28.53392296,4.704866755,0.104710488
2.97E-05,0.851491385,0.01378853,2.08E-09,43357.48392,1.86E-07,4.82E-10,3.10E-18,3.81E-07,28.06858522,4.414170274,0.165153493
6.99E-05,0.611369211,0.01063598,1.31E-09,18798.71322,5.51E-08,1.46E-09,2.28E-18,6.00E-07,88.46606863,34.33111292,1.849720642
5.14E-05,0.552749043,0.06520587,2.62E-09,35409.41403,2.72E-07,9.97E-10,1.31E-18,5.23E-07,49.10282454,17.9380437,0.371196349
6.82E-05,0.533601786,0.070426479,2.47E-09,34477.65608,4.86E-08,5.59E-10,2.94E-18,6.30E-07,55.41957858,21.13533374,0.484858169
6.01E-05,0.649093879,0.049702226,1.29E-09,6902.438513,7.22E-10,1.06E-09,1.93E-18,4.59E-07,85.60658373,33.55066574,1.902367386
6.78E-05,0.64325974,0.036960133,3.70E-09,7651.932586,6.39E-08,5.03E-10,1.14E-18,9.71E-07,63.68842911,25.07493264,0.579414105
4.61E-05,0.760758165,0.015133343,8.30E-10,36381.67192,3.87E-07,2.83E-09,2.08E-18,7.61E-07,56.08072204,21.67154978,1.087052197
2.62E-05,0.572204905,0.067794077,6.39E-10,14942.27857,2.51E-07,7.12E-10,1.89E-18,7.78E-07,48.48877103,17.24047159,0.753967912
7.55E-05,0.746869768,0.049858104,2.87E-09,9100.485733,2.09E-07,1.30E-09,2.76E-18,4.08E-07,53.17919416,20.4265836,0.478520868
7.00E-05,0.813120509,0.026773511,1.77E-09,23699.33741,2.96E-07,8.57E-10,1.16E-18,6.07E-07,66.36819112,26.11206447,0.68709912
4.14E-05,0.551120334,0.066647846,3.02E-09,42971.16049,3.22E-07,3.97E-10,2.07E-18,8.57E-07,40.7953307,13.50971189,0.223521253
2.65E-05,0.899996803,0.023919487,4.87E-09,28318.85085,8.70E-08,2.85E-09,3.16E-18,2.87E-07,23.90670045,2.049366068,0.101736113
9.90E-05,0.880580709,0.025302125,3.67E-09,26383.24579,2.44E-07,8.63E-10,1.23E-18,3.68E-07,76.32687022,30.03510507,0.757012766
6.62E-05,0.855244358,0.066159264,3.27E-09,29115.80723,2.56E-07,2.81E-09,3.53E-18,9.61E-07,40.35441418,13.40689266,0.34982697
7.14E-05,0.682381088,0.06539799,7.20E-10,43765.65492,2.06E-07,2.78E-09,3.35E-18,9.12E-07,61.01184487,23.308466,0.751137615
9.37E-05,0.657949202,0.056203497,1.77E-09,25889.52837,9.11E-08,2.96E-09,1.55E-18,8.67E-07,71.48579062,27.38440904,0.91513768
6.55E-05,0.864514465,0.031693899,1.25E-09,30299.01232,1.68E-07,1.02E-09,2.98E-18,4.74E-07,57.3610748,22.15171321,0.457909185
4.64E-05,0.530362056,0.021896486,4.14E-09,42093.66917,1.44E-07,1.11E-09,2.80E-18,8.96E-07,54.63570669,21.17808339,0.383132366
3.19E-05,0.849565913,0.022782103,2.22E-09,26000.93605,8.31E-08,1.35E-09,2.85E-18,7.50E-07,29.72192662,6.041878312,0.163207967
6.10E-05,0.873133493,0.019160478,1.35E-09,13176.82251,2.07E-07,2.20E-09,2.69E-18,6.06E-07,55.91550145,21.66946928,0.430139734
2.25E-05,0.549096406,0.050434001,4.05E-09,49113.68229,6.64E-08,6.55E-10,1.96E-18,3.31E-07,26.76971252,3.845833163,0.102920437
1.57E-05,0.524557879,0.066796743,4.61E-09,11972.19181,1.66E-07,9.45E-10,2.26E-18,5.59E-07,21.51921211,0.050831311,0.021515903
5.40E-05,0.881715843,0.054459616,1.41E-09,7567.643126,2.06E-07,1.94E-09,1.13E-18,4.19E-07,45.54211287,15.96967671,0.391216077
7.29E-05,0.854999442,0.056798114,2.71E-09,8043.214595,1.54E-07,1.13E-09,3.71E-18,6.23E-07,47.10211167,17.28151683,0.428754164
1.31E-05,0.54541889,0.038862112,2.54E-09,32878.65906,2.30E-07,2.15E-09,2.58E-18,6.01E-07,22.60370514,0.301482653,0.050841711
4.80E-05,0.731059792,0.066280693,3.02E-09,18844.95207,4.07E-08,2.79E-09,1.38E-18,6.93E-07,38.96011565,12.25574771,0.244408378
5.71E-05,0.522999932,0.030019737,2.58E-09,25572.06099,3.62E-07,2.17E-09,1.14E-18,5.19E-07,64.73920319,25.46603993,0.810184988
4.39E-05,0.620748445,0.051124105,6.50E-10,40683.12523,8.21E-08,6.31E-10,1.35E-18,5.76E-07,86.11024293,33.14680362,1.446296661
7.77E-05,0.622762544,0.035581028,1.14E-09,38849.4627,3.05E-07,1.27E-09,1.59E-18,5.20E-07,80.07618238,31.06496716,1.294192533
1.26E-05,0.599280449,0.048572938,1.50E-09,13793.33794,1.33E-07,5.18E-10,3.17E-18,8.65E-07,25.88995823,1.732873207,0.249933044
5.62E-05,0.695962999,0.044911223,3.34E-09,40745.36941,3.47E-07,3.71E-10,1.82E-18,7.71E-07,50.91399756,19.19570363,0.361847529
8.64E-05,0.898503781,0.068801836,1.33E-09,14179.24536,2.87E-07,1.19E-09,3.25E-18,5.92E-07,50.18915998,18.61962223,0.51064741
6.93E-05,0.672737979,0.035647725,1.90E-09,38755.66978,1.17E-07,1.43E-09,2.12E-18,7.02E-07,65.32461809,25.65225515,0.759624419
4.21E-05,0.506505896,0.029562429,1.32E-09,33599.20815,3.57E-07,8.23E-10,2.06E-18,9.53E-07,70.81391361,27.99426292,1.130500593
9.25E-05,0.723821784,0.031777947,2.06E-09,37451.16484,1.37E-07,4.02E-10,2.56E-18,4.38E-07,77.48926093,30.33761304,0.72982102
2.55E-05,0.790269362,0.031118793,4.05E-09,29422.0572,3.53E-07,2.80E-09,2.43E-18,9.49E-07,24.65023704,2.634634841,0.095354471
3.92E-05,0.531635404,0.022688265,3.31E-09,30040.45532,2.78E-07,2.06E-09,1.04E-18,4.32E-07,50.65353147,19.0163227,0.600604179
2.69E-05,0.848862145,0.038351104,1.17E-09,48409.71445,5.80E-08,2.37E-09,3.11E-18,6.72E-07,29.61308263,4.968982801,0.448264168
1.02E-05,0.846094387,0.014093918,4.76E-09,28158.15358,1.58E-07,2.35E-09,3.69E-18,4.02E-07,21.3756975,0.008025289,0.065749068
1.99E-05,0.712751406,0.011062833,2.91E-09,46201.70596,4.00E-07,1.16E-09,2.67E-18,5.15E-07,22.75498936,0.710488747,0.113807509
1.41E-05,0.879730554,0.065556909,3.33E-09,43054.26221,2.40E-07,2.85E-09,1.46E-18,4.78E-07,23.14798907,0.571043771,0.004742661
8.29E-05,0.676628302,0.044115139,4.64E-09,38365.92736,2.15E-07,3.00E-09,3.05E-18,7.43E-07,58.21553194,22.89773268,0.55604787
1.64E-05,0.728169561,0.057138114,3.88E-09,8197.391838,3.40E-07,1.47E-09,2.06E-18,4.15E-07,21.47049637,0.041158504,0.008895777
8.42E-05,0.739313255,0.019798425,2.63E-09,44893.11325,3.95E-07,1.61E-09,3.68E-18,3.01E-07,70.81457834,28.24820914,0.655456948
3.09E-05,0.758895819,0.036886164,7.39E-10,15399.52049,3.09E-07,3.12E-10,2.86E-18,9.72E-07,43.82687043,14.80766142,0.803856504
1.17E-05,0.697830985,0.036083203,3.26E-09,15653.842,3.79E-07,2.46E-09,2.46E-18,9.48E-07,21.51842582,0.045258764,0.025937389
4.80E-05,0.622545721,0.0425172,3.73E-09,26957.02234,3.15E-08,1.40E-09,3.48E-18,9.74E-07,45.7215016,16.50525003,0.30570915
1.97E-05,0.783775047,0.045744855,2.49E-09,21600.01203,3.50E-07,1.07E-09,3.81E-18,3.16E-07,21.87665171,0.096440106,0.023564833
5.88E-05,0.893613332,0.0592986,3.84E-09,29073.57583,4.67E-08,2.16E-09,3.44E-18,7.18E-07,39.16852918,12.67014987,0.306519669
4.57E-05,0.767548177,0.061476084,3.30E-09,11237.31091,3.35E-07,2.51E-09,3.09E-18,5.97E-07,34.76961943,9.886841336,0.215962967
3.73E-05,0.876738889,0.030413492,4.48E-09,38590.5841,3.92E-08,9.26E-10,1.39E-18,3.52E-07,32.81709777,8.2219362,0.190731424
8.49E-05,0.621614174,0.07637076,3.60E-09,48387.48604,6.49E-08,2.44E-09,2.97E-18,7.50E-07,46.57924481,16.84579737,0.489671935
8.88E-05,0.868802533,0.031404666,4.50E-09,36307.44635,3.24E-07,5.42E-10,1.76E-18,3.12E-07,65.20349715,25.92506444,0.641739216
5.11E-05,0.864856479,0.054167874,1.50E-09,13673.58171,1.05E-07,1.81E-09,2.96E-18,4.70E-07,39.65212411,12.76172244,0.26505463
7.49E-05,0.597818004,0.015725874,4.65E-09,43928.04801,3.08E-07,1.36E-09,2.13E-18,9.69E-07,73.97517943,29.47916498,0.632462247
6.76E-05,0.670836579,0.060732653,2.13E-09,35766.66883,1.59E-07,1.58E-09,2.68E-18,8.38E-07,50.70395097,18.93886866,0.412806575
3.11E-05,0.870702014,0.032750543,4.24E-09,49336.89175,1.97E-07,5.84E-10,3.04E-18,7.29E-07,25.95432429,3.598071065,0.127456543
5.19E-05,0.874754293,0.060419355,7.71E-10,15180.32253,2.77E-07,2.85E-09,1.49E-18,7.74E-07,49.20975423,17.89518963,0.524806675
5.60E-05,0.875330798,0.031294067,3.25E-09,31212.70035,1.90E-07,2.25E-09,1.80E-18,8.70E-07,47.08609846,17.22625792,0.350724457
1.73E-05,0.799984594,0.053632017,2.85E-09,24435.35518,2.45E-07,1.75E-09,2.44E-18,6.87E-07,22.29267406,0.181368114,0.011012528
7.42E-05,0.679904163,0.015229141,3.32E-09,29172.82617,2.05E-07,2.89E-09,1.19E-18,5.93E-07,73.54452229,29.17069275,0.609408194
4.06E-05,0.652177578,0.026306338,3.17E-09,35295.67213,1.14E-07,2.10E-09,1.86E-18,3.74E-07,44.44674215,15.75121277,0.287511808
5.58E-05,0.711159926,0.04157236,4.34E-09,34824.33378,8.50E-08,2.22E-09,2.20E-18,8.20E-07,47.95473269,17.71178505,0.347652767
9.35E-05,0.897839981,0.056822723,4.32E-09,20433.88258,1.36E-07,9.87E-10,3.01E-18,8.87E-07,53.9761358,20.83902692,0.590670547
2.12E-05,0.629848257,0.030783038,3.94E-09,30965.155,1.88E-07,2.73E-09,3.32E-18,9.96E-07,24.17992663,2.266313959,0.09818797
4.93E-05,0.505756447,0.076686759,9.81E-10,15342.67928,3.15E-07,2.27E-09,1.41E-18,8.01E-07,77.27631795,30.20799613,0.614377954
5.42E-05,0.669685438,0.073556249,2.96E-09,30004.40694,1.98E-07,4.57E-10,2.63E-18,3.72E-07,42.00670721,14.29592372,0.291568473
8.94E-05,0.551627773,0.059201866,1.66E-09,27313.77992,1.31E-07,2.31E-09,3.63E-18,6.67E-07,61.95208806,23.9090388,0.619133792
6.28E-05,0.719288333,0.035360747,4.29E-09,41893.86348,3.42E-07,2.19E-09,2.62E-18,8.40E-07,53.36780458,20.55706918,0.417180364
1.59E-05,0.578317492,0.053766073,3.62E-09,43683.20703,2.85E-07,3.00E-09,3.32E-18,8.05E-07,21.44648507,0.038174075,0.031265695
1.70E-05,0.535039631,0.067347067,3.13E-09,13573.00773,2.89E-07,2.50E-09,3.84E-18,4.34E-07,21.38014462,0.017109815,0.02961882
3.51E-05,0.892987002,0.050636589,3.09E-09,40317.54788,3.97E-07,2.57E-09,3.42E-18,5.88E-07,27.6140514,4.887233157,0.129691782
5.52E-05,0.651561577,0.015947584,2.37E-09,33153.58958,1.55E-07,1.69E-09,1.41E-18,6.19E-07,63.71778204,25.12281088,0.876472767
7.26E-05,0.53615302,0.020562375,2.52E-09,11506.11277,2.90E-07,1.66E-09,1.24E-18,7.64E-07,78.11023133,30.69156843,1.045904593
7.77E-05,0.839806699,0.040267587,2.04E-09,23046.05587,3.87E-07,2.81E-09,3.28E-18,7.08E-07,55.55950261,21.56327646,0.50895325
1.42E-05,0.661390729,0.065231342,1.57E-09,17658.23074,1.44E-09,1.87E-09,3.30E-18,7.66E-07,27.12984255,2.83544826,0.502373109
9.67E-05,0.865337748,0.038335685,3.82E-09,35584.2235,3.68E-08,3.91E-10,2.64E-18,5.84E-07,69.43388431,27.53055077,0.703015397
2.57E-05,0.510548815,0.053845862,1.78E-09,15700.55172,2.19E-07,5.28E-10,2.67E-18,4.39E-07,41.01930787,13.75568095,0.346201966
5.64E-05,0.833363108,0.065600198,3.39E-09,41167.6838,3.90E-07,2.28E-09,1.46E-18,2.64E-07,39.16038932,12.57110762,0.287467725
5.49E-05,0.649855526,0.066247755,4.12E-09,19784.24325,1.59E-07,8.89E-10,3.62E-18,6.15E-07,41.85687779,14.30092824,0.300240213
9.41E-05,0.759500446,0.061397612,3.43E-09,32498.75637,3.65E-07,2.90E-09,1.02E-18,7.04E-07,57.52248272,22.06106249,0.600897204
7.97E-05,0.895114637,0.076947637,3.88E-09,31782.9489,1.69E-07,4.60E-10,1.34E-18,8.27E-07,47.48648164,17.23118475,0.453889507
6.86E-05,0.750787982,0.025570172,4.94E-09,19009.76249,1.16E-07,1.66E-09,1.89E-18,4.67E-07,59.78380135,23.61026246,0.491480156
5.72E-05,0.733157243,0.051619336,1.47E-09,18287.01514,2.62E-07,7.42E-10,1.78E-18,2.65E-07,52.76755366,19.79265882,0.497647186
4.70E-05,0.690269319,0.06976204,4.91E-09,10432.8612,9.17E-08,4.42E-10,2.39E-18,6.09E-07,37.34265921,11.53282891,0.234771033
9.45E-05,0.640291521,0.049972546,3.43E-09,19137.33415,3.93E-07,1.98E-09,1.57E-18,4.80E-07,63.57480021,25.01662009,0.651519186
2.80E-05,0.869147687,0.049441793,3.78E-09,32644.1869,9.42E-08,1.68E-09,1.65E-18,8.54E-07,24.48483312,2.001593277,0.066618637
3.05E-05,0.784375727,0.030679378,1.18E-09,12436.94747,3.21E-08,5.67E-10,2.14E-18,6.48E-07,43.61921233,14.35781188,1.210852941
9.11E-05,0.678489346,0.04167509,4.85E-09,39427.16717,1.72E-07,8.18E-10,2.61E-18,3.68E-07,65.59789326,26.06445324,0.649700673
3.36E-05,0.562265898,0.022065932,1.26E-09,31464.24947,8.87E-08,2.70E-09,1.70E-18,9.07E-07,64.8765993,25.68209747,1.432210897
8.58E-05,0.828823869,0.048366301,4.93E-09,49646.58058,1.55E-07,1.97E-09,2.59E-18,8.62E-07,54.78823515,21.2249845,0.552752968
2.81E-05,0.58632594,0.038210412,2.45E-09,24294.42762,9.84E-08,5.96E-10,1.66E-18,8.46E-07,41.52246778,13.90208202,0.611621241
2.24E-05,0.561495885,0.015044479,2.32E-09,39213.22322,1.99E-07,1.34E-09,2.25E-18,2.76E-07,31.55076563,7.212669213,0.339491376
4.24E-05,0.537502903,0.034731663,3.22E-09,47229.57669,2.46E-07,2.44E-09,3.07E-18,6.68E-07,46.90105901,17.16683594,0.295038221
7.14E-05,0.829868665,0.018478185,3.18E-09,39020.35971,2.67E-07,3.88E-10,1.82E-18,9.23E-07,64.22969855,25.49883371,0.55018372
6.17E-05,0.791502819,0.056707864,2.35E-09,45835.19218,6.86E-09,9.55E-10,3.43E-18,8.07E-07,48.09936625,17.57023245,0.368840288
9.04E-05,0.671215861,0.033009205,3.48E-09,42321.97589,2.84E-07,2.91E-09,3.61E-18,9.27E-07,67.98743317,27.09326886,0.663241983
9.78E-05,0.87788263,0.058615267,9.13E-10,25783.31905,1.49E-07,1.32E-09,1.91E-18,6.91E-07,73.71469651,28.34184071,0.963158749
3.84E-05,0.786884078,0.037873614,6.82E-10,15089.50953,2.18E-07,1.21E-09,3.00E-18,5.54E-07,47.29867512,17.11810532,0.869130229
7.81E-05,0.518307114,0.049150849,2.92E-09,30444.45957,2.92E-07,6.83E-10,1.31E-18,5.55E-07,69.23098952,27.11104563,0.734309789
4.25E-05,0.854301449,0.074604712,8.98E-10,14828.32519,1.68E-07,1.39E-09,1.81E-18,5.69E-07,42.3207223,14.23297896,0.345119221
5.61E-05,0.50523336,0.053172797,6.11E-10,10145.84334,2.58E-07,9.00E-10,3.82E-18,9.24E-07,88.2249961,34.07073098,1.136345686
2.08E-05,0.59314014,0.028485484,4.67E-09,46285.60669,3.29E-07,2.67E-09,1.29E-18,5.14E-07,25.38282563,2.960919904,0.115696599
3.62E-05,0.626633329,0.053542623,4.13E-09,28448.83333,1.65E-07,5.60E-10,3.94E-18,3.56E-07,34.85075437,9.948674466,0.182992149
4.91E-05,0.562783878,0.061850451,3.37E-09,46637.6721,2.71E-07,2.94E-09,3.33E-18,5.82E-07,41.21533108,13.90324794,0.270832626
6.88E-05,0.896306267,0.029700117,3.10E-09,7428.821606,2.06E-07,1.47E-09,1.21E-18,6.53E-07,55.16371045,21.3434505,0.457188023
4.16E-05,0.572260466,0.031009737,2.16E-09,43874.76311,2.93E-07,2.16E-09,3.71E-18,7.53E-07,46.43627502,16.89420961,0.296253649
6.04E-05,0.899495087,0.072241721,3.66E-09,7157.308027,2.43E-07,1.91E-09,3.26E-18,5.34E-07,35.94765295,10.67317565,0.290069449
9.74E-05,0.796477866,0.079501648,4.86E-09,19311.87506,1.78E-07,2.31E-09,3.25E-18,9.90E-07,44.13389279,15.64337819,0.541710552
1.23E-05,0.901482433,0.039334212,3.54E-09,13028.78383,1.37E-07,7.85E-10,2.90E-18,5.33E-07,21.69873061,0.076745157,0.023308151
8.31E-05,0.589276269,0.03620254,2.29E-09,37766.64926,3.75E-07,7.60E-10,2.42E-18,9.54E-07,71.46642027,28.25345756,0.634611242
6.51E-05,0.640985495,0.056939682,3.77E-09,27772.39451,9.26E-08,1.81E-09,2.90E-18,8.10E-07,48.54268855,18.01331292,0.395281129
3.33E-05,0.747865453,0.012329232,1.88E-09,36756.33381,1.47E-07,4.09E-10,3.62E-18,4.90E-07,34.91268848,9.59811096,0.250044682
8.66E-05,0.781515608,0.075596842,3.12E-09,43313.7015,1.25E-07,1.25E-09,2.36E-18,8.89E-07,48.00576972,17.54589614,0.502159462
9.95E-05,0.86728172,0.048265866,4.09E-09,6294.062027,2.12E-07,2.55E-09,1.51E-18,4.54E-07,59.64774072,23.47230581,0.660798743
7.13E-05,0.789030748,0.032258104,3.07E-09,20156.37141,2.76E-07,8.74E-10,1.58E-18,3.21E-07,59.77670142,23.49043757,0.49755227
3.98E-05,0.765430728,0.062389716,3.45E-09,25654.85548,3.17E-07,1.46E-09,2.32E-18,4.93E-07,31.80007147,7.864908729,0.171995896
4.66E-05,0.683038691,0.031945013,7.97E-10,10585.64261,2.64E-07,1.83E-09,2.13E-18,9.15E-07,63.28735457,24.82168156,1.116856526
3.59E-05,0.828349967,0.067068793,1.20E-09,10807.0657,2.24E-07,1.54E-09,1.78E-18,2.53E-07,32.97099684,7.998879483,0.184905689
2.36E-05,0.906527282,0.051669578,1.12E-09,44405.93927,3.60E-07,1.59E-09,2.91E-18,6.33E-07,26.35598091,2.350086292,0.026936873
7.56E-05,0.812674393,0.034037017,4.84E-09,39062.88177,3.09E-07,2.60E-09,2.74E-18,7.47E-07,57.13876466,22.40758183,0.512578871
6.57E-05,0.698352523,0.015609584,4.02E-09,32722.4057,3.19E-07,9.11E-10,1.03E-18,5.71E-07,66.79573646,26.54728054,0.532012872
2.72E-05,0.532597497,0.076215309,3.90E-09,44869.35252,8.97E-08,1.32E-09,1.79E-18,5.44E-07,28.25468977,5.156216304,0.099204804
9.93E-05,0.750002961,0.018678542,4.15E-09,35725.08622,1.96E-07,2.78E-09,3.73E-18,4.68E-07,80.76439113,31.83942752,0.793183338
2.45E-05,0.579966354,0.03496962,4.85E-09,20775.06414,3.27E-07,1.68E-09,3.38E-18,5.51E-07,28.50125357,5.542783769,0.12720177
6.71E-05,0.890430644,0.050300644,1.67E-09,23351.07941,3.81E-07,4.91E-10,3.89E-18,4.45E-07,48.83424179,18.12317953,0.403452963
7.02E-05,0.709704059,0.043291842,4.72E-09,28713.53529,5.17E-08,2.25E-09,3.80E-18,5.86E-07,53.50102189,20.63395753,0.454257465
5.84E-05,0.652678168,0.06495039,1.18E-09,44489.72058,3.78E-07,2.35E-09,3.83E-18,5.32E-07,46.76546086,16.74087447,0.337519776
6.13E-05,0.786099517,0.02151382,1.27E-09,45354.52322,2.68E-07,1.67E-09,2.39E-18,7.81E-07,61.82033464,24.20479568,0.669163434
1.75E-05,0.821035272,0.057688607,2.97E-09,19467.96761,3.22E-07,2.20E-09,2.47E-18,9.35E-07,21.82107451,0.084853718,0.008208604
7.69E-05,0.683897544,0.046172,3.70E-09,47321.34314,3.61E-07,2.68E-09,1.43E-18,3.79E-07,57.8837397,22.55443701,0.513209282
1.28E-05,0.537712701,0.059444035,4.63E-09,31185.72726,1.61E-07,2.93E-09,3.99E-18,9.95E-07,21.36743607,0.003349339,0.0168636
1.61E-05,0.627280826,0.078120981,3.68E-09,9784.50105,3.82E-07,6.04E-10,2.96E-18,4.61E-07,21.53559834,0.045123624,0.004846769
4.34E-05,0.792396558,0.036654902,4.80E-09,32290.60874,2.87E-08,4.67E-10,3.29E-18,2.51E-07,38.29718798,12.13262203,0.249004724
7.66E-05,0.676000362,0.021439194,8.83E-10,13094.1714,2.88E-07,2.95E-09,3.48E-18,3.08E-07,75.99079991,29.89496181,1.112602433
3.14E-05,0.809743647,0.011011387,3.46E-09,35129.98315,5.46E-08,2.98E-09,1.10E-18,3.35E-07,34.29266641,8.903046456,0.216303167
9.21E-05,0.592651303,0.07628325,2.83E-09,33893.18021,3.52E-07,2.84E-09,2.15E-18,3.99E-07,49.55877384,18.33424159,0.547469647
4.78E-05,0.624932313,0.064004132,1.39E-09,17051.41324,2.20E-08,1.33E-09,2.82E-18,7.63E-07,52.17297125,19.70645264,0.691368455
8.07E-05,0.701031196,0.035405169,1.95E-09,9691.30166,1.35E-07,1.05E-09,2.74E-18,8.15E-07,65.68346535,25.98426153,0.587977698
1.50E-05,0.654365734,0.04806646,4.58E-09,48035.66891,1.93E-07,1.96E-09,1.34E-18,6.81E-07,22.77417766,0.410538831,0.025006232
4.00E-05,0.669106827,0.021672748,2.45E-09,10106.31393,2.61E-07,2.64E-09,1.98E-18,7.68E-07,43.85275239,15.4583877,0.276486353
5.84E-05,0.873507909,0.043546432,3.97E-09,43953.15109,3.65E-07,2.07E-09,3.06E-18,2.60E-07,43.84922779,15.47184699,0.338739241
5.67E-05,0.695164486,0.07470767,3.20E-09,47652.58385,1.57E-07,1.30E-09,3.18E-18,8.74E-07,39.3682768,12.7425791,0.292284519
1.38E-05,0.889379697,0.074479135,4.65E-09,26174.81387,2.18E-07,5.88E-10,3.65E-18,4.20E-07,21.46387506,0.039069989,0.003193978
1.86E-05,0.606784591,0.078021021,1.55E-09,33017.54448,1.52E-07,2.10E-09,2.59E-18,3.91E-07,25.69752993,1.742257322,0.064883446
7.44E-05,0.535572377,0.011462713,4.14E-09,22320.21794,7.65E-08,8.13E-10,3.92E-18,5.00E-07,78.61104603,31.20764745,0.673917581
6.48E-05,0.627002179,0.073995036,7.85E-10,45139.69083,1.82E-07,2.94E-09,2.88E-18,8.81E-07,57.33861961,21.56760953,0.66053453
7.59E-05,0.742005876,0.028072452,3.08E-09,11194.28829,1.71E-07,2.68E-09,1.86E-18,3.40E-07,63.16407677,25.05609356,0.544806561
9.31E-05,0.660161594,0.072995534,2.30E-09,45768.57042,9.52E-08,3.34E-10,1.53E-18,3.84E-07,69.96478248,26.94489516,0.725757489
6.75E-05,0.787310625,0.036417198,6.58E-10,30344.48977,1.61E-07,1.82E-09,1.62E-18,5.25E-07,83.2708438,32.02492228,1.420194758
4.92E-05,0.853061521,0.045160343,1.64E-09,24150.22482,3.16E-07,4.15E-10,2.72E-18,7.01E-07,41.71560999,13.90571508,0.269637748
8.43E-05,0.740404143,0.011644907,3.38E-09,13398.34883,2.65E-08,2.92E-09,2.53E-18,7.58E-07,75.02892692,29.84690937,0.678469435
5.90E-05,0.664390659,0.072712467,1.33E-09,33485.4983,3.26E-07,1.56E-09,2.50E-18,8.79E-07,47.5481384,16.99481609,0.356898979
4.73E-05,0.879037028,0.010426012,4.90E-09,44110.66122,8.15E-08,1.92E-09,3.07E-18,9.20E-07,44.85573729,16.05458287,0.337978268
6.47E-05,0.836238059,0.028299928,6.96E-10,35951.50038,1.92E-07,1.86E-09,2.12E-18,9.37E-07,69.65978009,27.37059216,1.304377514
3.16E-05,0.878590389,0.042052079,2.66E-09,8464.774283,2.26E-07,1.76E-09,2.34E-18,6.60E-07,26.13139496,3.749290722,0.108955146
2.89E-05,0.896976079,0.039576629,9.78E-10,33952.39499,3.02E-07,5.48E-10,3.83E-18,5.58E-07,28.29814618,4.072632501,0.083031682
7.53E-05,0.50341997,0.033211392,2.34E-09,19626.65124,1.05E-07,1.48E-09,3.84E-18,5.23E-07,68.61190432,27.26926148,0.591030076
8.99E-05,0.85393692,0.076090123,3.59E-09,25722.46543,3.47E-07,2.23E-09,3.21E-18,8.63E-07,43.24789437,15.11278992,0.494880432
7.68E-05,0.70759342,0.079309334,6.88E-10,49242.36651,3.72E-07,2.59E-09,2.06E-18,7.00E-07,61.27439454,23.19847177,0.646761127
6.84E-05,0.641860589,0.07655018,3.54E-09,43170.14789,2.33E-08,2.25E-09,3.20E-18,3.60E-07,42.87525634,14.77561534,0.374646038
9.92E-05,0.589612251,0.06106015,8.55E-10,11654.47202,2.04E-07,4.16E-10,3.67E-18,8.85E-07,80.06071037,30.42236436,1.076934713
2.86E-05,0.535795322,0.020209713,2.37E-09,27474.65856,2.78E-08,5.52E-10,2.43E-18,6.32E-07,48.09116757,17.70669921,1.219584612
3.91E-05,0.844101047,0.051434356,4.81E-09,11450.89942,5.07E-08,2.64E-09,1.97E-18,8.95E-07,31.21845393,7.474827523,0.169087994
2.41E-05,0.565891124,0.04877882,4.22E-09,26917.6859,3.20E-07,9.71E-10,2.98E-18,5.79E-07,26.58378845,4.117740752,0.101844085
6.08E-05,0.523833571,0.051357887,4.88E-09,12688.81074,1.71E-07,8.03E-10,1.59E-18,6.55E-07,53.72567069,20.66693815,0.400657378
1.14E-05,0.788835513,0.017656574,2.63E-09,34577.6466,3.11E-07,4.29E-10,3.52E-18,8.23E-07,22.66433861,0.39723965,0.077458611
7.41E-05,0.708386822,0.035992612,4.75E-09,26062.40643,1.53E-07,1.76E-09,2.81E-18,6.59E-07,58.79804438,23.17200618,0.509856198
8.39E-05,0.569115456,0.03944197,2.68E-09,23471.84784,2.37E-07,2.14E-09,1.53E-18,9.93E-07,70.03984274,27.50218677,0.656681887
3.47E-05,0.892314415,0.016555258,1.10E-09,42411.82535,1.95E-07,1.50E-09,2.69E-18,7.55E-07,36.02379801,9.67160337,0.400378225
6.90E-05,0.781328269,0.024836107,1.70E-09,47988.40722,3.79E-08,3.03E-10,1.19E-18,3.36E-07,85.32564689,32.99294735,1.596460811
6.51E-05,0.560727862,0.06959657,9.46E-10,34119.08299,1.07E-07,2.11E-09,3.98E-18,4.83E-07,56.70131756,21.43285247,0.636750064
8.48E-05,0.795937146,0.070174571,3.39E-09,21668.51299,2.67E-07,8.13E-10,3.02E-18,9.23E-07,48.15520277,17.81693283,0.499887413
9.72E-05,0.817785567,0.079684904,4.71E-09,40919.39663,3.13E-07,1.20E-09,1.46E-18,4.89E-07,47.99915584,17.60761437,0.56457248
5.97E-05,0.683400606,0.079467514,2.56E-09,28256.64339,2.64E-07,8.02E-10,3.23E-18,5.07E-07,40.73500847,13.54922001,0.313601151
3.25E-05,0.819854501,0.074491857,3.74E-09,23606.20196,2.97E-07,1.53E-09,2.09E-18,4.86E-07,24.76996598,2.700614249,0.086491819
2.39E-05,0.793140733,0.055349041,4.84E-09,46097.96724,1.19E-07,2.03E-09,3.92E-18,3.42E-07,22.10290271,0.600680683,0.042828453
7.21E-05,0.752299441,0.060017938,4.97E-09,46251.78526,1.87E-07,7.31E-10,1.16E-18,5.09E-07,51.54739924,19.45070272,0.441563044
5.83E-05,0.745712352,0.043089309,2.09E-09,40987.72418,1.90E-07,6.47E-10,3.53E-18,2.64E-07,50.18482494,18.83117145,0.370953356
6.12E-05,0.584822138,0.056048455,2.50E-09,26775.17283,1.27E-07,9.39E-10,1.69E-18,9.30E-07,55.89337322,21.36763403,0.517449975
7.78E-05,0.703735324,0.013902235,2.74E-09,24329.21483,1.89E-07,2.97E-09,1.13E-18,8.80E-07,77.22895721,30.44926417,0.659797222
5.93E-05,0.645141203,0.022547156,2.35E-09,38649.55516,1.74E-07,1.85E-09,3.14E-18,2.75E-07,60.28299984,23.77624786,0.464298057
6.63E-05,0.857572013,0.018195413,4.03E-09,43602.16553,9.93E-08,3.30E-10,3.74E-18,2.69E-07,58.07444116,22.83747847,0.504703071
4.02E-05,0.678654867,0.014338334,2.89E-09,48320.34285,3.30E-07,4.00E-10,1.92E-18,8.09E-07,45.29010283,16.1547256,0.326706491
2.31E-05,0.51320135,0.018761075,3.98E-09,43189.424,3.93E-07,1.59E-09,2.85E-18,4.57E-07,31.23411063,7.49874738,0.188925003
9.54E-05,0.512296037,0.025461035,1.76E-09,17207.20323,3.23E-07,2.80E-09,1.29E-18,4.06E-07,93.26307855,34.83113081,1.493969007
6.39E-05,0.902572618,0.050553414,4.28E-09,18538.43394,3.51E-07,2.70E-09,1.05E-18,5.11E-07,44.6167299,15.83077104,0.364248247
7.88E-05,0.747628559,0.077781879,2.07E-09,23208.64452,7.13E-08,2.36E-09,1.72E-18,9.11E-07,50.34815277,18.3587328,0.46717096
2.28E-05,0.81006418,0.074913513,3.99E-09,24649.43212,3.73E-07,1.99E-09,1.36E-18,5.40E-07,22.45021531,0.269502674,0.016743834
1.84E-05,0.863878523,0.030502941,3.68E-09,47417.19208,3.65E-08,2.37E-09,3.61E-18,6.98E-07,21.55622508,0.05852706,0.042016574
5.80E-05,0.808936573,0.077841211,2.77E-09,14325.95831,3.21E-07,2.97E-09,1.61E-18,6.13E-07,36.29916195,10.778704,0.277642007
5.36E-05,0.794428387,0.058070118,1.89E-09,23496.26199,3.33E-07,6.42E-10,3.90E-18,9.67E-07,41.33960214,13.93305331,0.289101179
7.51E-05,0.621433871,0.073286417,2.20E-09,18695.8739,2.10E-07,2.05E-09,1.87E-18,9.01E-07,50.09272296,18.41683928,0.445524668
7.60E-05,0.816159563,0.031580075,9.07E-10,31349.82937,2.68E-08,2.35E-09,1.05E-18,7.12E-07,100.1931965,37.30778946,1.883604481
7.83E-05,0.90102627,0.029037618,4.79E-09,34505.25617,3.44E-07,2.99E-09,3.34E-18,6.26E-07,58.10323755,22.87399689,0.54058275
3.20E-05,0.860648945,0.0586788,1.96E-09,40045.13333,8.82E-08,2.28E-09,1.33E-18,6.04E-07,31.28699631,6.411310845,0.172820219
3.46E-05,0.619446057,0.013326976,2.79E-09,11354.36009,1.43E-07,2.33E-09,3.50E-18,9.31E-07,41.85316033,14.33245807,0.265284677
1.04E-05,0.847529319,0.017112547,2.10E-09,8027.980454,1.91E-07,2.21E-09,1.74E-18,6.22E-07,23.18561583,0.574872826,0.049411855
5.75E-05,0.673371521,0.012064239,1.09E-09,22721.38987,1.13E-08,1.68E-09,2.91E-18,4.02E-07,80.89261294,32.10573735,2.012345052
8.19E-05,0.542613862,0.07023266,3.96E-09,11022.18975,6.71E-08,5.82E-10,2.54E-18,7.20E-07,53.3519269,20.42720065,0.514265982
9.07E-05,0.585331174,0.050984095,4.96E-09,21483.22464,2.94E-07,1.04E-09,1.18E-18,9.13E-07,63.93760287,25.20611669,0.630570407
3.22E-05,0.718428351,0.039812431,1.48E-09,21118.4582,9.90E-08,2.27E-09,3.79E-18,2.58E-07,32.22573741,7.948287374,0.164319619
8.62E-05,0.801835084,0.023654899,1.59E-09,39327.56298,2.92E-07,1.12E-09,1.88E-18,5.95E-07,75.89572874,29.8242007,0.693337626
3.41E-05,0.878407954,0.056400358,3.69E-09,7624.915131,3.67E-07,2.04E-09,3.85E-18,3.67E-07,26.31134353,3.918972202,0.111745386
3.99E-05,0.739904713,0.016695839,1.80E-09,22866.61731,1.51E-08,2.12E-09,1.45E-18,2.74E-07,57.51363614,22.43339278,1.544364529
3.96E-05,0.826081635,0.05880506,3.11E-09,27447.2742,2.02E-07,2.13E-09,2.27E-18,2.71E-07,30.94912639,7.258707386,0.165941866
7.63E-05,0.757423363,0.066030899,4.09E-09,19148.60679,3.37E-07,6.17E-10,3.55E-18,8.29E-07,48.12812776,17.85318212,0.452211158
7.38E-05,0.522026282,0.058871614,1.15E-09,28641.62045,3.38E-07,1.43E-09,3.50E-18,3.35E-07,62.50843194,24.20559763,0.680671775
7.31E-05,0.520478182,0.073737335,4.49E-09,20061.24329,3.53E-07,6.93E-10,1.77E-18,9.56E-07,49.75715259,18.60509604,0.440151914
2.74E-05,0.573158586,0.021318143,1.96E-09,21755.55634,1.21E-07,1.74E-09,1.25E-18,9.38E-07,48.8782244,18.01044471,1.097052529
6.60E-05,0.720014603,0.033299998,1.97E-09,30663.64607,2.24E-07,1.10E-09,3.03E-18,9.91E-07,58.6143855,22.95226129,0.468143314
5.88E-05,0.722949362,0.014885257,1.73E-09,25954.41174,6.61E-08,8.36E-10,2.57E-18,6.24E-07,64.0065812,25.23488065,0.985145003
4.68E-05,0.75406553,0.033759718,2.24E-09,45293.5601,3.78E-07,1.96E-09,3.24E-18,6.20E-07,43.54963864,15.26023295,0.287463918
6.36E-05,0.600313223,0.010155846,3.21E-09,19284.5697,2.27E-07,1.24E-09,1.57E-18,3.95E-07,71.17572948,28.3465567,0.555031205
2.19E-05,0.636334051,0.027846411,4.06E-09,29646.64141,1.18E-07,4.76E-10,2.86E-18,3.57E-07,24.1422364,1.995989776,0.116933415
8.29E-05,0.735577479,0.054740882,1.88E-09,9597.846853,1.12E-07,2.94E-09,2.16E-18,4.19E-07,56.15833689,21.52889676,0.53407218
6.66E-05,0.639657877,0.057925715,1.45E-09,6612.843253,2.37E-07,1.39E-09,2.75E-18,9.56E-07,52.50550371,19.80281025,0.420445748
3.70E-05,0.72726305,0.02930829,3.78E-09,40601.69331,3.12E-07,2.02E-09,2.50E-18,8.39E-07,36.98573012,11.3306258,0.217360247
5.66E-05,0.837458956,0.072641614,1.19E-09,18021.52858,1.36E-07,1.29E-09,1.58E-18,5.35E-07,47.33855152,16.80114688,0.412052039
3.38E-05,0.851661479,0.065793005,8.47E-10,43635.5993,2.72E-07,8.58E-10,3.91E-18,3.45E-07,31.47580864,6.407943511,0.131132806
1.56E-05,0.737576089,0.041293945,1.41E-09,7114.749177,6.86E-08,2.67E-09,2.63E-18,8.31E-07,24.41582511,0.973010931,0.133009662
3.29E-05,0.72154794,0.064942219,3.04E-09,16960.26719,3.58E-07,2.04E-09,3.37E-18,2.54E-07,27.85977778,5.071681188,0.119266061
2.13E-05,0.663151349,0.019080584,2.17E-09,13332.98655,4.24E-08,1.14E-09,1.27E-18,7.57E-07,34.96758881,8.585603515,1.100540768
1.52E-05,0.790655232,0.072526917,2.36E-09,17748.46639,1.04E-07,1.99E-09,2.50E-18,3.75E-07,22.76595112,0.343724859,0.003211678
8.85E-05,0.691413513,0.032052768,4.20E-09,35230.90666,2.83E-07,7.52E-10,2.74E-18,8.83E-07,68.67111875,27.3583666,0.659258064
8.67E-05,0.57665585,0.070897604,3.08E-09,30992.00372,4.36E-08,2.57E-09,3.95E-18,8.53E-07,49.4569281,18.41484962,0.520847146
9.30E-05,0.862649935,0.048669742,2.03E-09,15979.99239,6.98E-08,1.01E-09,2.44E-18,7.79E-07,62.72622263,24.55198231,0.627124593
3.65E-05,0.824916178,0.052087127,1.71E-09,36233.74404,9.50E-08,1.19E-09,1.07E-18,8.71E-07,42.19254214,13.95477005,0.501150867
3.79E-05,0.889181526,0.018037345,1.94E-09,14573.65513,4.55E-08,2.87E-09,1.70E-18,4.97E-07,37.64458581,11.16511397,0.28260417
6.97E-05,0.73260303,0.058284602,1.70E-09,38270.98665,3.03E-07,2.74E-09,2.78E-18,9.43E-07,50.37903467,18.76259013,0.421973056
1.92E-05,0.657265731,0.042573138,4.45E-09,45014.94674,7.54E-08,1.31E-09,1.25E-18,5.39E-07,23.94724093,0.869306284,0.056957635
5.99E-05,0.816809715,0.057431526,2.06E-09,39959.92628,8.86E-08,2.20E-09,1.11E-18,2.99E-07,51.71718878,19.11735048,0.49671547
6.16E-05,0.655528487,0.079959627,8.24E-10,32234.88342,1.12E-07,2.44E-09,1.85E-18,7.55E-07,69.75933704,27.20240589,0.806869258
1.28E-05,0.528907277,0.047351069,3.72E-09,33171.95339,3.97E-07,2.36E-09,1.17E-18,5.26E-07,23.15867113,0.591777386,0.037577278
1.05E-05,0.597350162,0.016933858,4.78E-09,17968.7255,2.92E-07,1.86E-09,2.03E-18,3.20E-07,21.47456777,0.039940206,0.079096311
3.31E-05,0.575556081,0.044611049,9.50E-10,40167.13254,1.56E-07,1.97E-09,2.61E-18,5.03E-07,55.41068162,21.34630103,0.976946554
5.21E-05,0.592080725,0.077434936,3.56E-09,9427.227106,2.98E-07,1.77E-09,2.81E-18,8.18E-07,37.52924294,11.65735549,0.260194733
9.74E-05,0.7268995,0.052916735,4.58E-09,13704.96053,3.01E-07,1.79E-09,3.14E-18,2.82E-07,58.93331044,23.22197014,0.643916439
1.10E-05,0.51868071,0.042924632,3.84E-09,47867.87582,2.26E-07,1.26E-09,3.64E-18,8.36E-07,21.59399651,0.055027378,0.03949613
7.55E-05,0.56825614,0.045534747,2.71E-09,15241.50222,9.36E-08,2.41E-09,1.12E-18,8.50E-07,67.46301981,26.35201598,0.86077803
7.39E-05,0.686973371,0.035161332,4.41E-09,6361.820631,1.32E-07,1.04E-09,1.22E-18,6.73E-07,61.48855287,24.29670854,0.52305767
2.79E-05,0.555814912,0.047559705,2.36E-09,31964.81101,1.09E-07,2.22E-09,2.83E-18,2.57E-07,31.84829199,7.789819921,0.147304314
8.72E-05,0.703277439,0.04803685,4.44E-09,49903.81964,2.81E-07,1.88E-09,2.33E-18,3.17E-07,58.37314049,22.89506605,0.580957036
1.24E-05,0.729107796,0.054944372,2.38E-09,21258.72167,2.81E-07,1.58E-09,3.45E-18,5.24E-07,21.94226034,0.11050251,0.010554659
7.62E-05,0.661826668,0.033832338,2.02E-09,8340.327173,3.57E-07,2.24E-09,3.54E-18,6.36E-07,62.33541542,24.727375,0.542628883
7.06E-05,0.727497834,0.027021063,3.86E-09,31040.53416,1.83E-07,2.75E-09,2.36E-18,3.43E-07,60.96189362,24.1299275,0.507406717
9.02E-05,0.708902017,0.066507823,2.83E-09,43267.74317,8.28E-09,2.40E-09,1.51E-18,2.83E-07,64.86198811,24.89872364,0.824889069
7.95E-05,0.594213157,0.052384325,4.15E-09,49394.7577,2.56E-07,4.50E-10,3.52E-18,6.35E-07,59.66013871,23.52062189,0.542397511
8.46E-05,0.869928174,0.047478322,4.60E-09,9038.901087,2.07E-07,1.56E-09,3.38E-18,8.50E-07,53.413991,20.61034818,0.5367645
1.77E-05,0.842574473,0.040957919,2.29E-09,26279.54908,2.10E-07,1.08E-09,3.57E-18,9.47E-07,22.45039829,0.252364321,0.022612564
1.32E-05,0.789485652,0.059640464,1.32E-09,8619.556349,3.03E-07,1.19E-09,2.70E-18,2.66E-07,24.33342047,1.157428539,0.009770747
2.67E-05,0.607816337,0.01083614,3.24E-09,29287.06911,3.06E-07,9.51E-10,1.41E-18,5.49E-07,33.56657765,8.78864319,0.22121289
1.00E-05,0.806986197,0.075431273,2.05E-09,36415.71068,2.65E-07,5.71E-10,1.97E-18,2.62E-07,25.776582,1.994585933,0.003513305
6.31E-05,0.633808677,0.055548436,2.40E-09,9331.413578,1.52E-07,2.54E-09,3.31E-18,5.68E-07,47.98453874,17.72540459,0.381368779
4.49E-05,0.885977548,0.037930917,9.95E-10,38831.51372,2.49E-07,2.66E-09,3.39E-18,6.58E-07,40.38695755,12.99665345,0.249405214
7.49E-05,0.684452192,0.022255676,2.15E-09,10347.0791,2.74E-08,2.53E-09,3.60E-18,4.94E-07,67.73697195,26.96569645,0.587168658
9.62E-05,0.845639402,0.061296424,3.64E-09,38510.7969,3.24E-07,1.09E-09,2.47E-18,4.24E-07,54.50168946,21.01639242,0.606742278
4.71E-05,0.517597073,0.074997621,2.50E-09,18710.98616,1.08E-08,1.58E-09,3.18E-18,7.11E-07,42.21278029,14.2724144,0.309689435
1.48E-05,0.645624014,0.052182158,3.47E-09,21510.81981,2.31E-07,1.22E-09,2.48E-18,3.93E-07,21.96692105,0.112036516,0.018030969
6.27E-05,0.796661224,0.052667123,3.40E-09,16444.17902,2.63E-07,1.51E-09,3.41E-18,6.55E-07,45.17629903,16.22319375,0.362708466
4.26E-05,0.860181306,0.060821581,2.75E-09,23242.81073,3.81E-07,7.40E-10,1.52E-18,7.89E-07,33.21055889,8.585793557,0.182610196
4.83E-05,0.887926717,0.044963563,3.58E-09,40928.35395,2.86E-07,2.20E-09,2.22E-18,8.96E-07,37.59926455,11.68922589,0.252149176
8.26E-05,0.670286627,0.015532571,2.65E-09,31539.42753,1.67E-07,9.95E-10,3.93E-18,8.04E-07,75.30153472,29.95980958,0.687201378
6.55E-05,0.616433156,0.061245194,3.51E-09,32086.70483,2.59E-07,2.02E-09,1.21E-18,3.94E-07,50.77210623,18.93361164,0.399757957
1.74E-05,0.792606288,0.040440783,1.76E-09,10627.47317,5.01E-08,2.88E-09,1.40E-18,3.27E-07,27.48362297,2.7858354,0.447434432
2.48E-05,0.887462072,0.043239739,3.52E-09,39560.87305,1.52E-07,1.52E-09,1.42E-18,9.80E-07,23.86742838,1.1739442,0.043966033
8.17E-05,0.684906709,0.022398139,2.45E-09,20545.41895,1.47E-07,2.61E-09,2.39E-18,4.65E-07,71.5744575,28.45141314,0.642491358
2.01E-05,0.571073463,0.038726395,2.60E-09,36674.42264,3.99E-08,1.12E-09,1.63E-18,9.16E-07,33.14207347,7.531767263,0.728012798
1.67E-05,0.563828875,0.038443661,1.86E-09,27184.31639,3.10E-07,6.38E-10,1.90E-18,8.92E-07,26.78185001,2.227537784,0.434012255
2.49E-05,0.501928103,0.012366851,4.22E-09,26821.90746,1.17E-07,2.71E-09,1.73E-18,8.88E-07,35.51046212,10.37984359,0.229957467
8.46E-05,0.502260221,0.03764157,1.81E-09,18888.03749,3.22E-07,1.10E-09,2.05E-18,9.78E-07,78.046562,30.40300287,1.051961518
2.68E-05,0.643546869,0.025972737,4.41E-09,36629.40945,9.68E-08,2.18E-09,3.43E-18,5.30E-07,30.21865527,6.779994731,0.158903147
4.03E-05,0.754585137,0.028780993,1.15E-09,47729.73853,3.17E-07,2.93E-09,1.99E-18,2.72E-07,45.3092134,15.85355455,0.663771747
7.85E-05,0.725727096,0.034151191,4.19E-09,22094.87429,2.17E-07,2.13E-09,1.09E-18,5.12E-07,63.43172373,25.07427049,0.558002777
8.74E-05,0.714440913,0.079019913,2.86E-09,32145.28454,1.11E-07,2.48E-09,2.90E-18,5.48E-07,44.97060475,15.94075382,0.490633144
4.86E-05,0.709455755,0.041094516,4.72E-09,44608.353,2.01E-07,9.31E-10,3.41E-18,9.76E-07,43.63785842,15.35190552,0.290918097
4.88E-05,0.8272141,0.062446819,2.59E-09,13532.68671,2.75E-07,1.26E-09,2.07E-18,8.58E-07,36.17679631,10.73671998,0.235454217
1.46E-05,0.666881224,0.021788685,2.68E-09,8811.342479,1.16E-07,1.63E-09,1.28E-18,3.18E-07,24.68686713,1.116465949,0.153533529
4.49E-05,0.903982531,0.02774778,2.32E-09,7234.018955,3.68E-07,1.86E-09,1.28E-18,6.76E-07,39.27374976,12.63801296,0.25091185
9.56E-05,0.530610182,0.034107494,4.68E-09,14508.87895,1.48E-07,7.09E-10,1.95E-18,4.96E-07,77.55224925,30.58144625,0.75330718
1.78E-05,0.782283609,0.039184807,3.87E-09,29716.14136,2.22E-07,2.15E-09,3.09E-18,5.63E-07,21.44656188,0.038851605,0.026444732
6.60E-05,0.63549597,0.051290592,1.91E-09,36515.19432,3.76E-07,1.50E-09,1.67E-18,4.29E-07,58.14947799,22.39845282,0.507812212
8.91E-05,0.858170353,0.032003677,2.71E-09,38905.34003,4.19E-08,1.80E-09,2.37E-18,7.84E-07,66.66237544,26.34345669,0.643391023
8.70E-05,0.61788551,0.03862532,4.64E-09,32526.3609,1.51E-07,2.60E-09,3.46E-18,6.62E-07,64.05176783,25.50318748,0.621565622
4.32E-05,0.83051176,0.048750832,3.91E-09,35442.1217,1.11E-07,1.05E-09,2.57E-18,8.12E-07,34.86044811,9.919937194,0.211527551
5.78E-05,0.772937386,0.033089604,1.16E-09,30734.30405,2.74E-07,1.18E-09,3.12E-18,3.34E-07,54.77164166,20.91909371,0.447575558
5.46E-05,0.814475411,0.025088015,1.60E-09,18095.00452,3.49E-07,9.46E-10,1.95E-18,6.78E-07,52.23272064,19.7464508,0.380135671
2.01E-05,0.624441308,0.045920231,4.56E-09,7006.912391,2.83E-07,1.66E-09,1.60E-18,2.55E-07,22.2918616,0.750054058,0.056502455
5.96E-05,0.660724234,0.046627116,1.07E-09,19395.548,3.41E-07,2.68E-09,2.80E-18,9.94E-07,55.49904997,21.18975262,0.578790563
3.42E-05,0.745217363,0.079644226,4.39E-09,22031.28345,6.93E-08,1.38E-09,1.02E-18,3.29E-07,28.31649234,4.925809814,0.110776394
8.03E-05,0.731658993,0.064313238,9.57E-10,42401.07886,3.41E-08,5.16E-10,2.01E-18,4.28E-07,85.56648806,32.85125841,1.448011327
6.70E-05,0.815673461,0.041205491,4.24E-09,39869.35671,3.16E-07,2.11E-09,3.86E-18,7.58E-07,50.21428348,18.97321147,0.420807946
7.43E-05,0.806241192,0.04770831,3.96E-09,6549.133564,1.35E-07,1.17E-09,1.26E-18,6.54E-07,53.19066763,20.36654771,0.470388486
3.39E-05,0.550216826,0.042020887,4.30E-09,31813.91024,2.88E-07,2.14E-09,3.79E-18,8.55E-07,37.33845507,11.55833534,0.198419816
4.22E-05,0.503850991,0.060506302,8.10E-10,21161.69846,1.00E-07,1.79E-09,3.87E-18,3.33E-07,70.21500984,27.9064278,0.845892332
3.67E-05,0.555019194,0.047429764,4.26E-09,31469.43649,1.76E-07,1.93E-09,2.73E-18,3.13E-07,38.32797692,12.17583178,0.21018233
9.01E-05,0.783252398,0.077462732,2.73E-09,45427.43241,5.68E-08,1.70E-09,1.91E-18,3.66E-07,51.23672991,18.9139158,0.532582675
1.91E-05,0.584031615,0.075278992,4.79E-09,6787.698596,1.01E-07,2.61E-09,1.61E-18,7.84E-07,21.41079964,0.03785876,0.028823436
5.00E-05,0.813905705,0.044801663,2.17E-09,22503.83911,2.25E-07,1.49E-09,3.21E-18,4.78E-07,41.01152123,13.75682744,0.277268106
1.53E-05,0.744328954,0.014744688,4.65E-09,29430.21672,1.28E-07,1.92E-09,3.53E-18,2.92E-07,21.39647058,0.022286801,0.069187734
9.69E-05,0.734357431,0.063389093,2.27E-09,42139.31916,3.00E-07,2.58E-09,1.90E-18,5.43E-07,59.00904048,22.66788165,0.625707453
9.59E-05,0.577544918,0.032368863,4.89E-09,35681.88149,2.78E-07,4.46E-10,2.70E-18,7.06E-07,78.12094452,30.86403308,0.763859194
2.38E-05,0.558615119,0.037302691,3.03E-09,38683.94739,2.22E-07,2.21E-09,1.37E-18,8.47E-07,30.74259063,6.726477202,0.206907498
3.13E-05,0.888327716,0.054703555,4.92E-09,37666.99769,9.06E-08,1.21E-09,3.34E-18,7.94E-07,24.37953863,2.417505541,0.085594527
1.35E-05,0.550816357,0.018616796,3.61E-09,7804.657289,2.15E-07,6.58E-10,1.75E-18,5.04E-07,22.33028053,0.211424249,0.094382037
4.20E-05,0.737659387,0.035840553,1.62E-09,30144.07564,3.46E-07,1.80E-09,3.59E-18,3.12E-07,40.2112978,13.26188131,0.247117164
2.96E-05,0.738666258,0.023057176,9.15E-10,45937.9765,4.37E-08,1.62E-09,2.67E-18,5.83E-07,47.63604305,16.5994159,1.415283773
4.52E-05,0.573869413,0.046726805,2.27E-09,22453.87916,8.08E-08,9.72E-10,1.50E-18,3.92E-07,52.17133537,19.73223284,0.743352992
1.83E-05,0.782437863,0.072084702,4.26E-09,19584.24985,2.42E-07,7.19E-10,2.89E-18,8.31E-07,21.60891402,0.052595787,0.004042574
7.10E-05,0.8763063,0.035917935,6.66E-10,43120.5639,2.62E-07,2.94E-09,1.50E-18,7.24E-07,71.74683006,27.9240504,1.150935037
6.91E-05,0.840640755,0.013495529,8.41E-10,13621.81878,1.03E-07,2.77E-09,3.13E-18,8.90E-07,71.37533879,28.23811125,1.31170494
5.35E-05,0.598665324,0.020775639,2.31E-09,25156.75641,2.05E-07,2.90E-09,2.63E-18,6.16E-07,58.59481243,23.00852821,0.424659437
2.42E-05,0.81219555,0.040499045,1.89E-09,29822.47521,2.31E-07,1.34E-09,1.69E-18,9.02E-07,26.46195926,2.782746001,0.066874419
1.55E-05,0.774539772,0.071189356,3.47E-09,34319.20465,7.36E-08,1.16E-09,3.46E-18,5.94E-07,21.79674425,0.101477487,0.003976931
1.12E-05,0.53982246,0.059861965,3.72E-09,31905.39522,2.53E-07,2.25E-09,2.77E-18,6.96E-07,21.56569078,0.050441734,0.013895662
6.81E-05,0.857939633,0.023869534,3.00E-09,21319.49592,4.02E-08,3.19E-10,1.36E-18,5.02E-07,62.59495104,24.54777273,0.539043989
3.66E-05,0.576894912,0.016212064,2.14E-09,46328.79966,2.57E-08,2.60E-09,3.45E-18,3.38E-07,47.26030443,17.2264692,0.66269533
8.68E-05,0.798422892,0.014593335,8.61E-10,20283.61637,3.71E-07,2.23E-09,2.94E-18,2.56E-07,81.89628131,32.02853374,1.100049238
5.86E-05,0.820834271,0.055000086,2.81E-09,45245.31711,7.81E-08,7.95E-10,1.90E-18,6.07E-07,46.21910903,16.50239163,0.336276493
2.58E-05,0.590448267,0.016828878,2.94E-09,24637.88357,3.25E-07,1.68E-09,1.47E-18,2.59E-07,32.85075887,8.386621378,0.197625194
4.08E-05,0.648974536,0.06992439,3.73E-09,29885.83514,8.92E-08,2.09E-09,3.76E-18,7.65E-07,33.24694179,8.861450391,0.184969887
6.29E-05,0.746312465,0.055666045,1.18E-09,49700.69241,7.62E-08,1.81E-09,3.94E-18,7.41E-07,52.56102098,19.67619445,0.505378524
5.58E-05,0.725923832,0.012616582,1.22E-09,42514.78499,2.49E-07,1.28E-09,3.39E-18,5.65E-07,60.95945917,23.9217255,0.603379597
1.95E-05,0.705411316,0.065695846,2.88E-09,48766.81396,2.28E-07,2.99E-09,1.73E-18,4.14E-07,23.29178735,0.621416539,0.021304175
7.25E-05,0.808573625,0.020321969,1.65E-09,42569.74921,2.00E-08,1.57E-09,3.46E-18,4.86E-07,67.69766264,26.79816009,0.8386459
4.23E-05,0.552958263,0.013596288,3.50E-09,12181.1673,7.39E-08,1.61E-09,3.16E-18,8.86E-07,52.46815143,20.1254763,0.36201545
2.91E-05,0.824098308,0.063344727,3.59E-09,36138.43156,1.16E-07,1.10E-09,2.84E-18,7.98E-07,23.92176912,1.879555927,0.067303735
3.54E-05,0.855863177,0.033525523,7.70E-10,37865.41166,1.93E-07,1.41E-09,1.31E-18,3.88E-07,50.37066563,18.63160799,0.944979596
7.24E-05,0.677695382,0.027612284,2.67E-09,25310.95216,2.45E-07,6.23E-10,1.48E-18,6.87E-07,68.92130897,27.27414417,0.568505028
4.56E-05,0.803054001,0.062894874,3.15E-09,26713.6781,1.96E-08,1.22E-09,1.32E-18,5.80E-07,39.01375734,12.01212246,0.278131088
8.73E-05,0.596775684,0.070490222,1.08E-09,37512.04953,2.38E-07,2.62E-09,1.48E-18,7.99E-07,69.85625662,26.57389736,0.879310438
3.96E-05,0.656061792,0.031450189,4.82E-09,45750.97995,3.07E-07,2.50E-09,1.66E-18,6.70E-07,41.40673687,14.04223093,0.251133616
3.90E-05,0.520342069,0.04788765,2.09E-09,11762.39432,5.30E-08,9.91E-10,1.76E-18,9.09E-07,61.23212676,24.13034488,0.809733415
1.34E-05,0.702947995,0.033429724,9.31E-10,41685.5328,2.67E-07,1.63E-09,3.51E-18,8.37E-07,27.91085925,2.968741352,0.496172939
9.81E-05,0.554026317,0.021010649,1.92E-09,34738.60585,3.64E-07,2.72E-09,3.95E-18,3.48E-07,86.32140537,33.4369378,0.830082371
3.87E-05,0.818442709,0.050010372,9.99E-10,41802.3358,2.15E-08,2.98E-09,2.32E-18,4.76E-07,48.23985011,17.20493777,1.076551936
8.81E-05,0.86104409,0.028832683,2.58E-09,25232.58791,2.82E-07,8.33E-10,2.28E-18,6.28E-07,66.6276906,26.45359265,0.641784169
2.46E-05,0.863583043,0.07182113,4.60E-09,43445.97002,1.30E-07,3.43E-10,1.34E-18,4.61E-07,24.19905436,1.037692347,0.01406176
8.65E-05,0.808182949,0.02495209,3.81E-09,48900.49369,1.29E-07,2.84E-09,2.55E-18,4.22E-07,66.90563049,26.63478878,0.640865184
9.51E-05,0.5226616,0.074051393,1.24E-09,8533.297832,3.74E-07,1.76E-09,3.04E-18,4.11E-07,59.83119298,22.71235077,0.646734818
7.16E-05,0.720467026,0.060195521,4.51E-09,34005.29535,3.07E-07,1.60E-09,1.83E-18,3.15E-07,48.26378972,17.85614821,0.426447485
3.71E-05,0.688662543,0.056623928,7.13E-10,31639.12814,3.89E-07,1.73E-09,1.81E-18,4.81E-07,54.99944301,20.92111564,0.695563913
6.95E-05,0.52524892,0.015811073,2.11E-09,27085.97731,8.74E-08,1.42E-09,2.83E-18,8.61E-07,79.09390736,31.14820423,1.205454042
3.45E-05,0.856715301,0.055992358,2.67E-09,17124.29458,2.93E-07,8.77E-10,1.26E-18,5.37E-07,29.29444437,5.438049688,0.115454515
9.34E-05,0.541948446,0.018518614,4.16E-09,42793.80535,2.57E-07,1.41E-09,2.55E-18,5.15E-07,84.39767414,32.98398217,0.802254245
5.79E-05,0.500559763,0.058933647,3.77E-09,20465.28883,1.09E-07,1.64E-09,1.68E-18,6.95E-07,50.29251201,18.77433942,0.366252298
5.98E-05,0.595799341,0.052513458,4.94E-09,21685.81914,1.20E-07,2.66E-09,3.64E-18,7.54E-07,47.88535084,17.73194702,0.364348279
6.69E-05,0.566209747,0.053947276,2.02E-09,12385.34403,3.71E-07,3.76E-10,2.79E-18,6.31E-07,58.23503236,22.67856198,0.45024643
2.83E-05,0.640464841,0.023460583,2.69E-09,16343.90425,3.61E-07,2.26E-09,1.36E-18,7.48E-07,33.24829874,8.713150284,0.181481168
8.22E-05,0.647954298,0.01931328,1.21E-09,38493.91572,1.11E-07,2.61E-09,1.43E-18,5.56E-07,93.77728137,35.67356651,1.778029038
8.59E-05,0.817193318,0.01125819,1.53E-09,30488.65637,2.95E-07,2.19E-09,2.10E-18,9.29E-07,78.99339876,31.12223506,0.711668762
9.70E-05,0.884559291,0.012186858,1.12E-09,16618.45233,3.26E-07,2.42E-09,1.78E-18,5.85E-07,86.80705631,33.41542773,1.04001835
8.04E-05,0.822054104,0.078429817,4.44E-09,31124.12269,1.76E-08,1.64E-09,1.62E-18,5.95E-07,44.75996343,15.74841794,0.444867985
8.00E-05,0.617077252,0.012700424,4.71E-09,36711.55765,2.11E-07,1.88E-09,3.36E-18,3.44E-07,77.09283806,30.70073027,0.676258118
6.84E-05,0.883885897,0.044151365,3.39E-09,9988.842709,2.32E-07,1.75E-09,3.92E-18,9.63E-07,48.16756357,17.89042317,0.414581392
4.98E-05,0.846773761,0.0278675,3.75E-09,36843.99863,2.02E-07,2.79E-09,1.85E-18,6.92E-07,44.36490886,15.74041564,0.311364927
9.63E-05,0.717827279,0.077191372,3.57E-09,41262.10589,1.37E-08,1.74E-09,2.29E-18,3.50E-07,52.3947037,19.59757782,0.583239331
1.72E-05,0.729659726,0.016124489,2.18E-09,13263.54216,3.66E-07,2.69E-09,2.99E-18,3.25E-07,21.7108911,0.071411502,0.066266696
2.30E-05,0.86194688,0.017849932,4.01E-09,15478.58773,3.66E-07,1.73E-09,3.17E-18,3.63E-07,22.07129342,0.580803534,0.079792003
4.33E-05,0.852536672,0.013276063,1.58E-09,42024.63234,2.58E-07,2.65E-09,3.12E-18,8.00E-07,43.1415895,14.96172055,0.296487976
2.93E-05,0.835005111,0.069323709,4.66E-09,14975.67852,2.50E-07,2.37E-09,2.50E-18,5.02E-07,23.3695127,1.627936039,0.064476919
4.97E-05,0.599119787,0.046522859,3.85E-09,44697.53824,1.74E-07,1.44E-09,3.39E-18,4.70E-07,46.07984642,16.70899149,0.30895305
4.67E-05,0.557259895,0.019951468,4.46E-09,24556.13134,7.05E-08,2.87E-09,3.65E-18,3.77E-07,54.17314287,20.97319157,0.373824962
5.44E-05,0.576166003,0.052802584,6.38E-10,47261.16407,1.85E-07,7.58E-10,1.77E-18,3.90E-07,97.61333961,36.4642285,1.380499201
6.35E-05,0.849348424,0.068348687,6.47E-10,12339.06554,1.56E-08,2.88E-09,3.54E-18,4.16E-07,56.15266925,21.33158269,1.024355316
3.80E-05,0.582201298,0.063641037,4.48E-09,22147.38131,6.25E-08,3.62E-10,2.61E-18,4.59E-07,36.64979238,11.07959661,0.194689638
9.75E-05,0.751632409,0.052779084,4.10E-09,23935.8359,3.51E-07,1.38E-09,2.10E-18,9.04E-07,60.26634727,23.738301,0.651368198
5.73E-05,0.642279903,0.064354447,4.87E-09,7748.995154,3.98E-07,1.18E-09,2.31E-18,5.89E-07,42.87923569,14.92401213,0.317933338
4.60E-05,0.872399798,0.075485368,1.06E-09,48217.45002,2.61E-08,1.15E-09,3.83E-18,7.70E-07,38.82324715,11.46922937,0.322065823
8.94E-05,0.871116155,0.050359256,1.54E-09,22271.74694,3.75E-08,8.24E-10,3.99E-18,8.56E-07,61.2283948,23.9273192,0.59616298
1.65E-05,0.738589002,0.030098345,3.22E-09,23559.62827,1.42E-07,1.49E-09,2.53E-18,7.52E-07,22.11894239,0.140308211,0.043051904
5.38E-05,0.768864158,0.065887518,3.14E-09,29220.13605,1.10E-07,2.23E-09,3.98E-18,4.63E-07,37.78539265,11.80573813,0.271256296
9.39E-05,0.546048851,0.032156943,4.73E-09,34652.83937,2.68E-07,8.70E-10,1.07E-18,9.19E-07,79.97938046,31.13719371,0.75022233
6.40E-05,0.646743811,0.072871761,2.99E-09,38113.50784,2.39E-07,7.68E-10,3.47E-18,9.10E-07,44.65805128,15.85278941,0.36117242
3.07E-05,0.507604223,0.044544952,3.15E-09,20938.93145,2.20E-07,2.97E-09,2.77E-18,9.58E-07,35.70158241,10.50536398,0.176620152
7.98E-05,0.511126702,0.075752313,2.26E-09,46678.47558,1.40E-07,6.28E-10,2.04E-18,2.97E-07,60.98826137,23.37135951,0.588471017
4.74E-05,0.77012835,0.056333531,4.98E-09,30818.56411,3.80E-07,1.02E-09,3.56E-18,3.09E-07,37.25509267,11.49903916,0.240832072
6.09E-05,0.58095125,0.064555649,1.04E-09,20701.99602,1.26E-07,2.90E-09,3.77E-18,7.51E-07,52.53734069,19.60617208,0.53430218
3.74E-05,0.662459588,0.016425129,1.40E-09,48135.23849,1.72E-07,2.45E-09,3.68E-18,7.18E-07,44.35927135,15.56484404,0.320454627
2.09E-05,0.802505131,0.046882234,1.42E-09,28018.57921,1.23E-07,2.05E-09,3.59E-18,4.98E-07,24.10204264,0.918480993,0.033339096
6.15E-05,0.779386298,0.045338352,3.03E-09,12550.49927,2.27E-07,2.49E-09,2.17E-18,7.82E-07,47.63946537,17.54433823,0.37054545
6.37E-05,0.559179127,0.021983959,2.21E-09,26536.1055,2.99E-07,1.41E-09,3.89E-18,7.44E-07,66.10265672,26.32561855,0.52098791
1.20E-05,0.68728763,0.029634008,4.07E-09,26208.60506,1.09E-07,2.89E-09,2.40E-18,7.72E-07,21.50833621,0.050175999,0.040874998
6.33E-05,0.545052465,0.023254797,3.19E-09,6554.799175,2.09E-07,3.47E-10,2.20E-18,7.30E-07,67.5598385,26.93610312,0.519368702
7.90E-05,0.735180955,0.03548983,1.45E-09,24086.14266,2.61E-07,2.69E-09,2.02E-18,7.34E-07,67.74308334,26.5973715,0.694297496
2.33E-05,0.638399253,0.01006273,3.09E-09,24780.61797,2.41E-07,2.53E-09,1.67E-18,9.59E-07,28.61276205,5.472033756,0.176076911
6.57E-05,0.620355232,0.042432804,1.71E-09,21801.79671,3.10E-08,2.08E-09,1.16E-18,4.43E-07,79.03762902,30.83604253,1.448197596
2.71E-05,0.673688735,0.023337723,3.63E-09,12263.56914,1.13E-07,2.19E-09,1.37E-18,3.85E-07,30.09211221,6.617946536,0.161522557
8.38E-05,0.613541797,0.054241772,8.18E-10,23159.5677,2.53E-07,2.40E-09,1.57E-18,3.01E-07,80.40475696,30.72905357,1.237047569
2.22E-05,0.616970129,0.071112283,4.69E-09,37319.75271,2.59E-07,2.63E-09,3.21E-18,6.27E-07,22.49751202,0.927794901,0.047511886
4.13E-05,0.832076756,0.04229227,2.55E-09,27145.50943,1.24E-07,1.79E-09,2.49E-18,7.44E-07,35.27891924,10.14717729,0.207395048
9.87E-05,0.635146854,0.072021834,2.53E-09,37127.39561,3.06E-07,2.28E-09,1.75E-18,4.74E-07,57.36901431,21.79698784,0.624757196
4.41E-05,0.891250617,0.039032637,6.32E-10,11690.39472,1.64E-07,2.41E-09,1.73E-18,5.82E-07,54.94084968,20.9598064,1.00757986
3.88E-05,0.650918477,0.014482744,3.34E-09,46391.09181,3.56E-07,5.37E-10,3.24E-18,7.09E-07,44.04151901,15.58739035,0.311381472
5.01E-05,0.567680276,0.039112615,2.81E-09,10547.9482,5.24E-08,9.78E-10,3.67E-18,8.48E-07,50.28075573,18.95982835,0.3431266
2.78E-05,0.637266357,0.017927472,1.57E-09,41606.82627,1.24E-07,2.56E-09,1.19E-18,9.18E-07,49.61759038,18.18411957,1.200051773
5.70E-05,0.582874462,0.011795311,2.26E-09,11392.85884,5.96E-10,1.35E-09,1.00E-18,5.89E-07,111.0698883,41.10782037,2.450755962
8.55E-05,0.827794347,0.041397274,2.91E-09,18340.99106,5.93E-09,6.52E-10,3.87E-18,6.96E-07,61.44111681,24.22997345,0.589171363
3.30E-05,0.806528364,0.076001102,4.29E-09,30396.32999,6.18E-08,2.99E-09,2.57E-18,2.92E-07,25.0858849,2.959695116,0.093197873
9.98E-05,0.77388641,0.026520564,4.40E-09,9008.801361,2.52E-07,1.53E-09,2.16E-18,3.30E-07,75.29250757,29.89276385,0.756713664
6.05E-05,0.515769499,0.024729656,4.39E-09,40836.61538,2.54E-07,2.82E-09,3.86E-18,7.32E-07,63.20902574,25.16144785,0.482329012
9.19E-05,0.527653786,0.062665948,2.46E-09,30537.07975,1.71E-07,2.00E-09,2.12E-18,7.07E-07,62.51865,24.05764177,0.637427722
4.29E-05,0.658514792,0.026856123,1.34E-09,33761.05455,3.34E-07,4.88E-10,3.12E-18,8.69E-07,48.49517979,17.70903322,0.549480359
1.49E-05,0.602065121,0.013010297,3.29E-09,22937.10629,3.36E-07,1.28E-09,2.34E-18,8.78E-07,22.1144425,0.134339196,0.10734575
2.56E-05,0.707359259,0.036465021,8.87E-10,19483.04018,1.77E-08,8.82E-10,2.44E-18,6.04E-07,45.35998234,14.97250269,1.475909403
7.66E-05,0.536644068,0.048449235,4.91E-09,45595.77691,1.26E-07,1.00E-09,1.21E-18,9.73E-07,63.67465696,25.01833146,0.546511904
9.50E-05,0.588093633,0.018117014,3.04E-09,19967.18915,6.35E-08,1.85E-09,2.15E-18,4.05E-07,86.88543489,33.47295494,0.817733174
1.88E-05,0.699629627,0.067462321,4.54E-09,29568.32205,2.73E-07,2.29E-09,1.15E-18,8.08E-07,22.5911423,0.331211426,0.015368989
3.01E-05,0.681864412,0.069540401,1.69E-09,6023.92852,2.48E-07,2.09E-09,1.57E-18,3.54E-07,30.53283575,6.697500356,0.135595126
7.04E-05,0.836426339,0.055108477,4.76E-09,29698.86968,2.01E-07,1.89E-09,2.66E-18,4.14E-07,46.27645503,16.8395528,0.411131522
5.45E-05,0.701805978,0.036699945,1.23E-09,40003.45863,3.94E-07,1.21E-09,3.71E-18,9.44E-07,52.40585642,19.83942274,0.372216199
6.46E-05,0.674445025,0.046273897,3.19E-09,39796.86175,3.29E-07,1.91E-09,3.58E-18,3.29E-07,51.34147076,19.51242988,0.410218539
5.55E-05,0.587001419,0.038133906,7.81E-10,26848.00897,6.29E-08,1.85E-09,2.66E-18,9.35E-07,86.65313452,33.5738465,1.610120363
8.15E-05,0.618902731,0.021590849,1.93E-09,34174.06781,3.91E-07,7.27E-10,3.59E-18,6.09E-07,76.20255444,30.23715254,0.677319285
5.03E-05,0.610672019,0.065336796,1.80E-09,23065.20708,3.80E-07,6.09E-10,1.44E-18,6.24E-07,49.09365542,17.89027388,0.387793861
8.37E-05,0.628903118,0.077282235,3.00E-09,24502.3342,1.69E-07,2.83E-09,1.03E-18,4.50E-07,52.78684367,19.48210983,0.508910937
9.05E-05,0.700873569,0.037139521,8.65E-10,21018.61112,3.40E-07,1.71E-09,3.89E-18,7.88E-07,74.61826146,29.01855496,0.932071853
1.00E-04,0.623281096,0.059435892,3.26E-09,17311.11474,1.60E-07,1.74E-09,1.71E-18,7.89E-07,62.41214561,24.38865101,0.67486586
6.32E-05,0.715678357,0.016354067,3.99E-09,8659.043233,2.98E-07,2.42E-09,1.86E-18,8.75E-07,61.57723436,24.44369782,0.469116056
9.55E-05,0.509334476,0.078872277,3.46E-09,14053.3987,2.70E-07,1.13E-09,3.99E-18,3.84E-07,49.88261205,18.7528068,0.57378888
4.62E-05,0.718818295,0.032857083,1.87E-09,36304.96509,3.13E-07,1.18E-09,3.43E-18,5.06E-07,44.92765952,16.01804046,0.298347671
8.83E-05,0.880494862,0.043700274,1.53E-09,49822.61911,3.14E-07,2.80E-09,2.91E-18,4.55E-07,60.84635389,23.75018317,0.590962608
3.16E-05,0.55848508,0.062714767,1.66E-09,22209.10679,9.63E-08,2.76E-09,3.08E-18,8.99E-07,35.09115824,9.921590153,0.230804814
7.71E-05,0.519662578,0.037257863,4.03E-09,32449.49423,2.11E-07,2.02E-09,2.41E-18,7.86E-07,65.23659985,25.95000973,0.572443412
2.77E-05,0.755085799,0.053055855,3.01E-09,25469.71001,8.61E-08,1.50E-09,2.64E-18,6.70E-07,25.2339313,2.873348041,0.084738999
1.92E-05,0.582956845,0.078224025,3.12E-09,33635.22935,3.55E-07,1.97E-09,2.26E-18,6.44E-07,22.25679632,0.178298512,0.026993052
3.58E-05,0.611725458,0.073166908,2.18E-09,14138.48461,6.46E-08,1.65E-09,1.71E-18,6.12E-07,40.28313468,13.27404336,0.2579014
4.94E-05,0.587712624,0.015347548,1.91E-09,32596.68301,9.23E-09,2.05E-09,2.20E-18,9.33E-07,71.83712909,28.65073552,1.788390603
4.55E-05,0.692421829,0.063278202,2.22E-09,11144.29725,1.75E-07,2.15E-09,2.95E-18,7.05E-07,36.66490848,11.07555049,0.226582818
2.51E-05,0.55345019,0.063886912,1.13E-09,47832.82582,5.61E-08,2.97E-09,3.15E-18,8.26E-07,40.46647273,12.62854552,0.552535297
2.85E-05,0.531136527,0.054043276,3.16E-09,22967.54633,1.95E-07,2.33E-09,2.29E-18,4.44E-07,31.4495218,7.627120937,0.137865183
4.01E-05,0.520955667,0.039747369,4.27E-09,13922.32352,2.08E-07,8.96E-10,1.64E-18,4.63E-07,44.79548881,15.98715798,0.263825582
8.54E-05,0.668296877,0.053723855,1.99E-09,24226.69692,4.92E-09,5.20E-10,1.59E-18,4.17E-07,83.80179902,32.44542254,1.672509757
1.80E-05,0.542855064,0.01495248,8.74E-10,34085.36531,3.56E-08,8.46E-10,2.84E-18,8.33E-07,43.43667789,13.29454899,1.717295703
9.18E-05,0.633777515,0.012195735,3.90E-09,18411.50664,3.37E-07,2.08E-09,2.71E-18,9.49E-07,83.27532085,32.72651685,0.770992881
8.20E-05,0.736682578,0.026900034,4.14E-09,25470.78284,1.83E-07,1.94E-09,3.54E-18,8.17E-07,65.7298184,26.2360802,0.602436145
8.96E-05,0.858677595,0.031191056,2.08E-09,24869.6651,7.43E-09,2.08E-09,2.78E-18,7.69E-07,70.08491835,27.62025205,0.766020315
9.22E-05,0.83235796,0.054365566,4.98E-09,16253.56754,1.53E-07,2.88E-09,1.83E-18,3.87E-07,53.80123005,20.73626338,0.581817485
5.06E-05,0.698844878,0.052102587,2.72E-09,12712.34176,2.36E-07,2.07E-09,1.14E-18,3.32E-07,44.79220662,15.77403794,0.292932351
8.24E-05,0.823146958,0.010511111,2.06E-09,7347.584695,3.39E-07,2.71E-09,3.79E-18,3.60E-07,72.21416449,28.88686703,0.640732497
3.78E-05,0.699071546,0.070628764,4.36E-09,19049.51063,1.84E-07,2.59E-09,3.22E-18,7.16E-07,30.18330742,6.751637826,0.152725081
6.72E-05,0.541392995,0.028415066,1.56E-09,14457.11772,1.78E-07,1.37E-09,2.25E-18,6.39E-07,73.44726808,28.91347103,1.182842965
3.56E-05,0.791570036,0.067496076,4.92E-09,32028.8144,6.09E-08,7.73E-10,1.96E-18,6.94E-07,28.13239953,5.201214747,0.127028348
6.50E-05,0.868090259,0.062568999,3.17E-09,23418.66191,1.34E-07,1.56E-09,3.90E-18,5.27E-07,41.54249758,14.11025264,0.351569471
5.29E-05,0.749595625,0.057855263,3.07E-09,8500.015534,2.85E-07,1.84E-09,2.40E-18,4.21E-07,40.18498259,13.29390284,0.281696053
7.40E-05,0.764427953,0.020624463,2.47E-09,41931.22687,1.63E-07,2.02E-09,2.56E-18,3.11E-07,66.34294015,26.37715743,0.56690966
2.92E-05,0.82368684,0.066553995,2.97E-09,37364.75461,1.77E-07,4.94E-10,3.20E-18,7.39E-07,24.15683195,1.845679887,0.060167083
2.47E-05,0.712320733,0.056136518,2.95E-09,48994.55502,2.57E-07,2.31E-09,1.53E-18,9.98E-07,25.35892821,2.500936909,0.066588367
2.03E-05,0.804738799,0.060081108,2.92E-09,12777.87297,2.69E-07,1.34E-09,3.20E-18,3.62E-07,21.53350074,0.049891126,0.012739092
6.65E-05,0.594110823,0.047216006,3.21E-09,33500.09607,3.95E-07,6.80E-10,1.13E-18,7.93E-07,60.99953557,23.79952687,0.470409874
3.75E-05,0.763009826,0.020408464,1.11E-09,37547.64847,2.29E-07,7.81E-10,2.86E-18,9.22E-07,42.35656194,14.06215251,0.71521903
4.82E-05,0.631283087,0.011381428,4.89E-09,20599.86483,4.06E-09,1.16E-09,3.44E-18,4.07E-07,54.92005027,21.3380983,0.417639694
9.27E-05,0.763108704,0.072328169,1.72E-09,49536.87607,2.12E-07,1.11E-09,2.42E-18,3.74E-07,57.73106184,21.93108597,0.581338073
7.90E-05,0.573554779,0.066895741,2.11E-09,7876.987591,3.28E-07,1.07E-09,2.45E-18,3.90E-07,53.25992532,20.24774761,0.49402554
9.33E-05,0.624070946,0.027978507,7.00E-10,17708.83138,3.33E-07,1.62E-09,1.52E-18,6.40E-07,108.3158949,39.10174727,1.776531685
1.21E-05,0.779239837,0.064478765,4.47E-09,32274.82888,6.14E-08,1.45E-09,2.19E-18,7.16E-07,22.0268611,0.131173961,0.005890224
8.80E-05,0.685589139,0.023589105,3.28E-09,48612.5907,3.89E-07,1.98E-09,3.19E-18,5.10E-07,72.01584856,28.66927003,0.682471866
2.10E-05,0.604395858,0.071479672,2.52E-09,26312.21025,9.29E-08,8.87E-10,2.58E-18,2.82E-07,23.93599751,1.211278505,0.04420017
6.00E-05,0.766780345,0.062064807,1.51E-09,12641.31746,1.48E-07,2.00E-09,2.30E-18,6.42E-07,46.1812382,16.41577998,0.344061529
9.14E-05,0.696668028,0.074399065,3.49E-09,17581.8203,1.80E-07,9.21E-10,2.27E-18,9.41E-07,50.62418611,18.99895706,0.551464229
8.35E-05,0.526525514,0.027484773,4.61E-09,12848.48015,3.49E-08,1.09E-09,1.06E-18,6.62E-07,80.6202305,31.50058657,1.185230588
1.09E-05,0.638346964,0.04711309,1.29E-09,15194.33795,3.01E-08,1.03E-09,1.94E-18,9.77E-07,32.38755698,5.222667713,0.932044688
5.33E-05,0.744075655,0.060961254,2.44E-09,14581.01798,1.60E-07,2.27E-09,2.93E-18,8.67E-07,39.87105708,13.06890486,0.281126423
9.66E-05,0.580826322,0.013552621,4.82E-09,15590.58459,2.19E-07,9.08E-10,2.71E-18,4.99E-07,88.58732189,34.37324725,0.839918552
7.11E-05,0.57031684,0.064604,2.75E-09,12978.25998,1.95E-07,2.07E-09,1.18E-18,8.42E-07,54.75173148,20.71746319,0.487393096
5.22E-05,0.540715645,0.029344685,1.42E-09,32391.13758,4.52E-08,7.89E-10,3.55E-18,4.23E-07,66.18934836,26.16025024,1.353970517
5.29E-05,0.803553918,0.032637512,2.66E-09,21935.35965,1.41E-07,2.49E-09,2.59E-18,6.50E-07,46.44374119,16.88650622,0.329857887
3.93E-05,0.740901981,0.059896193,8.32E-10,35061.10708,5.92E-08,1.62E-09,3.02E-18,6.56E-07,49.02165163,17.8544954,0.818020227
4.39E-05,0.632843999,0.019692969,4.99E-09,19641.2986,2.28E-07,9.17E-10,2.26E-18,5.67E-07,48.4358188,18.02731053,0.327719223
3.69E-05,0.894585863,0.073469838,2.14E-09,9381.16719,1.39E-07,1.51E-09,3.73E-18,7.31E-07,25.80531012,3.498706739,0.110265418
7.69E-05,0.820506414,0.052992864,1.75E-09,41444.63342,3.56E-07,1.93E-09,1.11E-18,3.05E-07,60.37591009,23.25767861,0.525581113
8.12E-05,0.753079342,0.053236466,2.54E-09,28594.91428,1.33E-08,8.29E-10,3.05E-18,8.14E-07,58.61466174,22.80325314,0.538642188
9.82E-05,0.686349492,0.021167369,3.55E-09,33819.63564,2.61E-07,1.72E-09,1.49E-18,8.13E-07,83.28429579,32.40478446,0.801572933
8.77E-05,0.52576429,0.077359492,3.55E-09,36855.76895,8.65E-08,2.26E-09,3.22E-18,6.98E-07,47.65916479,17.46228906,0.513801022
4.06E-05,0.556092302,0.064081717,2.39E-09,28199.87364,2.86E-07,1.24E-09,2.41E-18,5.28E-07,38.83179912,12.35446223,0.213505192
2.97E-05,0.52744758,0.026436209,2.79E-09,40784.81895,1.67E-07,1.13E-09,3.96E-18,2.91E-07,37.34567306,11.551303,0.226397602
3.18E-05,0.761253463,0.063746691,3.29E-09,27984.2537,1.15E-07,6.20E-10,2.54E-18,9.79E-07,27.00831485,4.204926813,0.103972537
3.34E-05,0.595183192,0.076445022,3.36E-09,25614.71522,3.60E-08,2.40E-09,4.00E-18,5.97E-07,29.2610781,6.084201853,0.131044093
1.39E-05,0.70644282,0.040051896,2.42E-09,17347.20321,1.08E-07,2.34E-09,3.74E-18,4.79E-07,21.56175221,0.060434721,0.025026255
6.06E-05,0.627831618,0.067272218,2.98E-09,16101.19401,3.12E-07,2.83E-09,3.31E-18,7.32E-07,42.37602587,14.60064561,0.333209912
5.87E-05,0.688045412,0.078588381,3.41E-09,25372.22223,2.21E-07,2.54E-09,2.09E-18,5.06E-07,38.01170634,11.89688274,0.29358231
1.97E-05,0.714864626,0.059742259,7.46E-10,20388.35877,2.03E-07,6.03E-10,1.48E-18,7.77E-07,34.23684756,7.366825781,0.626609574
7.28E-05,0.556975148,0.049727924,3.51E-09,28372.43556,2.51E-07,2.73E-09,3.87E-18,6.77E-07,55.05429393,21.38412123,0.48096062
7.17E-05,0.833752586,0.0694833,3.79E-09,19733.61759,2.97E-08,7.07E-10,3.93E-18,9.67E-07,44.0746311,15.56817957,0.40122979
8.83E-05,0.841069847,0.04506449,2.10E-09,46501.22447,3.62E-07,8.40E-10,2.23E-18,3.69E-07,62.76415132,24.62264674,0.600735436
9.48E-05,0.788088165,0.070728904,4.79E-09,15880.64327,2.35E-07,1.15E-09,2.81E-18,4.41E-07,49.44978946,18.54811414,0.56698756
9.17E-05,0.608857475,0.024141208,1.55E-09,14414.30114,1.73E-07,2.43E-09,3.72E-18,3.38E-07,79.2103944,30.94759275,0.745420614
6.96E-05,0.841494812,0.049019107,3.33E-09,31359.76086,1.45E-07,2.45E-09,1.40E-18,4.48E-07,50.69976588,19.01921226,0.426235051
4.10E-05,0.722152227,0.011998243,1.48E-09,47087.0115,2.25E-08,1.37E-09,1.39E-18,7.27E-07,68.80339755,27.34142342,1.719694585
6.04E-05,0.702063173,0.014139979,4.18E-09,47482.58628,3.59E-07,1.71E-09,1.63E-18,4.53E-07,61.79162571,24.49415664,0.476680876
9.52E-05,0.756108897,0.073616798,4.82E-09,21213.19316,8.06E-09,7.25E-10,3.22E-18,6.79E-07,51.66643515,19.59557912,0.580882622
4.44E-05,0.509931827,0.063565607,4.12E-09,44795.56345,3.46E-07,1.91E-09,1.12E-18,9.40E-07,42.61325723,14.55989553,0.250142536
8.19E-05,0.668686532,0.03772855,3.79E-09,27596.08223,3.38E-07,2.53E-09,2.72E-18,7.22E-07,61.91198157,24.55928923,0.573426708
1.69E-05,0.514794858,0.07793959,1.07E-09,49144.6843,1.61E-08,1.93E-09,1.01E-18,6.51E-07,38.50329483,8.905891732,1.0409219
6.20E-05,0.74861104,0.058515229,8.79E-10,15455.49818,3.79E-07,1.52E-09,3.10E-18,7.35E-07,51.67807829,19.21083202,0.461369177
6.80E-05,0.877484518,0.026200251,4.25E-09,44262.69571,1.58E-07,6.76E-10,2.19E-18,6.15E-07,55.98511802,21.81542329,0.479448109
4.84E-05,0.521419533,0.031861997,2.42E-09,24398.69329,4.66E-08,2.92E-09,2.05E-18,4.69E-07,57.63482175,22.37511955,0.938454908
6.26E-05,0.63238589,0.042653844,3.67E-09,48286.95827,3.85E-07,1.24E-09,3.41E-18,7.91E-07,53.56322438,20.64003707,0.416907814
6.93E-05,0.725277684,0.011880981,4.38E-09,11885.86116,2.33E-07,3.79E-10,3.27E-18,8.97E-07,67.21522663,26.87449702,0.555958485
5.31E-05,0.606279197,0.061612372,4.35E-09,24937.78252,5.85E-08,6.91E-10,2.68E-18,8.90E-07,44.53176419,15.80459353,0.307940693
8.99E-05,0.775502806,0.059146233,1.55E-09,10326.42493,2.74E-07,1.69E-09,3.28E-18,3.26E-07,55.24140398,21.21869417,0.569874321
9.15E-05,0.77870103,0.030308013,4.17E-09,46805.80544,5.41E-08,2.43E-09,2.83E-18,3.23E-07,68.13976994,27.09712631,0.673291348
2.73E-05,0.508582933,0.068134441,3.92E-09,33076.29646,1.75E-07,1.98E-09,3.45E-18,5.35E-07,28.72150386,5.704785798,0.109779624
7.23E-05,0.711104958,0.057193577,2.00E-09,21428.6807,1.80E-07,2.21E-09,3.00E-18,4.41E-07,50.82707661,19.09103394,0.444320575
5.53E-05,0.630533302,0.069163193,2.48E-09,35993.9171,3.25E-07,4.36E-10,3.66E-18,5.36E-07,44.45189579,15.7309038,0.312339373
5.18E-05,0.756413055,0.040655942,4.51E-09,8862.282863,2.79E-07,1.38E-09,1.42E-18,3.55E-07,44.46149058,15.80860395,0.305625372
5.02E-05,0.848203797,0.065044265,3.15E-09,10046.07564,1.71E-08,2.30E-09,2.46E-18,6.21E-07,35.14283223,10.07969837,0.23757093
8.61E-05,0.656600277,0.048183258,1.92E-09,20972.78405,3.77E-07,1.53E-09,1.68E-18,6.75E-07,66.37040625,25.89087943,0.620669061
3.52E-05,0.772301867,0.026559556,9.68E-10,18567.31194,1.85E-07,1.73E-09,2.35E-18,6.34E-07,43.4983784,14.82112864,0.868653589
6.64E-05,0.565385506,0.02717273,2.90E-09,23784.52672,2.55E-07,1.15E-09,3.13E-18,6.43E-07,65.00845157,25.86671785,0.521291355
3.57E-05,0.659317003,0.044245199,4.36E-09,47622.69783,2.83E-08,3.46E-10,1.02E-18,8.93E-07,42.90106569,14.67789718,0.546784741
2.63E-05,0.574524351,0.010322093,2.53E-09,35333.09628,1.31E-07,2.39E-09,1.51E-18,2.51E-07,40.01194918,12.84992979,0.852029918
6.20E-05,0.766430786,0.026665811,4.57E-09,8303.484542,6.88E-08,1.55E-09,2.24E-18,8.24E-07,54.78535946,21.26844099,0.424658288
3.85E-05,0.691888995,0.074237938,1.01E-09,34428.15332,8.53E-08,3.89E-10,3.23E-18,8.45E-07,49.24189512,18.21846745,0.487481572
1.06E-05,0.734936153,0.068549603,7.06E-10,45698.42826,2.14E-07,2.14E-09,2.53E-18,9.64E-07,31.80648837,5.825235101,0.344386352
8.56E-05,0.743422141,0.070932962,4.62E-09,16540.37291,2.21E-07,2.39E-09,2.31E-18,6.49E-07,45.74726694,16.53728474,0.489710244
7.34E-05,0.625762585,0.071685017,2.23E-09,6135.039565,1.64E-07,1.67E-09,3.73E-18,2.67E-07,45.76143163,16.50434724,0.421200908
9.89E-05,0.780001508,0.030970918,4.53E-09,17803.2635,2.99E-07,7.86E-10,1.32E-18,3.19E-07,74.66898769,29.52082806,0.745075464
7.96E-05,0.610210757,0.07416793,7.58E-10,42629.66682,2.66E-07,4.28E-10,1.60E-18,7.90E-07,97.71503776,36.03451739,1.095514874
3.41E-05,0.619573956,0.075081288,4.62E-09,14884.11771,7.18E-08,3.55E-10,2.02E-18,4.85E-07,30.94655962,7.236380551,0.141528944
9.44E-05,0.528418467,0.03425575,9.70E-10,12111.27267,1.00E-07,1.00E-09,1.92E-18,6.64E-07,106.7131453,39.03199114,1.902028759
5.92E-05,0.628667399,0.071011776,4.57E-09,46743.30843,5.11E-08,2.45E-09,2.18E-18,5.73E-07,41.81460632,14.19130474,0.321772645
8.85E-05,0.502969453,0.050144901,3.89E-09,7308.569813,3.94E-07,1.31E-09,3.29E-18,8.34E-07,62.09241221,24.6608006,0.614007894
3.24E-05,0.672106065,0.067670582,1.93E-09,28937.41796,2.48E-07,1.13E-09,1.11E-18,4.31E-07,39.82288902,12.83543481,0.258706667
8.32E-05,0.540259339,0.043621546,2.00E-09,27275.02837,7.30E-08,1.54E-09,2.65E-18,5.31E-07,71.73058912,28.05851651,0.951352743
5.54E-05,0.646065191,0.039889035,1.62E-09,15020.0094,1.47E-07,2.74E-09,3.82E-18,4.36E-07,50.82491021,19.17214009,0.366841519
3.21E-05,0.807420295,0.041825152,1.61E-09,42633.17017,2.41E-07,3.27E-10,3.11E-18,6.52E-07,30.55975705,5.955738526,0.128525762
4.65E-05,0.642923464,0.052297373,4.21E-09,28788.80608,1.05E-07,2.36E-09,3.78E-18,9.86E-07,40.65641684,13.58815076,0.257586022
8.87E-05,0.892189077,0.069987618,1.29E-09,29018.39958,1.56E-07,2.12E-09,3.27E-18,7.78E-07,51.54073464,19.12275677,0.526403704
1.36E-05,0.713739702,0.024012201,6.75E-10,42795.77455,3.37E-07,2.32E-09,2.72E-18,4.58E-07,31.57576199,5.284027245,0.925128409
5.95E-05,0.648474766,0.069028384,4.37E-09,28870.93135,1.21E-07,2.06E-09,1.95E-18,6.03E-07,42.16964782,14.42376511,0.324928227
2.64E-05,0.730362941,0.072199449,4.98E-09,37690.65675,3.54E-07,2.87E-09,1.49E-18,7.76E-07,23.4406947,1.588435585,0.058406036
4.05E-05,0.784462776,0.049511542,4.55E-09,10215.84672,2.50E-08,2.77E-09,2.18E-18,9.07E-07,34.00443202,9.372569738,0.192843548
7.76E-05,0.872910467,0.070647322,2.89E-09,49604.46621,2.82E-07,1.65E-09,1.08E-18,5.74E-07,49.21725875,17.9489817,0.444581721
7.74E-05,0.882256184,0.024585196,2.30E-09,45604.3246,3.88E-07,7.72E-10,1.84E-18,8.83E-07,64.55308495,25.54444634,0.568417482
7.87E-05,0.644614204,0.055808856,1.68E-09,47170.50131,3.90E-07,1.39E-09,1.01E-18,8.21E-07,68.33691403,26.46356651,0.755444124
6.34E-05,0.625378879,0.036309843,4.34E-09,35525.24985,3.08E-07,1.05E-09,3.80E-18,2.94E-07,56.56797067,22.13256851,0.442577108
8.91E-05,0.693744136,0.012866005,4.10E-09,16780.2023,1.08E-07,7.48E-10,3.34E-18,8.19E-07,79.20609402,31.36314201,0.737289422
2.21E-05,0.88289116,0.054337136,4.35E-09,25031.56166,3.84E-07,1.27E-09,3.49E-18,4.89E-07,21.39708294,0.024408537,0.017014577
6.87E-05,0.861428797,0.051521039,7.21E-10,9931.074536,3.43E-07,1.46E-09,3.68E-18,9.83E-07,53.64681901,20.24247078,0.490804781
3.82E-05,0.795193839,0.011175781,3.56E-09,16847.09133,1.88E-07,6.50E-10,1.93E-18,9.65E-07,38.03440377,11.96308713,0.260215087
7.93E-05,0.51154979,0.06195699,2.84E-09,28523.92672,3.41E-07,1.28E-09,3.70E-18,8.20E-07,54.28818617,20.93950552,0.50872445
8.23E-05,0.650406315,0.027397718,3.75E-09,24993.51528,2.91E-07,2.29E-09,1.20E-18,8.43E-07,71.07421349,28.20381775,0.633657778
7.32E-05,0.591212761,0.03659157,3.25E-09,44991.6076,9.74E-08,1.72E-09,2.93E-18,2.93E-07,62.99793765,24.93406426,0.539250703
8.27E-05,0.588558997,0.048878842,3.00E-09,44537.94149,4.96E-08,1.10E-09,1.94E-18,3.22E-07,67.26852819,26.33756912,0.737366737
9.13E-05,0.746024125,0.043950232,9.62E-10,44620.3411,3.11E-07,2.52E-09,2.37E-18,8.72E-07,75.04520095,29.00039694,0.99120605
6.23E-05,0.615193846,0.042133842,4.11E-09,48473.17859,2.80E-07,1.43E-09,1.56E-18,9.32E-07,55.60686961,21.53992427,0.424064202
4.90E-05,0.800952833,0.054567099,1.84E-09,33669.46235,1.46E-07,6.14E-10,1.54E-18,9.88E-07,45.08712381,15.57908036,0.355357587
7.72E-05,0.896557761,0.050792629,4.28E-09,49734.90527,3.05E-09,6.35E-10,1.65E-18,2.98E-07,56.47670024,21.75754285,0.499559176
9.72E-05,0.546579751,0.042883125,2.20E-09,13468.71359,3.02E-07,1.32E-09,3.75E-18,6.46E-07,71.40510659,28.29654557,0.720958779
1.43E-05,0.6969319,0.057412835,2.82E-09,39605.81747,2.23E-07,1.77E-09,2.01E-18,3.78E-07,23.16567178,0.569185446,0.012330568
7.19E-05,0.533442248,0.078701088,1.10E-09,46085.83364,2.50E-07,2.82E-09,2.35E-18,7.60E-07,57.73122936,21.64527389,0.579506119
3.48E-05,0.663496445,0.075965408,1.05E-09,28431.30782,3.85E-07,2.95E-09,1.05E-18,4.92E-07,48.48412394,17.59059434,0.343167665
6.78E-05,0.560205338,0.024199741,1.85E-09,36533.56194,1.39E-07,2.51E-09,2.17E-18,4.30E-07,74.4075977,29.30104827,1.164667945
7.18E-05,0.634444874,0.03255281,1.49E-09,27848.93004,7.09E-08,4.19E-10,1.84E-18,5.49E-07,81.11372636,31.66061141,1.51389535
7.85E-05,0.676111284,0.069387372,1.74E-09,41816.42719,3.92E-07,1.49E-09,2.22E-18,6.18E-07,53.85122083,20.25741033,0.481617837
9.76E-05,0.512415114,0.063161447,2.75E-09,35151.21809,1.28E-07,4.21E-10,1.44E-18,6.96E-07,77.10921463,29.38049499,0.891278813
5.44E-05,0.589529921,0.047553906,4.24E-09,7398.232251,3.71E-07,2.42E-09,1.11E-18,3.34E-07,48.55397937,18.02645239,0.34020296
5.45E-05,0.709790207,0.077778493,1.90E-09,21224.20282,2.74E-07,1.02E-09,3.67E-18,9.44E-07,38.42521584,12.12898697,0.273558062
5.15E-05,0.521395708,0.024203276,1.57E-09,22079.20987,2.13E-07,2.86E-09,3.65E-18,5.54E-07,59.66587655,23.40070968,0.486984109
5.22E-05,0.707271031,0.010703483,3.31E-09,13801.3527,2.97E-07,8.49E-10,2.59E-18,7.99E-07,55.34167588,21.53909921,0.40448617
9.34E-05,0.607640136,0.077455899,6.28E-10,36645.97054,1.66E-07,7.72E-10,1.25E-18,5.50E-07,110.5851264,38.82907456,1.358064494
6.81E-05,0.500159516,0.077595827,4.04E-09,14210.57818,2.11E-07,3.63E-10,1.17E-18,7.79E-07,53.36560748,20.14902636,0.427055191
8.49E-05,0.518970273,0.077537609,9.73E-10,31365.99777,2.99E-07,2.51E-09,3.38E-18,5.13E-07,59.66958024,22.45124494,0.632970069
3.78E-05,0.697478837,0.013055068,1.17E-09,33357.12788,2.47E-07,2.14E-09,3.87E-18,9.97E-07,43.94294586,15.30575461,0.317606098
5.59E-05,0.657745478,0.017688808,3.97E-09,39673.96437,8.97E-08,1.82E-09,2.16E-18,7.88E-07,58.77550827,23.11947211,0.446613329
4.26E-05,0.562952038,0.051700505,8.38E-10,31673.56555,3.77E-08,2.62E-09,2.32E-18,8.16E-07,76.43301112,30.08930449,1.387713623
9.51E-05,0.835623307,0.013558351,2.09E-09,35405.75645,1.52E-07,2.65E-09,3.71E-18,2.93E-07,79.6518469,31.34379683,0.766167857
6.22E-05,0.675423015,0.076415593,2.40E-09,29480.47103,1.75E-07,7.07E-10,3.14E-18,9.80E-07,43.7087361,15.24371075,0.342059394
5.33E-05,0.518476864,0.069159715,6.50E-10,43033.18518,1.09E-07,2.11E-09,2.72E-18,8.74E-07,89.44630184,34.34662396,1.148167519
1.57E-05,0.532066196,0.046595514,1.12E-09,42447.56213,3.96E-07,2.75E-09,3.30E-18,7.22E-07,26.11757803,1.69347195,0.373056081
1.86E-05,0.794215216,0.032020955,1.41E-09,17878.16576,3.11E-08,1.24E-09,2.03E-18,5.72E-07,30.64841802,4.565663523,0.884161972
3.36E-05,0.90478537,0.024616706,1.69E-09,28098.88084,1.53E-07,1.62E-09,1.69E-18,3.60E-07,32.95732262,7.656988873,0.174901835
8.57E-05,0.581134163,0.012754795,4.65E-09,46915.46864,1.87E-07,5.97E-10,1.86E-18,4.16E-07,83.32433957,32.73451985,0.763602091
5.52E-05,0.613508799,0.060114782,9.55E-10,15901.10604,3.82E-07,2.98E-09,2.57E-18,3.43E-07,51.33914251,19.01839017,0.516557631
1.09E-05,0.765842235,0.060512792,1.65E-09,27255.6629,3.26E-07,1.61E-09,3.12E-18,3.05E-07,23.46313755,0.694347115,0.00815902
1.83E-05,0.739206064,0.066228047,4.92E-09,35618.54695,2.50E-07,1.28E-09,1.99E-18,2.88E-07,21.89571966,0.094314887,0.008797263
7.10E-05,0.883975299,0.019610935,3.67E-09,48352.49727,1.88E-07,2.13E-09,1.66E-18,7.93E-07,60.57888509,23.91669389,0.519130899
2.23E-05,0.902761014,0.027232314,4.53E-09,39803.45025,2.94E-07,3.86E-10,3.66E-18,8.95E-07,21.71796803,0.071442268,0.06022971
3.64E-05,0.791278767,0.049855422,2.88E-09,21433.97081,3.93E-07,1.58E-09,2.59E-18,6.85E-07,30.89968825,7.244661426,0.157657161
4.84E-05,0.668625374,0.040743129,4.90E-09,37636.64802,1.25E-08,1.08E-09,1.80E-18,7.75E-07,46.42420095,16.81966698,0.313947479
8.89E-05,0.685101498,0.062351262,4.95E-09,42855.66907,2.98E-07,2.88E-09,1.22E-18,8.73E-07,53.08448268,20.20733674,0.553588717
3.03E-05,0.613111475,0.015755794,2.50E-09,27607.34309,3.87E-07,2.46E-09,3.34E-18,6.04E-07,36.98294542,11.33328756,0.228720733
6.14E-05,0.622780537,0.065851714,2.60E-09,17589.60401,1.05E-07,8.64E-10,2.62E-18,3.27E-07,47.5807498,17.37715948,0.362701732
3.80E-05,0.520030092,0.065450401,1.31E-09,12978.39177,2.71E-07,5.28E-10,2.38E-18,2.97E-07,62.49984885,24.67652153,0.46764983
6.10E-05,0.635054016,0.035487455,2.00E-09,13815.25796,3.49E-07,6.92E-10,3.99E-18,6.10E-07,56.70318537,22.13043072,0.431693563
3.93E-05,0.881459091,0.022356009,2.08E-09,6685.351062,1.01E-07,2.23E-09,2.02E-18,4.34E-07,35.7372586,10.43871709,0.219378304
3.74E-05,0.82497463,0.032402887,3.29E-09,31622.03011,3.52E-07,1.02E-09,1.94E-18,6.39E-07,33.48032134,8.98140637,0.193801654
4.90E-05,0.607985589,0.049423337,2.59E-09,20484.00787,4.57E-08,2.30E-09,1.63E-18,2.74E-07,49.10529844,18.03805333,0.532844803
3.43E-05,0.548178073,0.063348933,2.91E-09,24914.90322,2.43E-07,9.42E-10,1.16E-18,2.89E-07,38.84504269,12.35182074,0.253976998
2.88E-05,0.768927533,0.063885568,8.44E-10,26455.93994,8.60E-08,2.85E-09,1.83E-18,7.74E-07,40.64219604,12.42667493,0.650798172
5.50E-05,0.598571132,0.020910569,4.08E-09,25241.76382,2.26E-07,1.65E-09,1.54E-18,7.07E-07,59.43072995,23.41051947,0.435323466
7.77E-05,0.558068936,0.066312824,2.05E-09,30152.76239,3.21E-07,1.52E-09,3.35E-18,4.79E-07,52.64820157,19.96769364,0.484005221
1.20E-05,0.736712466,0.066916674,6.74E-10,38252.45124,9.09E-08,2.14E-09,2.13E-18,4.70E-07,34.77995593,7.467251785,0.66772444
5.27E-05,0.556990312,0.05107745,2.35E-09,37503.36606,3.72E-07,1.72E-09,3.88E-18,5.52E-07,47.73277341,17.57464944,0.328797349
2.38E-05,0.87073268,0.07463647,2.22E-09,40765.11445,2.16E-08,7.78E-10,2.64E-18,9.70E-07,25.84262163,1.753124717,0.012152374
8.18E-05,0.604993134,0.057620511,3.70E-09,25685.14944,1.31E-07,1.37E-09,1.04E-18,9.87E-07,61.56817251,23.83134128,0.57231617
2.98E-05,0.895564497,0.068916076,2.52E-09,35034.10301,1.72E-07,7.27E-10,1.77E-18,6.15E-07,25.71047323,2.403817697,0.046584132
2.43E-05,0.506441529,0.052507952,4.69E-09,9666.990336,9.14E-08,2.66E-09,3.97E-18,6.76E-07,28.40370449,5.479262077,0.108824812
4.47E-05,0.58748826,0.045928276,2.03E-09,24364.40486,4.58E-08,2.07E-09,2.43E-18,2.54E-07,47.82917589,17.38354511,0.590621711
4.83E-05,0.738237516,0.076080958,3.35E-09,9765.390315,8.08E-08,4.83E-10,3.83E-18,4.05E-07,35.36469871,10.25742519,0.228283017
2.15E-05,0.571800454,0.01016988,1.34E-09,47195.76263,3.35E-07,2.32E-09,3.96E-18,3.11E-07,30.71882589,6.528922994,0.300503271
7.27E-05,0.866771714,0.064784158,1.55E-09,13903.00283,4.97E-08,2.60E-09,1.65E-18,4.83E-07,53.21135595,19.84033536,0.547393859
6.37E-05,0.669951245,0.062768977,2.09E-09,24821.33581,1.50E-07,1.32E-09,2.51E-18,6.06E-07,48.95718337,18.01432657,0.379705896
8.87E-05,0.565031831,0.070942885,1.05E-09,36540.13775,2.12E-07,8.12E-10,3.02E-18,2.58E-07,69.18689692,26.46108375,0.814504541
7.28E-05,0.578614565,0.026860174,2.01E-09,47720.46822,2.60E-07,1.36E-09,2.36E-18,2.79E-07,72.73456975,28.70129777,0.747151587
8.78E-05,0.798599899,0.030384233,4.82E-09,39876.73212,2.55E-07,1.87E-09,1.23E-18,8.38E-07,66.34743186,26.32572444,0.635468434
9.72E-05,0.744971567,0.069674079,1.73E-09,20840.67283,1.92E-07,4.48E-10,3.24E-18,8.58E-07,60.7540701,23.53789452,0.634065123
3.29E-05,0.761292862,0.011535846,4.89E-09,38831.77834,2.39E-07,1.75E-09,3.39E-18,3.40E-07,34.45948142,9.699159124,0.21894436
2.47E-05,0.573613193,0.038475275,7.46E-10,45442.60194,2.48E-07,2.34E-09,1.53E-18,3.61E-07,50.05520815,18.11431498,1.113816138
2.13E-05,0.75928398,0.024923796,1.76E-09,35853.02142,2.53E-07,5.35E-10,2.11E-18,8.82E-07,26.70977139,2.560435345,0.109148192
5.76E-05,0.635717958,0.04633956,2.80E-09,19679.40816,3.46E-07,2.89E-09,2.53E-18,8.29E-07,49.09613582,18.31739425,0.361344014
3.16E-05,0.741217358,0.060874262,2.19E-09,46463.36258,1.41E-08,1.74E-09,2.35E-18,3.99E-07,31.85984888,6.882051587,0.282360234
7.62E-05,0.64717233,0.067475088,3.15E-09,43169.64695,1.06E-07,1.65E-09,3.93E-18,4.12E-07,48.09868268,17.75551658,0.452162216
1.47E-05,0.550985494,0.074209009,3.54E-09,25372.18583,6.07E-09,5.32E-10,2.92E-18,8.88E-07,23.43811344,0.818411964,0.031251071
8.03E-05,0.688552234,0.070808102,9.38E-10,33676.90593,1.81E-07,1.27E-09,3.10E-18,3.95E-07,61.56376624,23.55245826,0.669731437
7.38E-05,0.528672976,0.039254678,1.78E-09,31013.80075,3.97E-08,2.60E-09,1.64E-18,9.56E-07,79.05039557,30.65676705,1.460271566
7.69E-05,0.633361815,0.037919093,3.34E-09,12323.12548,1.82E-07,1.16E-09,2.41E-18,2.86E-07,62.47977277,24.76402689,0.549768096
6.17E-05,0.644302034,0.061611552,3.45E-09,31257.23517,1.83E-07,1.10E-09,1.93E-18,5.23E-07,47.87087181,17.5676747,0.367478443
2.55E-05,0.632622912,0.032821113,9.80E-10,7200.246615,2.58E-07,7.43E-10,2.97E-18,4.06E-07,38.56526936,11.69095557,0.736284132
8.41E-05,0.614642745,0.059069683,4.68E-09,48450.58028,2.73E-07,2.21E-09,3.18E-18,9.55E-07,52.85839185,20.29905646,0.530003925
7.49E-05,0.654781717,0.015466845,1.01E-09,10621.18933,1.30E-07,2.74E-09,1.25E-18,5.77E-07,96.01671026,36.21077306,1.786443788
6.56E-05,0.677339556,0.040077434,1.03E-09,20649.8946,2.90E-07,2.89E-09,2.18E-18,8.13E-07,64.07477686,24.99102142,0.90575926
1.79E-05,0.868053627,0.033831643,1.29E-09,22252.84164,3.01E-07,2.45E-09,1.08E-18,6.34E-07,28.91698897,4.505471376,0.287849369
1.35E-05,0.790463029,0.011012364,4.19E-09,9048.703128,3.72E-07,1.21E-09,3.80E-18,2.62E-07,21.3621346,0.002319689,0.066246839
9.91E-05,0.900623358,0.040594705,2.70E-09,47886.32733,2.33E-07,1.78E-09,3.93E-18,9.75E-07,64.00743064,25.37466692,0.690146008
1.78E-05,0.648785242,0.02610721,3.59E-09,36394.26281,3.45E-07,1.83E-09,2.33E-18,6.83E-07,22.00136634,0.110304911,0.076698219
8.69E-05,0.544769668,0.060626118,2.80E-09,38775.57353,3.43E-07,2.93E-09,2.06E-18,8.25E-07,56.95530637,21.9498197,0.565146608
9.11E-05,0.767721607,0.074700919,3.28E-09,28987.75773,2.50E-07,9.94E-10,3.96E-18,4.87E-07,47.83475424,17.64765602,0.533434309
2.58E-05,0.645885803,0.074555005,2.26E-09,33133.92855,3.32E-07,1.69E-09,2.67E-18,4.84E-07,24.90024215,2.462374028,0.067383972
6.13E-05,0.673390952,0.040129551,2.52E-09,35435.2843,1.03E-07,1.11E-09,2.80E-18,6.87E-07,54.77481603,21.12538187,0.418015178
4.61E-05,0.627311263,0.012615499,2.28E-09,34305.27319,9.24E-08,1.42E-09,1.62E-18,3.92E-07,58.42819136,22.74829073,1.100747492
8.19E-05,0.790815628,0.016141973,6.11E-10,24698.11839,3.79E-07,9.90E-10,2.96E-18,3.09E-07,85.11545954,33.06521372,1.517584646
2.27E-05,0.822653799,0.051262276,3.72E-09,48753.18007,3.56E-07,1.69E-09,1.00E-18,5.47E-07,24.13857233,1.24628806,0.031611687
3.33E-05,0.762807065,0.059592961,3.86E-09,47674.33704,2.26E-07,2.71E-09,3.95E-18,5.82E-07,27.97911516,5.159977166,0.123471698
5.16E-05,0.674007471,0.042569763,4.21E-09,12699.77679,3.14E-07,6.38E-10,1.46E-18,6.87E-07,47.45782108,17.43971826,0.322161295
6.18E-05,0.640405741,0.040974882,2.16E-09,14135.16148,1.28E-07,1.06E-09,2.53E-18,8.68E-07,56.21323763,21.76268266,0.424573222
6.95E-05,0.849918456,0.019293924,3.23E-09,33809.9216,1.44E-07,1.15E-09,3.98E-18,8.22E-07,59.44991894,23.47418712,0.513483958
6.54E-05,0.712760805,0.022619012,9.86E-10,39051.12283,3.40E-07,6.18E-10,3.31E-18,4.89E-07,69.14016129,27.27445397,1.022898433
6.30E-05,0.89668666,0.03320846,4.27E-09,23260.28477,2.64E-08,1.55E-09,1.60E-18,4.51E-07,50.44278762,18.98637704,0.405312922
2.99E-05,0.576957126,0.026276793,3.68E-09,35569.41468,2.88E-07,8.55E-10,3.26E-18,9.48E-07,35.29375578,10.23952239,0.209924746
8.61E-05,0.718321418,0.03359212,1.84E-09,12855.11166,1.91E-07,2.26E-09,3.61E-18,4.64E-07,65.97748692,26.20055399,0.621919329
6.78E-05,0.829782535,0.024707318,3.99E-09,20685.39476,1.96E-07,6.13E-10,1.23E-18,9.91E-07,59.33095827,23.31574045,0.486649753
5.43E-05,0.640710594,0.025217244,2.22E-09,13164.78591,1.78E-07,1.67E-09,3.37E-18,3.66E-07,55.20663149,21.4383238,0.402428379
7.67E-05,0.829631116,0.01035622,3.26E-09,13344.37811,3.60E-07,8.57E-10,3.48E-18,7.25E-07,68.0772182,27.22551098,0.601899434
1.40E-05,0.740179423,0.061710266,2.78E-09,18385.745,3.04E-07,1.51E-09,1.68E-18,6.28E-07,23.09823385,0.555959232,0.007456074
7.63E-05,0.54325796,0.062037057,2.02E-09,7792.29,1.61E-07,2.51E-09,3.16E-18,9.60E-07,52.15922541,19.81392095,0.478283339
1.15E-05,0.534569683,0.012629126,4.30E-09,34878.35738,3.17E-07,1.86E-09,3.11E-18,3.47E-07,21.43107998,0.035226927,0.110853882
1.26E-05,0.735467677,0.067194476,2.72E-09,25534.55867,1.60E-07,2.86E-09,3.98E-18,8.52E-07,21.45426024,0.043249944,0.004521824
6.32E-05,0.565781028,0.024110299,1.65E-09,22172.49521,2.84E-07,1.48E-09,2.75E-18,9.69E-07,68.00176858,26.90869348,0.719403334
6.19E-05,0.749357799,0.047156069,4.45E-09,24420.81733,3.56E-07,2.62E-09,3.84E-18,9.47E-07,47.0734656,17.29915393,0.37017521
3.79E-05,0.543879095,0.058232517,4.09E-09,36493.20453,1.61E-07,2.04E-09,3.67E-18,7.39E-07,36.77893782,11.19657305,0.198904192
8.65E-05,0.600644266,0.031874272,4.71E-09,39315.09939,1.05E-07,5.59E-10,3.27E-18,3.67E-07,71.00178722,28.28010854,0.673901153
2.25E-05,0.634013982,0.029445062,1.97E-09,28878.12123,2.96E-07,3.00E-09,1.04E-18,8.47E-07,35.2719827,9.531761532,0.595297508
3.82E-05,0.62167137,0.055858513,4.97E-09,27677.95323,2.55E-07,9.47E-10,3.75E-18,7.93E-07,35.68786605,10.49950846,0.192709003
6.99E-05,0.773451913,0.020398854,4.18E-09,6785.833873,1.46E-07,2.91E-09,2.65E-18,5.93E-07,61.7026736,24.50935816,0.504285049
2.87E-05,0.779654896,0.016978132,3.41E-09,40995.0732,2.73E-07,4.06E-10,1.41E-18,6.07E-07,29.16667166,5.207434405,0.167083441
5.66E-05,0.662143631,0.045727706,7.03E-10,33872.99415,1.14E-07,2.72E-09,1.96E-18,6.71E-07,82.11245834,31.78252573,1.389121565
8.74E-05,0.514245515,0.012146959,7.32E-10,22790.14194,2.23E-07,1.60E-09,1.97E-18,6.91E-07,125.1272207,43.27498953,2.127926651
5.12E-05,0.748988596,0.05637794,4.02E-09,49847.36422,3.68E-07,1.18E-09,3.87E-18,2.52E-07,39.8931694,13.13229157,0.273594354
6.75E-05,0.843525091,0.030160957,2.25E-09,17253.58949,1.81E-07,2.10E-09,3.31E-18,2.51E-07,54.73522312,21.19595094,0.453752056
2.92E-05,0.574377983,0.05008985,3.67E-09,37856.9799,2.83E-07,1.43E-09,1.36E-18,6.98E-07,32.28012251,8.063466859,0.14394895
3.88E-05,0.662402957,0.051847692,2.70E-09,14313.77774,2.01E-07,1.17E-09,2.18E-18,3.07E-07,36.42966145,10.91855894,0.20157705
2.03E-05,0.634791908,0.050240156,3.39E-09,21248.53977,3.28E-07,1.96E-09,1.09E-18,8.53E-07,24.02701217,1.461217587,0.055385172
2.82E-05,0.516786003,0.012850025,6.99E-10,36322.97828,2.26E-07,3.45E-10,3.23E-18,9.08E-07,65.69621914,26.07024276,1.618634605
2.96E-05,0.741099038,0.019382591,2.51E-09,19273.30884,2.36E-07,8.21E-10,3.25E-18,4.49E-07,29.83415139,6.457504712,0.172495437
8.18E-05,0.624683327,0.015310308,3.96E-09,6159.447767,8.77E-08,1.55E-09,2.72E-18,3.59E-07,75.74197717,30.17885902,0.669098791
1.42E-05,0.717157,0.05260293,1.29E-09,42167.73638,1.32E-07,9.10E-10,3.29E-18,5.16E-07,27.13854901,2.524022368,0.172715328
3.00E-05,0.730119855,0.069807757,2.25E-09,31132.08053,9.97E-08,2.01E-09,1.10E-18,4.81E-07,33.61105883,8.312027595,0.200530218
9.65E-05,0.875245928,0.060189957,4.08E-09,13102.03571,3.69E-07,6.54E-10,1.36E-18,7.11E-07,56.75438121,22.04035176,0.618943241
4.37E-05,0.513517517,0.03316187,1.87E-09,37240.76871,2.39E-07,2.31E-09,1.73E-18,7.77E-07,55.18022931,21.13353069,0.879772607
8.56E-05,0.545633237,0.028061387,4.13E-09,6926.961266,2.13E-07,7.13E-10,3.83E-18,3.01E-07,73.03416023,29.13695267,0.674567212
4.96E-05,0.812770924,0.066131879,2.03E-09,7299.882458,3.89E-07,8.85E-10,1.12E-18,9.79E-07,39.57006166,12.59093538,0.244827178
8.83E-05,0.624197264,0.078714889,1.89E-09,43948.6866,1.48E-07,1.27E-09,2.63E-18,7.94E-07,55.04573842,20.60762377,0.548156719
6.07E-05,0.590070291,0.021748962,4.48E-09,44904.43152,2.88E-07,2.87E-09,1.49E-18,9.32E-07,63.17751517,25.07083944,0.48129347
5.64E-05,0.873534092,0.070361257,3.16E-09,8859.967154,3.74E-07,5.91E-10,1.57E-18,9.54E-07,38.11463375,11.95157526,0.280542542
1.90E-05,0.770655678,0.054546007,3.63E-09,7060.728785,1.45E-07,2.43E-09,3.12E-18,2.89E-07,21.3695042,0.005896596,0.016047402
4.66E-05,0.501968662,0.070238473,4.50E-09,49392.79994,1.88E-07,2.87E-09,2.23E-18,9.51E-07,39.18295924,12.65895739,0.245303247
5.62E-05,0.618062869,0.021541983,3.36E-09,34781.49246,2.18E-07,2.69E-09,1.53E-18,2.95E-07,60.11306362,23.6726414,0.440974185
5.54E-05,0.775209328,0.02014243,1.06E-09,15516.29373,7.37E-08,2.53E-09,2.43E-18,5.17E-07,61.73091571,24.16470413,1.275738575
9.11E-05,0.861048608,0.028757921,1.93E-09,45403.31372,3.65E-07,2.43E-09,2.40E-18,9.10E-07,69.29385577,27.37717496,0.667643298
7.88E-05,0.858592385,0.068124149,4.56E-09,17323.33284,9.66E-08,2.21E-09,2.28E-18,5.81E-07,43.808395,15.43322016,0.439028378
9.18E-05,0.764798533,0.05559996,2.17E-09,37157.4744,2.40E-07,5.53E-10,1.33E-18,9.31E-07,69.09388975,26.93312406,0.653159767
6.45E-05,0.693098073,0.054712781,1.13E-09,24747.86552,3.61E-07,2.70E-09,3.17E-18,7.34E-07,52.57741421,19.75707659,0.41579268
9.79E-05,0.724924397,0.02927984,1.94E-09,34418.2251,2.97E-07,1.97E-09,2.33E-18,9.62E-07,78.69462621,30.69116728,0.76147696
3.70E-05,0.556641278,0.053935367,4.59E-09,31808.30096,3.84E-07,1.34E-09,2.50E-18,8.15E-07,37.12628311,11.42115596,0.198543439
1.21E-05,0.787483955,0.050632536,9.91E-10,18038.02021,8.62E-08,2.28E-09,1.59E-18,9.40E-07,31.87446361,5.721259929,0.649985944
3.24E-05,0.799488386,0.04279111,1.39E-09,19172.10654,7.75E-08,1.53E-09,2.20E-18,9.30E-07,34.49736391,8.788835338,0.45424946
4.73E-05,0.511520329,0.036230904,2.00E-09,29753.17923,2.07E-07,1.66E-09,1.98E-18,2.96E-07,56.0145233,21.56826521,0.783251827
3.45E-05,0.827612268,0.042406476,1.31E-09,44031.46748,1.14E-07,2.97E-09,2.21E-18,5.80E-07,35.54538623,9.415802493,0.384715154
8.95E-05,0.695582308,0.077069048,3.53E-09,26685.66539,1.06E-07,2.83E-09,1.86E-18,7.52E-07,46.78522745,16.86358832,0.51390268
4.62E-05,0.755328705,0.056922116,4.05E-09,47498.82607,2.93E-07,1.38E-09,2.89E-18,7.04E-07,36.90219376,11.25819154,0.232903575
8.77E-05,0.80707003,0.059957834,2.15E-09,27619.86675,3.80E-07,1.71E-09,3.74E-18,5.02E-07,51.8321509,19.66522022,0.540292403
8.31E-05,0.754403861,0.034107821,2.42E-09,6847.300649,6.14E-08,2.11E-09,3.85E-18,8.22E-07,62.32358528,24.72515972,0.580509871
2.46E-05,0.903725275,0.02511585,1.88E-09,9204.783851,1.52E-07,6.67E-10,2.43E-18,6.08E-07,24.106627,1.233167885,0.064803703
3.87E-05,0.667128199,0.050042684,2.30E-09,19519.97502,3.10E-07,2.72E-09,1.15E-18,8.79E-07,39.1007915,12.36757451,0.232471012
4.75E-05,0.710998419,0.067746392,1.51E-09,41137.22707,3.89E-07,1.26E-09,3.34E-18,7.72E-07,38.78921379,12.21924184,0.239346271
1.71E-05,0.685322464,0.078578586,6.81E-10,38510.3139,3.66E-07,2.94E-09,2.87E-18,8.01E-07,29.60027713,4.399745113,0.149475827
4.24E-05,0.885300069,0.040507559,4.41E-09,37102.86225,2.06E-07,1.95E-09,3.80E-18,5.97E-07,34.26276359,9.556394392,0.21197155
9.46E-05,0.704325003,0.06249331,2.33E-09,17800.49032,1.23E-07,1.41E-09,2.77E-18,9.81E-07,57.79256456,22.38786485,0.613191612
3.30E-05,0.843102565,0.0108849,7.71E-10,23979.43751,8.56E-09,2.03E-09,2.03E-18,2.72E-07,58.21957429,22.25288944,1.932608571
8.11E-05,0.874215522,0.074892606,1.77E-09,32215.34257,2.30E-07,2.96E-09,3.36E-18,4.86E-07,43.52416287,15.08991569,0.442952
3.09E-05,0.882934749,0.035853512,4.05E-09,15467.26261,3.50E-07,2.75E-09,2.59E-18,6.60E-07,26.56684527,4.109098719,0.117419358
5.13E-05,0.652506471,0.049222317,2.98E-09,14877.66591,1.25E-07,2.91E-09,3.91E-18,5.00E-07,43.92862617,15.50727569,0.29869659
5.70E-05,0.506726829,0.054358776,3.52E-09,10903.44126,1.19E-07,1.13E-09,2.92E-18,5.69E-07,50.18848772,18.90585466,0.362019357
7.24E-05,0.729748206,0.043340771,4.53E-09,13528.19776,3.44E-07,2.81E-09,2.47E-18,7.19E-07,53.59967423,20.69106539,0.464995223
1.94E-05,0.848860646,0.039652881,4.22E-09,17002.34675,2.56E-07,2.98E-09,2.02E-18,6.08E-07,21.44476259,0.038111361,0.025027334
8.50E-05,0.684124019,0.071678236,7.87E-10,30893.74566,3.16E-07,1.84E-09,3.58E-18,7.96E-07,61.01848575,23.22459911,0.647530026
4.07E-05,0.842407933,0.078148253,1.54E-09,28048.14307,3.92E-07,2.78E-09,2.66E-18,8.84E-07,29.56920995,6.067327579,0.146954663
4.03E-05,0.73219761,0.068651356,4.68E-09,32322.81158,1.10E-07,1.19E-09,1.39E-18,9.64E-07,32.60686547,8.355722581,0.175128583
5.49E-05,0.623798652,0.079791426,1.18E-09,23656.40739,1.43E-07,7.73E-10,1.03E-18,5.45E-07,78.45704207,30.38735743,0.725536521
2.67E-05,0.604352312,0.04379849,2.36E-09,6271.569528,2.32E-07,9.87E-10,3.57E-18,4.02E-07,28.67814484,5.666299864,0.124416623
5.86E-05,0.702410586,0.015544657,2.45E-09,14523.43223,1.66E-07,2.44E-09,2.14E-18,3.72E-07,60.2156419,23.76216027,0.454991157
3.60E-05,0.894460153,0.078320468,2.63E-09,49412.54554,2.19E-07,6.24E-10,2.40E-18,5.76E-07,26.63600643,3.483569832,0.092869561
2.08E-05,0.680429448,0.027262397,1.20E-09,23030.78034,5.90E-08,4.00E-10,1.32E-18,6.62E-07,39.51478496,11.21049781,1.292690144
8.40E-05,0.58771992,0.037678475,1.43E-09,42762.73936,2.17E-07,2.53E-09,2.64E-18,9.18E-07,74.97485563,29.24552248,1.018669359
7.40E-05,0.655547675,0.049519191,4.26E-09,22422.44163,9.28E-08,1.61E-09,1.95E-18,8.44E-07,55.22881138,21.37723694,0.48504707
3.06E-05,0.65169964,0.018404912,2.04E-09,45804.28303,1.03E-07,2.99E-09,1.02E-18,6.30E-07,49.67461842,18.45207619,1.106827624
2.21E-05,0.517773447,0.075155719,3.31E-09,15743.08597,1.71E-07,2.06E-09,3.74E-18,6.20E-07,23.70820979,1.902162697,0.061172093
6.05E-05,0.574998254,0.011963011,4.57E-09,23790.31191,5.93E-08,6.57E-10,2.24E-18,6.78E-07,68.12491383,27.1908334,0.541775503
1.17E-05,0.728608363,0.078995661,2.34E-09,11337.68002,6.07E-08,1.91E-09,2.55E-18,4.31E-07,22.47937069,0.237243398,0.002586511
8.11E-05,0.511116621,0.033529261,2.67E-09,20546.16046,3.87E-08,2.55E-09,3.25E-18,7.18E-07,70.4236432,27.88236729,0.642474627
7.78E-05,0.77219179,0.076649553,3.33E-09,7134.330819,1.56E-07,1.41E-09,1.78E-18,3.84E-07,43.73582147,15.30573702,0.430287134
5.70E-05,0.612528387,0.031251276,2.12E-09,13005.18714,3.29E-07,2.49E-09,3.56E-18,8.35E-07,55.37534879,21.52482067,0.405622057
1.60E-05,0.569442913,0.028854888,4.41E-09,8914.886679,3.92E-07,1.84E-09,3.98E-18,6.51E-07,21.35198758,0.000156636,0.065764399
9.52E-05,0.532928229,0.067393512,1.26E-09,8270.927268,3.30E-10,4.72E-10,3.97E-18,7.39E-07,81.44752353,31.19361605,1.497425995
2.20E-05,0.761710346,0.058904399,3.48E-09,17713.61297,7.21E-09,1.68E-09,1.90E-18,3.28E-07,23.47485978,0.792367052,0.034926098
9.41E-05,0.808185208,0.02024048,3.55E-09,39938.0917,2.59E-07,5.26E-10,2.75E-18,4.22E-07,76.57524223,30.33710408,0.748604879
7.08E-05,0.891740861,0.047883705,4.35E-09,33415.35955,1.80E-07,3.74E-10,1.83E-18,9.73E-07,51.29923854,19.44820442,0.441978235
9.95E-05,0.511817902,0.032344426,7.88E-10,36880.48753,1.62E-07,8.90E-10,2.63E-18,8.64E-07,111.2376623,39.87453556,2.000052942
9.98E-05,0.841828655,0.036336556,6.21E-10,27936.90409,6.78E-08,2.12E-09,2.83E-18,4.61E-07,91.39187854,34.48184186,1.783865256
1.67E-05,0.828847779,0.045127491,4.10E-09,45013.05664,1.65E-07,2.24E-09,3.41E-18,3.79E-07,21.44390235,0.039083464,0.017531931
3.04E-05,0.819571715,0.066465137,3.00E-09,46624.97018,1.48E-07,2.57E-09,1.40E-18,8.24E-07,26.60333187,3.393508841,0.080117695
8.06E-05,0.897930302,0.04616375,2.96E-09,27340.14129,3.45E-07,3.49E-10,3.90E-18,4.36E-07,55.33340041,21.50954474,0.52543775
7.20E-05,0.888329259,0.051467851,3.03E-09,30770.71642,2.45E-07,1.11E-09,2.30E-18,2.69E-07,49.15978415,18.31031086,0.434808542
4.05E-05,0.581966251,0.072931058,3.73E-09,6360.525108,3.81E-07,1.31E-09,2.78E-18,4.52E-07,34.21318114,9.523946902,0.188436554
5.99E-05,0.830199743,0.070167423,3.97E-09,49338.31841,2.08E-07,2.92E-09,3.09E-18,7.50E-07,37.44930602,11.6014953,0.298118059
5.97E-05,0.906575315,0.030238223,3.79E-09,19131.16297,2.21E-07,9.53E-10,3.78E-18,8.30E-07,47.60071153,17.57809599,0.381222687
6.84E-05,0.838963488,0.041243464,4.15E-09,46170.10585,3.55E-07,2.23E-09,1.37E-18,8.09E-07,51.93696259,19.74798396,0.433580764
4.98E-05,0.636470447,0.014490212,7.66E-10,48615.21707,3.04E-07,1.25E-09,2.28E-18,5.05E-07,80.26439809,31.38648088,1.52632257
7.97E-05,0.81855259,0.073118965,4.99E-09,46106.79851,2.25E-07,5.46E-10,3.66E-18,7.03E-07,45.88900954,16.62554135,0.457017953
4.21E-05,0.717597341,0.029524915,2.49E-09,32775.19132,8.41E-08,2.28E-09,2.65E-18,6.74E-07,42.43301714,14.59207176,0.273458235
6.71E-05,0.649589751,0.034636827,1.54E-09,25930.24924,1.41E-07,1.52E-09,1.35E-18,3.41E-07,71.34523551,27.96099331,1.190570363
9.69E-05,0.546685335,0.038547852,2.59E-09,41546.14339,3.88E-07,1.39E-09,3.56E-18,6.70E-07,74.15849174,29.29683332,0.739435498
8.86E-05,0.591231171,0.072672545,4.76E-09,9387.970854,3.16E-07,1.53E-09,1.74E-18,9.36E-07,49.26952289,18.41012137,0.530603556
7.15E-05,0.844698346,0.026011556,4.51E-09,37548.49366,1.04E-08,2.43E-09,2.41E-18,3.46E-07,58.75981459,23.09301625,0.509264829
5.79E-05,0.739840508,0.071753129,2.45E-09,42367.81422,1.21E-07,2.12E-09,3.49E-18,5.26E-07,39.40572582,12.73679434,0.298488435
8.75E-05,0.597934844,0.038079291,4.38E-09,21097.84673,1.55E-07,1.79E-09,2.27E-18,5.18E-07,65.98740942,26.24118511,0.63788684
9.39E-05,0.73076711,0.049310141,1.58E-09,43483.81334,2.86E-07,1.88E-09,1.51E-18,6.94E-07,72.6661516,28.00025699,0.820403174
8.31E-05,0.871327769,0.05081433,1.75E-09,21521.22523,2.85E-07,4.12E-10,2.46E-18,6.03E-07,59.49213635,23.17991612,0.54486578
8.51E-05,0.814290767,0.059405599,1.16E-09,27035.74839,2.05E-07,2.36E-09,2.48E-18,8.50E-07,59.78618676,22.90023047,0.595309275
1.03E-05,0.728951709,0.022003309,1.27E-09,8741.368933,8.87E-08,2.66E-09,2.87E-18,1.00E-06,25.08999179,1.254107105,0.355408123
8.92E-05,0.504266003,0.019911056,4.16E-09,33517.95784,2.35E-07,2.58E-09,2.86E-18,3.19E-07,80.70236769,31.83626747,0.75408158
9.49E-05,0.721912001,0.012915935,4.93E-09,15195.44885,5.60E-08,2.49E-09,2.26E-18,6.56E-07,82.54764545,32.42776103,0.774073522
8.25E-05,0.523306553,0.058509037,1.02E-09,11838.11457,9.72E-08,1.36E-09,3.55E-18,3.18E-07,68.95651252,26.71026164,0.976398121
3.51E-05,0.673797095,0.035140547,4.60E-09,33613.63368,8.48E-08,1.88E-09,1.96E-18,8.90E-07,35.90315286,10.61715898,0.202360441
2.40E-05,0.610078426,0.0147353,6.86E-10,9480.8666,1.08E-07,1.44E-09,2.58E-18,8.01E-07,49.04357167,17.23703041,1.537975017
4.93E-05,0.537501575,0.074770984,4.33E-09,9462.520818,3.08E-07,2.18E-09,3.29E-18,8.49E-07,37.73882936,11.81586942,0.249250335
2.51E-05,0.503208109,0.053892816,4.96E-09,45999.24063,1.22E-08,9.23E-10,2.61E-18,7.86E-07,29.55230671,6.211314531,0.126152649
9.40E-05,0.744656536,0.035931256,2.53E-09,12926.33549,3.36E-07,2.71E-09,3.69E-18,8.66E-07,66.45614006,26.46545619,0.668589327
6.08E-05,0.586738381,0.07879053,2.97E-09,35984.97819,2.70E-07,1.47E-09,1.84E-18,3.14E-07,43.51535124,15.03104751,0.332201845
7.41E-05,0.838331433,0.057895973,3.98E-09,22940.22199,2.89E-08,7.55E-10,2.29E-18,9.15E-07,49.74755816,18.59661626,0.447187661
3.11E-05,0.648461371,0.017489824,3.65E-09,27493.9291,3.97E-07,1.24E-09,3.50E-18,9.76E-07,35.43832112,10.34508215,0.214695299
6.14E-05,0.538758429,0.060271351,4.72E-09,16509.71156,1.09E-07,2.94E-09,2.67E-18,3.03E-07,46.82096974,17.13267346,0.36573298
7.99E-05,0.896117914,0.010493703,4.88E-09,31781.20695,1.02E-07,1.19E-09,1.43E-18,5.67E-07,68.68943194,27.41315636,0.628385151
3.34E-05,0.763472844,0.077242787,1.06E-09,18845.61193,3.76E-07,1.29E-09,1.56E-18,7.18E-07,37.59970597,11.23722967,0.207194728
8.13E-05,0.712291237,0.079710537,1.46E-09,23331.52441,1.25E-07,2.30E-09,1.97E-18,2.55E-07,54.07913824,20.06583053,0.522572862
4.38E-05,0.538279214,0.03664102,3.88E-09,8586.561019,1.59E-07,2.27E-09,1.70E-18,3.58E-07,47.2029083,17.33637636,0.293843263
2.60E-05,0.620186248,0.061200276,3.09E-09,10006.61271,1.90E-07,2.71E-09,3.13E-18,7.48E-07,25.79050383,3.517724855,0.087970166
6.65E-05,0.737179965,0.037122812,3.71E-09,6546.774187,2.54E-07,1.14E-09,3.03E-18,5.29E-07,54.23849726,21.01228035,0.436834709
9.30E-05,0.889297916,0.033054692,3.20E-09,31343.65001,9.38E-08,1.45E-09,1.01E-18,8.77E-07,70.80633247,27.78933532,0.674399478
8.22E-05,0.633226283,0.051772515,3.15E-09,14549.72719,1.36E-07,2.95E-09,1.65E-18,2.76E-07,57.63380919,22.38216973,0.545945061
3.02E-05,0.80839053,0.037825978,1.98E-09,26806.06706,5.30E-08,2.85E-09,2.22E-18,7.26E-07,29.88975625,5.725084287,0.134956589
4.65E-05,0.885842732,0.010563102,1.39E-09,27304.91785,2.65E-07,8.00E-10,1.36E-18,5.48E-07,48.96264062,18.02312094,0.64638342
6.69E-05,0.867396509,0.016693232,1.95E-09,23122.98391,5.68E-08,1.95E-09,2.56E-18,6.45E-07,60.93198189,24.01985516,0.499453061
6.25E-05,0.897107979,0.07405443,3.36E-09,21136.73824,1.55E-07,1.97E-09,3.38E-18,7.30E-07,36.54104718,11.02508439,0.304008791
8.45E-05,0.738063726,0.063431694,2.02E-09,29523.89017,2.81E-07,6.23E-10,1.73E-18,4.59E-07,60.12085867,23.19892042,0.54741032
1.58E-05,0.800799901,0.075734343,2.06E-09,42354.18506,5.48E-08,2.05E-09,2.19E-18,6.66E-07,25.51625473,1.622457501,0.005853107
5.92E-05,0.592641409,0.075626868,3.50E-09,47174.99294,2.89E-07,1.50E-09,2.38E-18,9.24E-07,41.99255338,14.29458777,0.320224325
3.67E-05,0.778430005,0.047061699,2.35E-09,23874.43857,3.46E-07,1.17E-09,3.01E-18,6.35E-07,32.06007125,8.02839186,0.167719297
9.94E-05,0.691283029,0.032854599,2.43E-09,22675.88908,1.94E-07,1.93E-09,2.09E-18,5.35E-07,77.3733632,30.26355778,0.764220219
7.11E-05,0.880515634,0.065718258,2.90E-09,35216.5326,3.58E-07,2.91E-09,1.09E-18,6.41E-07,45.93493758,16.32528371,0.397040481
7.74E-05,0.5742265,0.019732555,2.46E-09,28369.84475,7.24E-08,6.88E-10,2.76E-18,7.56E-07,78.70309391,30.99541475,0.805252698
8.55E-05,0.549129642,0.015860528,4.87E-09,17181.37979,3.99E-07,2.58E-09,3.47E-18,8.63E-07,78.92355697,31.34404088,0.714029007
3.97E-05,0.862655884,0.012436404,4.22E-09,18287.23779,1.13E-07,1.62E-09,3.40E-18,5.99E-07,37.67264619,11.77309789,0.257957645
5.29E-05,0.868591663,0.027702905,4.37E-09,26298.7807,6.48E-08,2.67E-09,2.49E-18,8.40E-07,45.52058545,16.41211026,0.334070884
3.00E-05,0.542193482,0.044503541,4.70E-09,7717.181377,1.33E-08,9.79E-10,2.10E-18,5.13E-07,33.7889675,9.219808821,0.170441802
6.09E-05,0.765395344,0.029022829,1.14E-09,8334.958963,1.95E-07,1.97E-09,2.53E-18,7.96E-07,58.33775523,22.6656657,0.651195045
9.08E-05,0.733986371,0.034454555,3.58E-09,45186.04261,1.43E-07,1.54E-09,2.54E-18,4.69E-07,67.47200675,26.76756053,0.661235138
2.52E-05,0.646980464,0.039378094,3.32E-09,21903.31519,3.79E-07,6.97E-10,2.39E-18,8.71E-07,26.38679294,3.87098733,0.109864352
6.82E-05,0.820580231,0.060321928,1.99E-09,11086.53327,2.39E-07,1.32E-09,1.72E-18,6.61E-07,48.61558175,17.81403877,0.399008087
8.24E-05,0.632019025,0.053033037,2.11E-09,6054.868309,1.47E-07,8.26E-10,1.78E-18,3.23E-07,63.37973432,24.7303024,0.616113917
5.55E-05,0.891471656,0.063628119,2.64E-09,16002.1921,2.31E-07,2.18E-09,1.32E-18,4.50E-07,38.95342465,12.35349258,0.278280539
9.09E-05,0.617859743,0.028392,2.18E-09,24503.92559,3.20E-07,1.50E-09,3.53E-18,6.24E-07,74.7225802,29.55620905,0.714686838
1.81E-05,0.862877432,0.029787904,1.53E-09,10441.08518,1.73E-07,7.85E-10,1.83E-18,4.65E-07,26.70768075,2.568266459,0.074803286
4.71E-05,0.827841097,0.071283973,9.28E-10,20125.04192,1.80E-07,2.61E-09,2.44E-18,6.88E-07,40.03121684,12.57832189,0.301630719
2.44E-05,0.803686874,0.032141121,4.81E-09,20870.12281,2.03E-07,4.42E-10,3.08E-18,2.85E-07,22.43961285,0.826374576,0.071366953
7.95E-05,0.553669455,0.07235285,4.18E-09,9930.13463,3.15E-07,2.97E-09,2.21E-18,5.62E-07,46.26085336,16.81772962,0.459897829
5.17E-05,0.709136379,0.028238493,3.91E-09,18684.23026,3.75E-07,1.85E-09,1.05E-18,5.08E-07,50.72928899,19.14603677,0.350370799
3.54E-05,0.902365701,0.042304677,3.77E-09,16363.41537,2.26E-08,2.54E-09,2.90E-18,4.68E-07,28.68590053,5.658645687,0.144064611
5.98E-05,0.713914155,0.029169057,8.15E-10,44387.69655,2.45E-07,2.42E-09,2.69E-18,3.62E-07,66.20446595,25.95791879,1.188303983
1.25E-05,0.727454087,0.066652261,4.26E-09,49730.81771,3.60E-08,2.73E-09,1.32E-18,7.63E-07,23.77728106,0.782421354,0.007648743
6.52E-05,0.899565464,0.052772913,4.55E-09,31050.24852,1.17E-07,2.95E-09,1.46E-18,4.18E-07,44.28598298,15.64829594,0.370446907
8.62E-05,0.748349262,0.069739321,4.98E-09,28551.92445,2.02E-08,5.46E-10,3.42E-18,8.56E-07,50.83301498,19.20537934,0.524142812
6.42E-05,0.864876881,0.01468462,1.46E-09,19420.89794,2.44E-07,5.88E-10,1.63E-18,4.14E-07,63.52412723,24.96466387,0.70850866
1.87E-05,0.523571476,0.052399608,1.66E-09,36034.01645,3.77E-07,9.98E-10,3.38E-18,7.22E-07,24.82225676,1.859625005,0.132358667
1.19E-05,0.689078235,0.017834619,8.22E-10,8794.871746,2.42E-07,5.74E-10,3.99E-18,5.06E-07,28.30674729,3.034898749,0.804043869
6.80E-05,0.806304192,0.048979246,2.06E-09,48286.5753,1.29E-07,2.47E-09,1.87E-18,6.31E-07,53.6645833,20.32603923,0.42882001
9.25E-05,0.791727053,0.048468252,3.84E-09,40071.51659,2.64E-07,2.47E-09,1.85E-18,5.60E-07,59.11443469,23.15647081,0.614050928
9.84E-05,0.628095391,0.055948204,3.74E-09,26988.348,2.23E-07,5.09E-10,2.82E-18,5.50E-07,65.27983767,25.85103383,0.684937719
7.02E-05,0.581555285,0.063261634,3.25E-09,49895.33496,3.86E-07,2.97E-09,2.60E-18,9.52E-07,48.54790408,17.97944551,0.422013349
1.02E-05,0.599486075,0.039737914,3.93E-09,42834.15166,2.46E-07,1.81E-09,2.32E-18,7.98E-07,21.98708829,0.111824031,0.036984118
1.59E-05,0.785528297,0.012206612,1.36E-09,44993.37848,1.64E-07,2.07E-09,3.39E-18,6.82E-07,25.05898248,1.325527541,0.101029137
7.89E-05,0.811179033,0.071018949,1.57E-09,22599.0771,6.07E-08,4.03E-10,3.26E-18,7.60E-07,54.40057601,20.57274286,0.48437907
1.08E-05,0.7605777,0.023870823,1.40E-09,9299.938046,3.44E-08,2.29E-09,2.04E-18,8.39E-07,28.7695801,3.256800477,0.891952116
9.33E-05,0.696467454,0.054439856,2.23E-09,40588.0386,4.85E-08,1.59E-09,1.71E-18,7.37E-07,70.73706435,27.30019819,0.869182261
5.83E-05,0.795093268,0.016096185,8.30E-10,49222.33548,3.91E-07,2.58E-09,3.17E-18,2.93E-07,62.51624939,24.5180081,0.877451689
8.35E-05,0.579285984,0.01133598,3.81E-09,12001.41829,1.70E-07,2.99E-09,3.52E-18,7.80E-07,80.19446903,31.78378526,0.708952861
4.09E-05,0.65898726,0.066835591,4.03E-09,38122.04002,2.84E-07,8.43E-10,2.90E-18,9.05E-07,34.57412851,9.746981419,0.193333916
5.75E-05,0.832316465,0.053568499,8.55E-10,36700.06737,1.26E-07,1.63E-09,2.57E-18,9.16E-07,53.88936616,20.1962363,0.759444603
5.12E-05,0.873061782,0.034689449,8.88E-10,45501.69351,2.57E-07,5.67E-10,1.72E-18,7.57E-07,57.59016016,22.08878943,0.834150084
5.04E-05,0.694201825,0.011637405,3.93E-09,14629.7044,2.57E-08,1.07E-09,3.41E-18,4.97E-07,54.05659063,20.91432295,0.396434164
4.97E-05,0.619842237,0.048359908,2.62E-09,8978.030628,1.93E-07,2.00E-09,2.73E-18,3.76E-07,44.79575605,15.98379115,0.298552455
8.53E-05,0.747585666,0.03941459,4.02E-09,20577.45667,2.07E-07,8.81E-10,2.09E-18,8.81E-07,62.56215273,24.77194388,0.595049746
9.56E-05,0.755586592,0.025856762,1.53E-09,40854.38491,3.17E-07,1.91E-09,3.52E-18,8.11E-07,77.58991311,30.42322651,0.74774441
1.51E-05,0.536472964,0.035306566,8.72E-10,44720.03669,1.22E-07,2.19E-09,2.70E-18,4.77E-07,32.79539687,4.812240704,1.119942665
2.72E-05,0.754305494,0.056182187,1.85E-09,48873.3333,1.37E-07,2.38E-09,1.10E-18,8.32E-07,34.32526409,8.611947312,0.320758381
7.46E-05,0.514211534,0.042229947,3.90E-09,16604.72557,3.34E-07,2.54E-09,1.90E-18,9.17E-07,61.34970889,24.26483868,0.528158719
3.08E-05,0.643596405,0.019674203,2.69E-09,25127.92072,1.07E-07,1.90E-09,1.08E-18,5.11E-07,41.62619328,13.88068892,0.791052482
4.78E-05,0.735728416,0.036943321,1.02E-09,7584.515463,2.76E-07,2.80E-09,3.68E-18,7.36E-07,45.02321203,15.99292171,0.29689056
9.60E-05,0.589990196,0.019473461,2.21E-09,31240.0294,2.20E-07,2.56E-09,3.22E-18,8.03E-07,84.96092315,32.98499931,0.810797499
3.05E-05,0.796536655,0.041126712,2.47E-09,32375.82111,2.05E-07,1.98E-09,1.82E-18,7.62E-07,28.91630557,5.343637873,0.12195259
2.79E-05,0.66779309,0.074299133,2.04E-09,40285.16569,6.39E-08,2.15E-09,3.04E-18,8.06E-07,26.62132428,3.538224141,0.082573887
1.39E-05,0.766993295,0.071360131,3.49E-09,25326.96989,1.19E-07,5.16E-10,2.79E-18,3.55E-07,22.47230051,0.295710432,0.004179816
2.97E-05,0.535207934,0.079863219,1.88E-09,25871.16273,1.15E-08,1.89E-09,3.19E-18,6.69E-07,42.56462059,14.73214142,0.267718085
5.40E-05,0.54999092,0.064529621,7.60E-10,48065.80683,2.93E-07,1.45E-09,2.91E-18,2.75E-07,72.6018528,28.5931221,0.84576322
3.13E-05,0.80961981,0.049104614,1.03E-09,42603.78546,2.11E-07,2.70E-09,3.99E-18,7.70E-07,29.9785845,5.692882343,0.120509334
1.66E-05,0.508202371,0.048053358,4.17E-09,7488.785875,2.29E-07,2.02E-09,3.11E-18,4.05E-07,21.36078014,0.002395502,0.053766023
8.43E-05,0.508948771,0.075406233,2.44E-09,11981.20515,8.68E-08,1.80E-09,1.80E-18,8.12E-07,55.92126788,21.08143053,0.571572977
6.41E-05,0.704574494,0.021593526,2.42E-09,30003.19023,3.20E-07,2.87E-09,1.44E-18,6.58E-07,63.77068364,25.19629764,0.491623108
7.18E-05,0.572289879,0.06987719,1.70E-09,35928.53898,1.85E-07,1.51E-09,1.52E-18,7.10E-07,60.35902269,23.02376068,0.624600339
4.08E-05,0.663597668,0.036138126,4.63E-09,38932.44443,8.95E-08,1.40E-09,1.31E-18,2.59E-07,41.77211896,14.18703038,0.256714079
8.52E-05,0.836761378,0.079346021,4.73E-09,39513.26461,2.01E-07,1.76E-09,3.48E-18,8.28E-07,41.64415037,14.19252897,0.456876119
9.72E-05,0.880973088,0.068743324,2.33E-09,14280.48487,3.91E-07,2.78E-09,3.16E-18,6.81E-07,48.39016088,17.92473276,0.572448602
3.49E-05,0.698483413,0.057599066,4.47E-09,23728.38002,3.64E-07,2.28E-09,1.91E-18,6.43E-07,30.86392548,7.234969858,0.149043441
6.47E-05,0.753708539,0.065020902,1.11E-09,28545.99474,3.48E-07,1.12E-09,3.84E-18,9.20E-07,48.40927793,17.61280116,0.375764919
9.21E-05,0.689885615,0.013807202,6.40E-10,41959.31495,1.94E-07,9.00E-10,3.40E-18,3.63E-07,101.8685849,38.10030922,1.972709953
7.45E-05,0.743603463,0.019120056,6.48E-10,9845.823498,3.15E-07,6.61E-10,1.29E-18,5.73E-07,103.2710941,37.99334393,1.620219545
1.73E-05,0.686368567,0.035242554,1.48E-09,22314.31108,3.41E-07,1.22E-09,3.17E-18,5.79E-07,24.05054399,0.928774611,0.052810635
4.55E-05,0.524615199,0.076029304,2.56E-09,32607.17121,5.59E-09,2.93E-09,2.25E-18,3.85E-07,49.58269997,18.4858962,0.436596849
4.67E-05,0.671498166,0.079292932,1.89E-09,34751.37394,2.10E-07,1.09E-09,2.48E-18,4.54E-07,37.72634213,11.45437319,0.224615976
4.30E-05,0.800418561,0.036441454,8.08E-10,28617.6102,1.53E-08,2.08E-09,2.93E-18,8.93E-07,57.75950552,22.38983775,1.522538071
6.38E-05,0.702649428,0.01349463,1.80E-09,43231.16046,2.16E-07,1.87E-09,1.27E-18,3.13E-07,72.65159938,28.69675626,1.150522923
1.53E-05,0.725971934,0.031346835,1.63E-09,34676.90978,3.52E-07,5.71E-10,1.71E-18,2.60E-07,27.8334757,3.417334584,0.256767312
5.58E-05,0.866255095,0.045848657,2.79E-09,13278.31402,3.37E-07,2.61E-09,2.86E-18,6.24E-07,42.02263501,14.40202428,0.311165615
2.62E-05,0.638061058,0.061333134,4.47E-09,12624.39287,3.11E-07,2.69E-09,2.51E-18,3.69E-07,25.55513895,3.337367685,0.085012727
3.66E-05,0.750533008,0.056221737,1.86E-09,32526.1418,1.38E-07,1.28E-09,3.06E-18,6.55E-07,32.47526281,8.092493715,0.161704498
3.65E-05,0.865498658,0.017546178,1.62E-09,28118.73361,3.39E-07,1.48E-09,3.59E-18,6.38E-07,34.04860722,9.305740202,0.215536484
6.39E-05,0.753114981,0.061779214,3.55E-09,11003.50325,1.54E-07,2.32E-09,3.84E-18,8.94E-07,42.88521012,14.9271825,0.353639294
5.87E-05,0.626048883,0.067076924,2.67E-09,45374.65506,1.31E-07,2.06E-09,1.25E-18,9.54E-07,50.11725743,18.35694262,0.406288526
8.85E-05,0.519387715,0.033756385,2.24E-09,29567.51345,1.45E-07,1.10E-09,2.74E-18,3.45E-07,77.56592427,30.20377447,0.872130377
2.49E-05,0.831638205,0.024521402,2.65E-09,13215.81439,1.09E-08,2.67E-09,3.33E-18,8.68E-07,23.92883821,1.94311894,0.095811371
1.32E-05,0.669101942,0.073316092,3.89E-09,29943.05256,8.13E-08,1.67E-09,2.57E-18,8.43E-07,21.81973525,0.099714637,0.004181959
7.83E-05,0.834789594,0.072852316,1.64E-09,22508.38395,4.68E-08,1.66E-09,2.74E-18,9.24E-07,49.58838506,18.10995715,0.454777708
7.14E-05,0.725851366,0.050709316,7.57E-10,10034.14383,2.85E-07,1.49E-09,3.23E-18,8.55E-07,61.44175064,23.80160369,0.767988186
2.39E-05,0.554557262,0.04367992,4.95E-09,43272.63953,2.07E-07,2.64E-09,1.37E-18,4.11E-07,28.16860334,5.271103188,0.115951889
8.68E-05,0.826446005,0.053410329,2.10E-09,32116.42051,2.46E-07,5.56E-10,3.01E-18,6.48E-07,58.76467746,22.91102262,0.569177994
5.73E-05,0.714693232,0.058038038,3.42E-09,12711.6869,3.75E-07,1.59E-09,2.46E-18,4.36E-07,43.11475989,15.03050051,0.320236677
3.38E-05,0.577839166,0.018670156,7.99E-10,19835.37633,1.96E-07,2.07E-09,3.46E-18,5.57E-07,58.53492333,22.93035959,1.337202099
7.33E-05,0.584679765,0.079922582,1.94E-09,29027.75231,1.28E-07,7.58E-10,1.96E-18,5.10E-07,55.8474633,21.02896529,0.499952463
9.20E-05,0.527622385,0.046230209,4.82E-09,35893.83616,1.04E-07,2.02E-09,2.68E-18,5.00E-07,65.46227205,26.00500504,0.658809972
7.07E-05,0.568637779,0.018520272,6.09E-10,26920.22675,2.79E-07,2.08E-09,2.74E-18,6.16E-07,98.90051864,37.02934732,1.822167813
7.96E-05,0.855313296,0.021062013,2.23E-09,20201.71799,1.66E-07,1.70E-09,1.92E-18,3.30E-07,67.17820445,26.67390742,0.594602913
1.99E-05,0.80764639,0.053767989,3.53E-09,38006.62851,8.04E-08,3.77E-10,3.32E-18,3.74E-07,22.5672408,0.357987702,0.015609221
8.26E-05,0.901151117,0.032667862,1.23E-09,42200.81514,1.18E-07,1.94E-09,2.88E-18,4.17E-07,66.52486872,26.14793235,0.614899971
3.61E-05,0.769801297,0.016358952,3.19E-09,45638.63827,7.11E-08,2.41E-09,2.22E-18,6.67E-07,37.74468215,11.75035927,0.244182227
4.32E-05,0.783021725,0.018630184,3.81E-09,28736.41539,2.48E-07,4.91E-10,1.14E-18,6.17E-07,43.3168452,14.99225755,0.299123597
4.27E-05,0.629696007,0.048071188,2.47E-09,16634.52526,9.92E-08,2.03E-09,1.66E-18,9.34E-07,42.97366348,14.72406327,0.307581821
2.89E-05,0.583692065,0.060961742,1.95E-09,41690.38557,2.47E-07,3.34E-10,1.01E-18,7.47E-07,48.92314895,17.9763139,0.472514322
9.79E-05,0.509802157,0.059853045,3.88E-09,25025.34744,3.13E-07,1.56E-09,1.50E-18,2.84E-07,63.67521365,24.91370213,0.669020412
1.44E-05,0.525980704,0.06046724,7.77E-10,17352.53362,3.31E-07,2.24E-09,1.74E-18,5.62E-07,30.72542975,4.376949091,0.577269297
3.85E-05,0.70078804,0.062217067,3.10E-09,7656.929963,3.33E-08,7.42E-10,3.06E-18,5.44E-07,32.85420066,8.576105257,0.175374959
8.70E-05,0.614984565,0.024015294,2.29E-09,37070.97648,5.78E-08,7.89E-10,2.81E-18,5.27E-07,80.02174,31.25709284,0.929057903
9.53E-05,0.60628084,0.076501423,2.37E-09,47351.28713,3.50E-08,9.29E-10,2.15E-18,9.00E-07,64.98636423,24.80868764,0.707318332
1.38E-05,0.894218794,0.075920215,1.34E-09,20271.54426,3.13E-07,2.81E-09,3.63E-18,5.84E-07,23.02555586,0.458426098,0.002225043
7.47E-05,0.616888262,0.048569324,4.61E-09,33010.13219,2.89E-07,1.79E-09,3.50E-18,6.98E-07,55.34021213,21.53953919,0.491297365
8.46E-05,0.792531549,0.025610399,3.78E-09,46946.19423,2.92E-07,2.59E-09,3.05E-18,7.68E-07,66.23114347,26.45628873,0.624719519
7.03E-05,0.721772212,0.070416447,1.73E-09,12425.99776,3.51E-07,1.82E-09,2.12E-18,9.69E-07,47.21397727,17.0263911,0.403417637
4.41E-05,0.560336591,0.052019083,3.35E-09,10469.27619,3.88E-07,1.32E-09,3.45E-18,9.99E-07,42.05063554,14.4280933,0.254982821
1.12E-05,0.586453788,0.032275415,2.91E-09,43687.13709,3.33E-07,1.78E-09,2.60E-18,5.19E-07,22.37640324,0.234570717,0.055268062
8.72E-05,0.863251329,0.070854711,3.94E-09,48683.60993,2.52E-07,6.02E-10,1.58E-18,4.62E-07,50.82965852,19.03976529,0.522604665
6.20E-05,0.710396584,0.011137492,4.45E-09,45282.76859,3.44E-07,1.42E-09,3.10E-18,8.93E-07,62.86664357,25.02137972,0.493933194
6.98E-05,0.720222433,0.057221635,2.78E-09,15424.37873,1.12E-07,3.32E-10,2.51E-18,9.95E-07,53.70550255,20.58353819,0.441965722
7.05E-05,0.809007978,0.021278735,1.49E-09,12484.4434,2.04E-07,3.03E-10,1.89E-18,9.67E-07,68.62943929,27.09996881,0.824909255
9.08E-05,0.650921034,0.013179117,4.65E-09,15085.75296,1.11E-07,2.33E-09,2.54E-18,6.05E-07,81.3003833,32.06638919,0.750265153
1.30E-05,0.501044909,0.043965982,4.19E-09,43732.31868,1.93E-07,4.77E-10,1.07E-18,5.55E-07,25.60245601,1.708457115,0.251156468
3.27E-05,0.61617708,0.054056101,4.78E-09,37903.61868,3.70E-07,2.48E-09,3.57E-18,5.95E-07,31.91189596,7.966379659,0.15049238
5.07E-05,0.763630795,0.028723881,4.09E-09,15839.88231,2.37E-07,2.20E-09,3.08E-18,7.27E-07,46.69384619,17.08393977,0.322912935
9.70E-05,0.825171524,0.045985129,3.14E-09,36745.01583,1.56E-09,1.06E-09,3.73E-18,4.16E-07,66.17359902,26.15443714,0.679664748
5.03E-05,0.584397449,0.030124942,4.37E-09,35305.44441,1.70E-07,2.59E-09,3.08E-18,6.02E-07,52.09499888,19.91908727,0.360693534
8.83E-05,0.666858851,0.04139849,4.80E-09,15864.44486,2.78E-07,2.25E-09,1.42E-18,4.41E-07,62.8377909,24.89358061,0.614974089
6.93E-05,0.715662809,0.041978191,2.39E-09,21033.07367,2.60E-07,1.43E-09,1.98E-18,4.93E-07,57.06107224,22.16885531,0.465516053
3.37E-05,0.78283837,0.052273857,6.91E-10,25590.07224,1.68E-07,1.73E-09,2.08E-18,5.20E-07,47.19489268,16.67973496,0.809222197
2.81E-05,0.854046693,0.048916708,4.79E-09,8548.950805,1.46E-07,2.74E-09,1.27E-18,4.82E-07,24.00946502,2.123695564,0.075314155
8.60E-05,0.875763229,0.033413617,2.61E-09,30377.90232,4.80E-08,1.89E-09,1.91E-18,8.17E-07,65.14467045,25.69698199,0.610810848
3.49E-05,0.804552194,0.07685255,2.13E-09,43536.01697,3.50E-07,1.80E-09,3.09E-18,9.01E-07,26.69198466,4.037158471,0.107803111
2.29E-05,0.906066128,0.054944676,3.51E-09,14653.61156,1.79E-07,2.45E-09,3.60E-18,9.12E-07,21.38461971,0.015115629,0.020983684
4.89E-05,0.696172354,0.069409429,1.75E-09,41750.39892,7.81E-08,2.39E-09,2.99E-18,7.71E-07,39.77640238,12.73249561,0.251852029
4.77E-05,0.644526179,0.049176112,6.58E-10,24081.91719,3.34E-07,1.08E-09,2.95E-18,6.92E-07,65.76743399,25.80925827,0.963610638
5.65E-05,0.682380893,0.041798537,4.74E-09,44152.59202,1.72E-08,1.58E-09,1.52E-18,3.09E-07,51.36473834,19.3811417,0.374350022
6.69E-05,0.719727013,0.052099113,3.76E-09,34128.65364,1.42E-07,1.00E-09,2.82E-18,4.29E-07,50.30201995,18.94183399,0.414250672
7.59E-05,0.806160394,0.073661411,2.19E-09,34499.78482,2.92E-07,2.22E-09,1.35E-18,5.97E-07,48.75647199,17.64508532,0.432590879
5.32E-05,0.645079154,0.017356196,6.35E-10,49126.35659,2.00E-07,2.37E-09,3.46E-18,9.39E-07,75.03009087,29.63161567,1.604038211
6.58E-05,0.75728641,0.065521974,3.12E-09,33282.78496,3.09E-07,2.77E-09,2.66E-18,4.07E-07,42.78454469,14.80232678,0.36169964
8.39E-05,0.597597572,0.068038654,1.90E-09,49263.86144,2.48E-08,2.31E-09,3.49E-18,8.76E-07,57.98912578,22.12341039,0.616901537
1.56E-05,0.857837067,0.071972953,2.76E-09,28251.0412,9.43E-08,4.66E-10,1.89E-18,9.90E-07,25.0516046,1.447700714,0.004061415
2.26E-05,0.529958416,0.072107121,2.29E-09,28493.95445,9.52E-08,1.94E-09,1.45E-18,6.89E-07,35.62255959,9.816662055,0.236253598
7.71E-05,0.776401303,0.046473089,4.14E-09,6612.172791,1.62E-08,6.90E-10,2.63E-18,5.24E-07,55.60026003,21.61479332,0.503519994
3.96E-05,0.647949022,0.026719666,1.92E-09,8644.910342,1.84E-07,1.75E-09,3.32E-18,2.87E-07,42.64599241,14.76566203,0.267946198
8.89E-05,0.555664484,0.041440617,3.65E-09,18205.69697,3.62E-07,1.97E-09,2.46E-18,5.89E-07,65.58558448,26.06806597,0.641047747
4.94E-05,0.688155404,0.037374934,1.28E-09,49540.73705,2.59E-08,1.85E-09,2.45E-18,8.04E-07,60.26266326,23.54612085,1.326379955
5.90E-05,0.630254118,0.010342892,1.30E-09,16479.87563,3.58E-07,9.17E-10,2.69E-18,6.54E-07,69.50331979,27.57722363,1.012941315
6.96E-05,0.732781486,0.058415167,2.61E-09,44591.79803,2.37E-07,5.14E-10,3.85E-18,3.94E-07,50.92021087,19.23286155,0.427955756
7.55E-05,0.614241526,0.011476916,9.21E-10,45152.93959,1.86E-07,1.71E-09,2.17E-18,3.79E-07,94.74106733,36.13722911,1.839449898
2.70E-05,0.747093327,0.018753649,3.50E-09,13956.98045,5.15E-08,1.85E-09,2.60E-18,6.47E-07,27.82272534,5.017665569,0.146199675
9.63E-05,0.831070409,0.052797336,3.14E-09,39601.18146,3.31E-07,9.66E-10,3.03E-18,5.74E-07,59.38829003,23.32495839,0.638432668
7.99E-05,0.813129661,0.049808662,3.60E-09,40240.0576,1.71E-07,2.51E-09,3.55E-18,3.50E-07,52.0045984,19.86431575,0.500523091
1.44E-05,0.811516977,0.018158208,9.58E-10,26007.03792,3.36E-07,2.31E-09,1.06E-18,5.33E-07,31.16556458,5.823099301,0.749073299
9.21E-05,0.651112853,0.021813008,1.98E-09,34050.30215,3.74E-07,6.36E-10,2.75E-18,7.42E-07,82.06175906,32.0251188,0.767151104
3.69E-05,0.731695432,0.010053968,1.69E-09,16789.89414,3.60E-07,1.44E-09,3.48E-18,7.05E-07,40.256287,13.33514543,0.267620227
1.24E-05,0.504632802,0.034020254,2.21E-09,36811.23499,3.19E-07,1.69E-09,1.57E-18,3.98E-07,26.10557553,1.813143644,0.498172617
4.06E-05,0.834222754,0.076391295,3.56E-09,19534.10056,1.13E-07,2.64E-09,3.05E-18,4.62E-07,28.14698316,5.270042053,0.145682328
4.39E-05,0.859792644,0.061927115,4.86E-09,14995.89969,3.05E-07,2.47E-09,1.69E-18,3.24E-07,31.83113259,7.901886141,0.189539125
2.34E-05,0.553054022,0.047962014,4.49E-09,17480.70218,8.43E-08,1.64E-09,2.83E-18,7.91E-07,26.49290791,4.052498693,0.102022622
3.42E-05,0.679453911,0.061466075,8.65E-10,35080.65838,2.31E-07,5.22E-10,1.75E-18,8.47E-07,53.97953827,20.45622654,0.715099558
8.42E-05,0.603204639,0.077993612,4.44E-09,36949.4986,3.95E-07,1.58E-09,3.41E-18,2.51E-07,45.37733837,16.33645352,0.479222184
1.76E-05,0.905967198,0.018316041,8.77E-10,20136.3657,1.76E-07,2.99E-09,2.54E-18,9.12E-07,28.49902103,3.602089029,0.526054814
5.33E-05,0.892782088,0.043300084,2.62E-09,13624.34358,1.91E-07,2.35E-09,2.21E-18,7.38E-07,41.13172072,13.83779573,0.29472068
9.32E-05,0.738733221,0.071425726,2.43E-09,27204.24357,4.00E-07,2.43E-09,2.89E-18,5.95E-07,49.29135458,18.30848612,0.553804437
1.28E-05,0.891061378,0.07682234,1.41E-09,45983.62305,3.71E-07,7.89E-10,3.25E-18,7.24E-07,25.2050137,1.586001672,0.002665174
4.92E-05,0.515955462,0.063956235,3.03E-09,41501.94847,3.54E-08,9.33E-10,3.51E-18,8.91E-07,45.00572838,15.98249466,0.291038361
9.97E-05,0.884463855,0.044180687,4.85E-09,6217.969221,2.28E-07,1.25E-09,1.93E-18,4.35E-07,62.28141208,24.7010253,0.679384191
6.75E-05,0.505215499,0.054203215,1.61E-09,25298.42789,2.61E-07,1.99E-09,3.78E-18,3.32E-07,56.61356655,21.80391235,0.470052885
3.91E-05,0.886817314,0.015194094,4.85E-09,13701.882,1.58E-07,6.83E-10,1.68E-18,7.44E-07,34.80948694,9.906996853,0.238220973
5.00E-05,0.872070134,0.030919286,2.82E-09,10880.9801,4.03E-08,1.99E-09,2.45E-18,3.16E-07,42.59498375,14.70795782,0.298151646
7.58E-05,0.609692009,0.06791489,3.41E-09,13376.18053,3.83E-07,1.56E-09,1.58E-18,3.76E-07,49.54331509,18.44671182,0.455909774
9.02E-05,0.746201371,0.073434898,4.67E-09,15584.50491,1.57E-07,2.17E-09,3.82E-18,3.91E-07,45.56811912,16.46453705,0.513912924
4.02E-05,0.556333364,0.073869681,2.40E-09,42491.58154,1.47E-07,5.04E-10,2.01E-18,3.03E-07,40.69574966,13.20450415,0.249639026
6.88E-05,0.901735,0.014834293,1.18E-09,26268.67485,2.03E-07,2.04E-09,3.00E-18,6.02E-07,63.13250628,24.91405205,0.521673527
3.56E-05,0.621418426,0.06857341,1.41E-09,32964.14737,3.96E-07,2.90E-09,2.49E-18,4.72E-07,34.45425577,9.33819082,0.176095516
4.86E-05,0.844339621,0.057280171,3.47E-09,30087.49861,3.01E-07,1.92E-09,2.18E-18,9.33E-07,36.0537927,10.69604553,0.237759512
9.28E-05,0.893317903,0.037291551,1.70E-09,44465.0338,8.52E-08,1.58E-09,2.29E-18,2.57E-07,69.7690263,27.32532201,0.67014939
6.87E-05,0.714419103,0.077001088,3.04E-09,31512.63044,4.34E-08,2.23E-09,2.02E-18,7.32E-07,43.76283475,15.13900417,0.375349565
9.13E-05,0.569806391,0.071598602,4.93E-09,43962.50977,9.03E-08,1.46E-09,3.95E-18,8.99E-07,50.8322678,19.24776483,0.557109943
7.36E-05,0.69717976,0.066433078,4.92E-09,16125.62098,3.78E-07,2.52E-09,3.32E-18,3.17E-07,44.90667076,16.09333355,0.41752662
3.22E-05,0.629972912,0.044758115,1.62E-09,49988.8809,5.54E-08,3.58E-10,2.23E-18,8.37E-07,50.20274949,18.54118655,0.938821523
2.56E-05,0.771920176,0.05872512,4.97E-09,46285.15363,3.37E-07,1.31E-09,2.06E-18,9.43E-07,23.03941193,1.216679541,0.05374649
4.76E-05,0.542308928,0.040861592,3.80E-09,48349.78482,2.49E-07,2.82E-09,1.07E-18,5.41E-07,51.0989202,19.18786596,0.349634857
2.42E-05,0.53939088,0.046514953,2.18E-09,21874.87902,3.90E-07,1.71E-09,2.27E-18,8.87E-07,29.07855105,5.758363097,0.120209376
1.82E-05,0.615989772,0.043901684,4.77E-09,33092.98429,7.03E-08,1.24E-09,3.62E-18,8.51E-07,21.43542126,0.037843942,0.049771917
5.61E-05,0.844948361,0.064238821,2.30E-09,36623.35415,1.67E-07,2.21E-09,1.21E-18,7.20E-07,43.32917548,14.70470808,0.295377939
4.50E-05,0.66834433,0.053608581,8.94E-10,12250.55739,3.27E-07,1.77E-09,3.62E-18,9.23E-07,43.57147387,14.96679259,0.391666944
1.48E-05,0.577702084,0.078366648,1.21E-09,19010.99725,3.66E-07,7.02E-10,3.28E-18,8.60E-07,25.88187426,1.925593388,0.038955285
7.00E-05,0.871844161,0.031768283,3.40E-09,40911.67946,1.57E-07,2.69E-09,1.87E-18,2.84E-07,55.35126372,21.45319887,0.470001987
6.61E-05,0.877085202,0.059197758,3.66E-09,28393.90519,6.67E-08,2.96E-09,1.82E-18,6.36E-07,43.40508646,15.10520259,0.367018804
7.02E-05,0.852265108,0.047339333,1.33E-09,12170.84221,5.17E-08,7.39E-10,2.88E-18,6.18E-07,56.87928421,21.83462076,0.612626762
4.46E-05,0.666234525,0.042934398,7.29E-10,44089.7262,5.77E-08,2.64E-09,3.04E-18,5.87E-07,65.7937683,25.99631997,1.359624601
7.83E-05,0.68304425,0.072803398,1.05E-09,11572.67574,3.43E-07,2.95E-09,2.62E-18,3.38E-07,52.68717378,19.55184061,0.496349085
7.21E-05,0.766505081,0.03742105,4.30E-09,23425.87915,1.16E-07,2.56E-09,2.37E-18,8.20E-07,55.68354337,21.68017761,0.479319798
5.37E-05,0.585786455,0.071883635,2.66E-09,26610.96049,3.59E-07,5.37E-10,1.22E-18,2.56E-07,48.38620639,17.55035638,0.329079286
1.95E-05,0.695119689,0.049634186,4.61E-09,19700.99418,1.11E-07,1.09E-09,1.70E-18,4.56E-07,22.2336909,0.165169888,0.031934846
7.87E-05,0.801657093,0.024307236,3.32E-09,47987.65113,3.12E-07,3.81E-10,3.75E-18,9.50E-07,65.65895351,26.18782091,0.598100707
3.84E-05,0.760409726,0.043023115,3.22E-09,8148.414337,6.64E-08,9.40E-10,1.10E-18,8.64E-07,36.36717604,10.58299152,0.204001571
8.21E-05,0.792124543,0.075624312,3.92E-09,17398.967,1.85E-07,2.08E-09,3.63E-18,8.62E-07,42.5824668,14.74473373,0.447631734
1.31E-05,0.878393338,0.027411733,4.62E-09,40514.19778,3.76E-09,1.34E-09,1.68E-18,3.82E-07,24.00679088,0.973372702,0.05478953
4.53E-05,0.876045502,0.038426954,3.86E-09,8517.467585,2.30E-07,1.05E-09,1.79E-18,7.32E-07,36.89604859,11.25782958,0.237954839
3.16E-05,0.821714997,0.058622201,1.33E-09,19400.75135,2.01E-07,2.39E-09,2.97E-18,3.38E-07,27.99346825,4.464394012,0.101096621
8.34E-05,0.762185296,0.022476996,4.34E-09,21956.94549,2.41E-07,2.33E-09,1.38E-18,9.88E-07,68.97121851,27.48847037,0.627574381
6.01E-05,0.608919529,0.025764628,3.28E-09,47829.29815,4.10E-08,1.54E-09,3.35E-18,3.93E-07,60.47579749,23.8652019,0.475386076
6.63E-05,0.733311085,0.023480161,1.72E-09,41168.24273,5.62E-08,2.16E-09,1.94E-18,3.25E-07,69.5966063,27.42882254,1.204944526
6.93E-05,0.788770051,0.014368903,1.64E-09,27787.55774,1.30E-07,2.09E-09,1.49E-18,5.75E-07,72.46000128,28.61610982,1.117515943
6.90E-05,0.723955894,0.020973734,2.55E-09,8430.727609,3.82E-07,1.52E-09,2.34E-18,5.12E-07,63.21249628,25.11893377,0.510873979
2.65E-05,0.660863705,0.068272095,1.10E-09,7893.65422,1.40E-07,2.76E-09,1.97E-18,5.56E-07,35.55796669,9.670752459,0.303163288
5.24E-05,0.546030355,0.036956488,1.59E-09,46212.82607,3.18E-07,2.33E-09,2.93E-18,6.70E-07,56.61513112,21.86991294,0.580193024
6.53E-05,0.596755706,0.027810921,4.53E-09,44534.52488,1.43E-08,1.04E-09,2.14E-18,7.41E-07,64.7387624,25.66443791,0.524585779
7.85E-05,0.593905585,0.068355099,3.30E-09,30351.69077,3.76E-07,2.02E-09,1.31E-18,4.81E-07,52.31600809,19.65927405,0.480969186
7.91E-05,0.56714177,0.063681452,4.01E-09,40672.16344,6.56E-09,1.62E-09,2.96E-18,8.20E-07,53.81583176,20.51363992,0.503499673
7.81E-05,0.78643468,0.012024234,3.22E-09,10542.53587,3.57E-07,4.15E-10,1.13E-18,6.39E-07,73.25478636,29.12051238,0.630679186
7.06E-05,0.847773848,0.051522885,2.87E-09,16959.59098,7.97E-08,2.80E-09,3.57E-18,7.89E-07,47.36913947,17.41200806,0.418825396
6.11E-05,0.872495789,0.024550548,7.16E-10,41601.76725,2.12E-07,2.15E-09,1.40E-18,6.32E-07,72.82930038,28.46729663,1.269736613
4.42E-05,0.805684879,0.044038547,4.71E-09,48528.5971,1.76E-07,1.30E-09,2.23E-18,7.58E-07,37.15467756,11.41625783,0.233083666
3.25E-05,0.836256099,0.013370825,4.23E-09,15653.28751,2.44E-07,2.79E-09,3.63E-18,7.14E-07,32.01406797,8.043209474,0.189495276
5.35E-05,0.5270617,0.030854572,4.90E-09,10300.96406,6.26E-08,6.42E-10,1.64E-18,9.96E-07,57.76440051,22.6360713,0.409608807
4.34E-05,0.552761017,0.038326339,1.80E-09,44617.26609,1.97E-08,1.20E-09,1.77E-18,8.54E-07,72.94642302,28.9286009,1.444836091
5.88E-05,0.562437847,0.05801168,2.73E-09,40143.53543,2.82E-07,2.52E-09,3.15E-18,5.71E-07,47.46686717,17.40629184,0.355045072
9.86E-05,0.564435147,0.035101585,3.12E-09,12375.81071,3.06E-07,2.85E-09,1.79E-18,5.43E-07,75.73792324,29.85562197,0.755559979
9.88E-05,0.599136484,0.036515589,4.68E-09,41890.64986,1.62E-07,1.74E-09,2.31E-18,4.45E-07,74.00409411,29.3236347,0.752686128
7.67E-05,0.686057017,0.053387293,4.00E-09,37434.11787,3.78E-07,2.88E-09,1.33E-18,9.68E-07,53.85659246,20.63857053,0.487553102
1.91E-05,0.551695638,0.041602369,4.52E-09,49620.22526,9.83E-08,2.06E-09,3.66E-18,4.94E-07,22.8913452,1.23929421,0.082331497
5.07E-05,0.657464315,0.035389247,1.23E-09,34337.08176,2.40E-07,7.46E-10,3.81E-18,5.64E-07,52.91802855,20.03629945,0.535964069
2.19E-05,0.83428843,0.040314989,4.86E-09,33960.36906,1.98E-07,2.14E-09,1.55E-18,3.00E-07,22.08064293,0.192542287,0.038598357
6.50E-05,0.676629282,0.078891806,2.56E-09,41718.62729,2.81E-08,1.01E-09,3.43E-18,7.97E-07,44.02485496,15.34483397,0.357477242
3.96E-05,0.638915971,0.06765476,4.77E-09,10125.29101,3.09E-07,1.98E-09,1.03E-18,4.91E-07,33.72620533,9.166246945,0.182398212
4.50E-05,0.676499688,0.075275466,2.37E-09,30608.28024,7.77E-09,2.29E-09,1.24E-18,3.68E-07,52.34478173,19.75289574,0.672650961
1.23E-05,0.82215958,0.030509927,2.97E-09,49453.64686,3.69E-07,1.13E-09,1.49E-18,9.89E-07,24.11947936,1.086239818,0.041409785
9.01E-05,0.507676836,0.043764586,3.20E-09,27872.63924,1.37E-07,2.66E-09,2.06E-18,8.83E-07,68.55695939,26.93598025,0.665030276
7.90E-05,0.783541712,0.07527305,3.43E-09,48499.31919,1.73E-07,1.09E-09,2.16E-18,2.95E-07,46.20576091,16.62803485,0.448925486
3.99E-05,0.750921976,0.057101912,8.10E-10,11620.40071,2.44E-08,2.92E-09,2.78E-18,3.44E-07,50.03538579,18.48802037,0.987085324
4.19E-05,0.864574062,0.03114337,2.36E-09,15728.54356,3.11E-07,1.21E-09,1.54E-18,9.82E-07,37.42563363,11.40546054,0.227621203
8.27E-05,0.530613479,0.050566903,1.51E-09,43829.64211,3.57E-09,2.57E-09,3.70E-18,9.66E-07,75.67678554,29.41140899,1.440785534
4.35E-05,0.751662614,0.069125695,4.64E-09,22929.89313,4.29E-08,3.69E-10,2.05E-18,7.59E-07,34.69647158,9.753442096,0.200955172
2.66E-05,0.722778243,0.070620974,4.89E-09,19226.49276,2.77E-07,1.12E-09,1.38E-18,4.00E-07,23.78470144,1.731359211,0.05919025
6.27E-05,0.833598848,0.047193473,1.32E-09,17545.35315,1.38E-07,4.37E-10,2.47E-18,6.46E-07,54.64179508,20.70452122,0.530562888
8.81E-05,0.540020175,0.049969122,4.58E-09,25460.03463,1.50E-07,4.23E-10,2.11E-18,7.08E-07,66.07358137,26.17570306,0.629144238
7.44E-05,0.526634496,0.039193503,4.73E-09,30514.01229,9.70E-08,9.18E-10,3.58E-18,7.73E-07,63.68347016,25.3372785,0.549147116
6.59E-05,0.823092705,0.072159947,3.27E-09,34594.33459,2.68E-07,2.84E-09,2.38E-18,6.99E-07,39.60119426,12.895826,0.341272316
5.39E-05,0.802770695,0.010808355,2.53E-09,46674.17677,2.53E-07,8.72E-10,2.19E-18,4.04E-07,54.12413946,20.85896736,0.416826429
2.75E-05,0.642595729,0.042696184,2.67E-09,10392.78443,1.21E-07,1.46E-09,2.42E-18,5.08E-07,28.74787945,5.672609022,0.128253254
3.57E-05,0.780224499,0.048803799,3.63E-09,38333.75299,3.23E-07,3.93E-10,3.77E-18,8.41E-07,30.52707345,6.988137525,0.156260148
7.53E-05,0.736485548,0.057732257,1.85E-09,14696.56021,1.02E-07,2.22E-09,3.12E-18,9.35E-07,51.31400589,19.31304379,0.464151577
2.72E-05,0.743933917,0.013672836,1.52E-09,38228.02021,3.85E-07,2.25E-09,3.81E-18,6.66E-07,29.55382586,6.065254173,0.172452067
1.28E-05,0.849441481,0.066051432,2.74E-09,20770.94078,1.86E-07,6.78E-10,1.27E-18,5.69E-07,25.50434247,1.91569356,0.005834067
1.48E-05,0.653676988,0.028482721,7.09E-10,15162.06274,3.12E-07,2.10E-09,1.15E-18,4.96E-07,32.64456718,6.045761801,0.991884522
3.28E-05,0.776246609,0.034253494,3.02E-09,20371.81049,3.64E-07,7.10E-10,3.00E-18,5.85E-07,30.06264389,6.652379629,0.156007057
2.68E-05,0.6187303,0.040383945,4.64E-09,37295.81547,5.33E-08,1.63E-09,3.79E-18,2.64E-07,28.96237311,5.874665296,0.132140356
6.29E-05,0.903386255,0.06380824,2.20E-09,16898.89627,2.49E-07,6.45E-10,2.98E-18,9.06E-07,42.02914604,14.32306789,0.338738542
8.16E-05,0.756338393,0.023237407,3.47E-09,35499.06351,3.21E-07,3.40E-10,2.00E-18,6.10E-07,70.92789659,28.25650247,0.639504343
4.20E-05,0.605421253,0.031658192,3.08E-09,46397.03375,3.22E-07,1.50E-09,3.21E-18,5.31E-07,45.00039673,16.1131395,0.288214161
5.72E-05,0.606394892,0.016522138,1.47E-09,39629.70726,3.83E-07,1.11E-09,2.85E-18,4.57E-07,66.08202775,26.15415454,0.783096468
5.05E-05,0.726438955,0.044462597,4.12E-09,36280.07522,1.66E-08,1.34E-09,2.35E-18,4.42E-07,44.35384829,15.68458819,0.304371873
5.10E-05,0.672930866,0.021460232,1.09E-09,31164.65318,2.74E-08,1.75E-09,2.65E-18,8.79E-07,70.58659439,28.11601471,1.691689479
9.06E-05,0.884776018,0.079117594,4.66E-09,43599.95856,3.98E-07,1.99E-09,3.30E-18,5.28E-07,41.85400656,14.31766307,0.487777654
3.08E-05,0.824294786,0.064428128,3.91E-09,37006.39517,2.79E-07,2.74E-09,3.10E-18,7.03E-07,24.7501087,2.712730356,0.086237427
5.94E-05,0.899112179,0.060763827,3.69E-09,18726.18963,2.62E-07,2.37E-09,3.94E-18,4.25E-07,38.47424504,12.2784781,0.304692922
3.79E-05,0.610673557,0.065926554,4.15E-09,7355.977693,2.65E-07,1.38E-09,3.43E-18,6.42E-07,33.38377231,8.974130733,0.173880172
8.90E-05,0.567974482,0.026942722,1.11E-09,8925.985521,2.02E-07,2.19E-09,1.70E-18,4.31E-07,90.57871024,34.44442732,1.623280421
2.85E-05,0.815973607,0.026516093,1.09E-09,16011.18548,3.47E-07,2.41E-09,2.78E-18,3.70E-07,29.68869303,5.485062414,0.141849512
1.88E-05,0.795861512,0.025407577,3.77E-09,23193.03748,3.70E-07,2.16E-09,3.72E-18,4.77E-07,21.38272022,0.01692346,0.050226745
2.69E-05,0.821141628,0.053126808,2.40E-09,41840.22026,5.44E-08,1.27E-09,3.92E-18,7.09E-07,23.98107496,1.685697307,0.061002924
7.73E-05,0.69953981,0.055204934,3.40E-09,23638.92774,2.28E-08,1.19E-09,3.73E-18,8.09E-07,53.2804414,20.43405852,0.491298436
3.58E-05,0.890047466,0.029137262,1.77E-09,47418.77889,2.90E-07,1.53E-09,3.27E-18,9.13E-07,31.59443586,7.485963166,0.178347563
9.27E-05,0.596083789,0.017726199,2.63E-09,13437.22594,6.29E-08,2.48E-09,2.80E-18,3.84E-07,83.40294724,32.54384755,0.785788502
1.72E-05,0.59356873,0.077899775,3.28E-09,47950.3093,2.34E-07,9.36E-10,2.14E-18,3.87E-07,23.02631007,0.526872521,0.012777355
9.59E-05,0.772947857,0.023150171,4.31E-09,25173.22059,1.07E-07,2.91E-09,1.72E-18,8.83E-07,75.57693138,29.88816288,0.738500816
3.46E-05,0.713342703,0.013913322,2.31E-09,35737.75552,3.00E-07,3.14E-10,3.61E-18,2.91E-07,36.74172685,11.09076912,0.261179622
8.33E-05,0.639560049,0.055329986,2.48E-09,15390.24903,1.53E-07,7.31E-10,1.67E-18,6.36E-07,63.43983345,24.71720601,0.589401903
4.40E-05,0.680030344,0.048231667,3.70E-09,22454.01963,2.34E-07,2.37E-09,3.74E-18,2.66E-07,39.23019745,12.73014556,0.238328675
2.00E-05,0.851480076,0.050390907,4.17E-09,37235.75634,2.77E-07,1.16E-09,2.61E-18,4.27E-07,21.82946426,0.084085291,0.016004885
6.72E-05,0.837738849,0.026570243,3.21E-09,9616.616715,1.42E-07,2.92E-09,1.13E-18,3.21E-07,57.47309372,22.43569632,0.461670057
9.96E-05,0.544847958,0.0473815,3.08E-09,26079.49513,1.75E-07,9.76E-10,2.25E-18,7.44E-07,73.31868072,28.76138018,0.738030927
1.69E-05,0.628901997,0.014554186,3.00E-09,38864.7427,2.70E-07,2.61E-09,2.77E-18,8.86E-07,21.94224504,0.10412538,0.110220506
7.64E-05,0.549827196,0.041057297,2.46E-09,22723.37615,2.54E-07,1.93E-09,2.94E-18,3.34E-07,63.0354366,24.93128609,0.550201129
7.60E-05,0.826937221,0.029952607,1.57E-09,45702.7221,6.55E-08,2.79E-09,1.66E-18,5.60E-07,71.20826872,27.94791759,1.127159527
8.29E-05,0.897631774,0.014205568,3.07E-09,36169.04681,3.61E-07,3.83E-10,1.43E-18,7.54E-07,71.28735289,28.35021153,0.655242814
1.11E-05,0.503798738,0.015378111,3.10E-09,15306.88796,2.51E-07,6.74E-10,2.85E-18,8.61E-07,22.07787342,0.139937823,0.113655888
4.29E-05,0.727064572,0.071197273,3.05E-09,25060.12952,1.39E-07,1.60E-09,2.42E-18,8.92E-07,33.15303215,8.754555038,0.191031729
2.35E-05,0.547662129,0.045379677,1.81E-09,30106.00358,3.53E-07,2.68E-09,3.01E-18,5.53E-07,28.2215752,5.134321499,0.114597624
2.12E-05,0.889128382,0.067767833,3.24E-09,20463.01537,6.82E-08,1.76E-09,2.33E-18,7.66E-07,22.2433152,0.167201369,0.007411044
7.23E-05,0.751898353,0.057829588,1.82E-09,29337.18713,3.81E-07,4.98E-10,2.13E-18,4.19E-07,56.17051319,21.54099249,0.459084572
2.84E-05,0.600888049,0.056598516,1.35E-09,11225.46354,1.22E-07,2.68E-09,1.21E-18,5.45E-07,45.95586311,16.30126269,0.648407844
9.92E-05,0.817214182,0.032607198,1.19E-09,47555.82356,1.25E-07,1.56E-09,2.79E-18,4.20E-07,82.55605425,31.74223577,1.089659524
5.29E-05,0.683554681,0.013087493,4.03E-09,29283.67124,1.73E-07,3.24E-10,1.17E-18,8.65E-07,58.54950857,22.92212765,0.445101972
4.36E-05,0.592570998,0.067284356,3.44E-09,11181.43711,3.30E-07,2.45E-09,3.82E-18,3.64E-07,36.12917813,10.78622326,0.214574041
3.62E-05,0.778961601,0.014977796,2.84E-09,42978.92384,3.10E-07,1.03E-09,1.01E-18,6.52E-07,39.05759041,12.21864269,0.254830155
4.99E-05,0.575784264,0.02277567,1.30E-09,33936.25068,3.97E-07,1.14E-09,1.56E-18,4.09E-07,68.19387277,26.82197184,1.196904351
1.63E-05,0.771419545,0.022964418,2.85E-09,36086.07438,3.03E-07,1.95E-09,3.90E-18,5.39E-07,21.59552973,0.052706226,0.05290151
1.78E-05,0.70570285,0.031447798,4.12E-09,9534.715546,1.86E-08,2.73E-09,1.30E-18,6.78E-07,22.61179361,0.225345521,0.062002117
9.77E-05,0.842352707,0.073449816,1.86E-09,24034.0022,1.73E-08,2.85E-09,3.46E-18,3.15E-07,52.05361279,19.4145895,0.587661892
5.96E-05,0.608526421,0.020174108,3.19E-09,40447.52996,7.55E-08,2.89E-09,2.84E-18,4.21E-07,62.37157012,24.72844463,0.48319459
8.05E-05,0.537917455,0.04862917,1.44E-09,8397.968871,4.74E-09,2.70E-09,3.29E-18,4.23E-07,71.68430105,28.00399969,1.324805487
7.30E-05,0.641657554,0.079426127,7.41E-10,6100.119834,2.66E-07,1.15E-09,2.07E-18,7.06E-07,65.83992625,25.53781087,0.684629665
7.17E-05,0.541241682,0.03908361,2.27E-09,27947.25956,1.71E-07,1.09E-09,3.04E-18,9.87E-07,64.97132825,25.66733695,0.538391459
5.56E-05,0.698360664,0.037160954,3.05E-09,11526.43063,2.14E-07,2.19E-09,1.19E-18,4.39E-07,51.45132689,19.44005685,0.364814412
1.18E-05,0.813523763,0.059649304,9.79E-10,15067.43706,8.83E-08,4.63E-10,3.13E-18,6.65E-07,29.74607945,4.383434223,0.280370879
5.40E-05,0.703174195,0.048687397,2.77E-09,44794.70769,1.51E-07,2.16E-09,1.18E-18,8.70E-07,49.76158281,18.33647695,0.364210179
7.43E-05,0.711710769,0.021334185,3.45E-09,39408.872,7.31E-08,2.39E-09,1.24E-18,5.84E-07,70.57686859,27.94406238,0.599201255
3.19E-05,0.718965579,0.062106704,4.40E-09,29773.20141,5.83E-08,2.17E-09,3.94E-18,7.64E-07,27.67612151,4.930728831,0.116126414
8.97E-05,0.840015212,0.062891253,2.65E-09,17632.38107,1.88E-07,2.40E-09,2.15E-18,9.26E-07,50.94443949,19.13448355,0.544300439
9.74E-05,0.531281775,0.038645163,3.87E-09,16715.7035,1.67E-07,1.89E-09,3.60E-18,7.88E-07,72.64110703,28.90398312,0.735823902
4.32E-05,0.686793552,0.055536179,4.07E-09,29655.85951,2.58E-07,1.00E-09,1.88E-18,5.64E-07,37.87191983,11.8496175,0.22492454
4.88E-05,0.678942345,0.051933631,1.68E-09,40968.884,7.08E-09,1.36E-09,1.59E-18,9.96E-07,67.22080146,26.63013806,1.408530386
6.34E-05,0.530222356,0.010658977,1.22E-09,27749.55054,9.57E-08,2.48E-09,1.58E-18,9.93E-07,101.3287093,37.91001337,1.899131683
9.04E-05,0.883311672,0.064768631,1.67E-09,23492.11367,3.73E-07,9.70E-10,2.76E-18,8.72E-07,53.9947474,20.52264018,0.557358448
6.22E-05,0.715885343,0.072223204,2.58E-09,19961.93563,2.52E-07,3.51E-10,1.29E-18,2.54E-07,49.71317594,18.22838182,0.360363273
6.00E-05,0.567490475,0.023919533,1.67E-09,20938.77488,1.56E-07,2.36E-09,1.85E-18,9.37E-07,70.18691817,27.69999804,1.201257989
1.84E-05,0.594625278,0.077985822,1.38E-09,40200.36718,6.36E-08,2.78E-09,1.76E-18,4.15E-07,30.10725762,4.113832651,0.307553415
8.04E-05,0.625526392,0.020731109,2.84E-09,30696.39139,2.34E-07,8.31E-10,1.59E-18,4.98E-07,77.7420557,30.64596563,0.678806043
1.68E-05,0.663053692,0.069437746,4.33E-09,26393.65546,3.41E-07,2.30E-09,2.36E-18,7.74E-07,21.4801079,0.039045168,0.009910804
2.87E-05,0.576135249,0.04747266,3.84E-09,14836.18422,1.32E-07,1.23E-09,1.39E-18,8.89E-07,31.70367296,7.701438573,0.144005237
4.91E-05,0.780636664,0.058354083,1.67E-09,30855.80219,1.54E-07,2.34E-09,3.44E-18,3.89E-07,38.8517087,12.36027322,0.253021781
5.48E-05,0.51052568,0.037643986,2.64E-09,46492.25349,2.42E-07,2.76E-09,1.50E-18,4.27E-07,59.79576409,23.28845018,0.680340881
6.48E-05,0.691340454,0.079618836,3.95E-09,18229.25346,1.26E-07,2.42E-09,3.06E-18,9.78E-07,38.59546364,12.32775056,0.329071765
3.52E-05,0.552183674,0.056746989,2.20E-09,17903.26093,3.66E-07,1.69E-09,1.39E-18,9.08E-07,38.75251619,12.1719175,0.283216404
5.36E-05,0.653630586,0.045306799,4.06E-09,28915.62787,1.28E-08,3.98E-10,1.66E-18,3.20E-07,52.79260423,19.97017746,0.536441465
2.94E-05,0.671970332,0.043434481,1.45E-09,42569.0167,3.39E-07,1.65E-09,1.61E-18,4.79E-07,38.81522422,11.99926163,0.461811205
6.23E-05,0.788455519,0.064018183,3.30E-09,46554.97616,1.34E-07,1.13E-09,3.20E-18,6.63E-07,42.84765302,14.83004271,0.343383125
7.26E-05,0.554043718,0.026237668,3.79E-09,48801.11377,1.12E-07,2.55E-09,1.64E-18,9.03E-07,70.71757334,28.03805467,0.588347582
7.80E-05,0.84086556,0.031596023,2.87E-09,22359.41064,2.71E-07,2.94E-09,3.36E-18,5.59E-07,58.79644217,23.16380043,0.535627889
8.73E-05,0.79711006,0.056537978,2.32E-09,21716.1801,2.35E-08,2.35E-09,1.81E-18,3.96E-07,60.34177352,23.25831609,0.641750782
4.23E-05,0.869668751,0.06296709,1.32E-09,25492.62433,6.91E-08,1.05E-09,2.68E-18,2.61E-07,36.25999981,9.946909952,0.244757078
9.50E-05,0.838296072,0.078470122,2.79E-09,33212.70659,3.95E-08,1.87E-09,1.76E-18,3.54E-07,51.66516639,19.08567862,0.561857363
9.57E-05,0.85886263,0.018258535,3.51E-09,34628.86519,3.47E-07,2.83E-09,2.55E-18,7.33E-07,75.15092406,29.82898754,0.743744755
1.22E-05,0.756783416,0.064875499,1.27E-09,37712.43776,3.51E-07,9.62E-10,3.18E-18,2.71E-07,25.66556792,1.834692055,0.010100155
2.61E-05,0.559380709,0.022927518,1.42E-09,20993.54687,3.90E-07,2.90E-09,1.26E-18,4.57E-07,48.09610571,17.68058642,0.960527166
3.90E-05,0.591773249,0.066753607,4.24E-09,44688.30021,1.18E-07,2.10E-09,1.08E-18,9.57E-07,36.88060004,11.02134604,0.193332414
4.18E-05,0.579659161,0.064356358,3.38E-09,43655.80435,1.74E-07,1.14E-09,1.85E-18,9.28E-07,39.05093434,12.48677215,0.219825084
1.06E-05,0.708325235,0.065591003,1.07E-09,21591.45602,3.42E-07,3.57E-10,2.27E-18,6.90E-07,29.60651633,4.599826189,0.157133033
6.42E-05,0.855989005,0.042546282,2.33E-09,47288.41837,1.04E-07,1.07E-09,2.80E-18,6.60E-07,50.46008139,18.93180205,0.401382101
4.22E-05,0.74187572,0.050935647,3.25E-09,45834.75801,7.72E-08,1.89E-09,2.98E-18,5.86E-07,36.33057634,10.86434763,0.215030655
6.85E-05,0.619086534,0.061855482,3.60E-09,13697.63275,2.57E-07,2.50E-09,2.61E-18,6.14E-07,47.29359632,17.37926434,0.405542838
7.51E-05,0.886264137,0.055448958,4.20E-09,12064.03728,2.71E-09,1.80E-09,3.14E-18,3.35E-07,47.33015663,17.37957214,0.442864759
9.18E-05,0.848006997,0.055274475,6.05E-10,23464.40058,1.34E-07,7.94E-10,2.04E-18,9.41E-07,83.15897488,31.69484789,1.345958814
5.80E-05,0.789964075,0.056668747,3.13E-09,6967.211702,3.30E-08,1.63E-09,1.50E-18,5.36E-07,43.97224676,15.36772109,0.326949481
9.54E-05,0.580251666,0.052898048,3.64E-09,46835.87081,1.99E-07,2.49E-09,3.51E-18,9.81E-07,61.39321816,24.26288854,0.652085189
9.62E-05,0.620995904,0.065185932,3.48E-09,23295.11548,3.24E-07,9.02E-10,1.02E-18,7.28E-07,64.0072106,24.69557508,0.644081586
9.16E-05,0.660654667,0.02002855,1.08E-09,39130.89996,3.24E-07,4.93E-10,1.11E-18,6.13E-07,105.9958905,38.62679808,1.671862094
4.17E-05,0.88255147,0.031369231,4.76E-09,26867.96269,2.32E-07,1.49E-09,2.91E-18,4.95E-07,35.2929218,10.24014888,0.225370512
3.26E-05,0.631195162,0.052645689,1.60E-09,37762.1896,2.91E-07,1.33E-09,1.71E-18,9.65E-07,40.56186094,13.31210183,0.391957667
4.49E-05,0.555110768,0.016769748,1.56E-09,46761.71239,1.15E-07,1.44E-09,3.89E-18,4.41E-07,57.4144322,22.35383567,0.956752826
4.64E-05,0.540832528,0.025395559,1.15E-09,12539.36511,7.43E-08,8.74E-10,1.53E-18,3.57E-07,92.30618072,35.31959102,1.661856057
4.14E-05,0.694553887,0.068852232,4.00E-09,22161.46475,2.75E-07,4.25E-10,3.64E-18,3.51E-07,34.0654138,9.418740235,0.191366613
2.17E-05,0.603374904,0.030738125,2.26E-09,23073.35489,1.21E-07,5.67E-10,3.36E-18,3.37E-07,25.51474261,2.706898821,0.124143628
1.05E-05,0.706178554,0.015600291,4.36E-09,17749.84649,1.77E-07,1.22E-09,3.20E-18,3.65E-07,21.41258591,0.030992329,0.067682646
7.13E-05,0.611963934,0.059135079,1.50E-09,38566.52128,1.97E-07,6.32E-10,3.95E-18,8.26E-07,57.80556156,22.30611642,0.483505732
9.68E-05,0.505917706,0.031886818,3.06E-09,29612.96089,3.49E-07,2.15E-09,3.61E-18,3.50E-07,77.76051176,30.71792068,0.767048248
4.80E-05,0.853208623,0.038730024,3.07E-09,35768.81676,3.25E-07,1.16E-09,2.72E-18,3.69E-07,39.73367478,13.01250768,0.268515975
2.33E-05,0.636036724,0.017234965,4.94E-09,26740.55618,3.57E-07,1.72E-09,2.99E-18,8.98E-07,27.01566731,4.447790506,0.143150191
5.59E-05,0.854946439,0.032136533,3.75E-09,46320.22177,3.02E-07,2.93E-09,2.48E-18,5.22E-07,46.71362164,17.07087838,0.350064693
5.75E-05,0.540336786,0.073075926,3.18E-09,36207.31756,1.92E-07,9.28E-10,1.55E-18,4.71E-07,47.86251722,17.33086549,0.341688753
5.20E-05,0.774704737,0.073705413,1.25E-09,26055.84031,1.36E-07,1.11E-09,2.32E-18,7.17E-07,43.81195127,14.80597314,0.329970213
5.85E-05,0.66540498,0.013758666,3.17E-09,29187.81763,1.01E-07,2.78E-09,3.13E-18,5.32E-07,61.72016844,24.48540079,0.469877776
7.93E-05,0.890673759,0.044705946,4.42E-09,43374.29771,2.91E-07,4.70E-10,1.06E-18,8.42E-07,57.79451581,22.50392927,0.52157907
4.10E-05,0.537112599,0.02549544,2.94E-09,49001.23047,2.14E-07,7.01E-10,2.94E-18,9.02E-07,49.34645273,18.46659308,0.328892843
5.46E-05,0.59982595,0.055068285,4.72E-09,28670.70728,3.06E-07,3.12E-10,2.50E-18,2.77E-07,48.80996794,18.18529537,0.33862881
2.82E-05,0.839511181,0.065341175,4.31E-09,40754.69387,3.30E-07,2.49E-09,3.71E-18,7.00E-07,23.07688026,1.393944781,0.059198276
9.47E-05,0.693383483,0.064312744,2.58E-09,11751.31396,5.25E-08,2.05E-09,3.60E-18,9.63E-07,54.09134166,20.78671796,0.596092991
1.04E-05,0.699374568,0.029746946,1.99E-09,9181.176634,1.35E-07,8.29E-10,3.78E-18,7.10E-07,22.21157845,0.172781534,0.048030312
2.15E-05,0.879968627,0.032948439,1.92E-09,19882.94317,2.02E-07,1.06E-09,2.45E-18,7.53E-07,24.0256458,0.958940703,0.039608417
1.36E-05,0.815668561,0.04609766,3.37E-09,29842.10819,6.72E-08,1.82E-09,3.21E-18,9.05E-07,21.67380632,0.080127788,0.016629641
8.48E-05,0.769486243,0.042109141,4.41E-09,9879.682319,2.51E-07,1.33E-09,1.62E-18,9.94E-07,59.31976419,23.36607292,0.570767583
6.77E-05,0.861683814,0.028622293,1.76E-09,31928.25799,3.84E-07,2.40E-09,2.83E-18,7.35E-07,56.34293835,21.90440189,0.462231904
7.57E-05,0.671042248,0.023731195,1.97E-09,45075.35268,4.13E-08,5.07E-10,3.28E-18,8.34E-07,74.58040614,29.47764688,1.016484877
5.68E-05,0.701020309,0.018989883,1.71E-09,27544.94023,3.32E-07,1.68E-09,2.39E-18,4.40E-07,59.29435159,23.25085843,0.444312104
2.24E-05,0.656902494,0.061408814,4.35E-09,33495.01812,1.69E-07,1.83E-09,2.00E-18,5.42E-07,22.90484289,1.075825925,0.05150627
5.63E-05,0.797092478,0.065785705,3.98E-09,24585.37213,7.57E-08,1.56E-09,2.25E-18,6.56E-07,39.08187264,12.58206678,0.290402653
4.52E-05,0.795045708,0.046787797,1.48E-09,8113.018427,1.83E-07,5.78E-10,3.69E-18,3.88E-07,38.7159555,12.27501075,0.239696954
2.11E-05,0.720526148,0.023372277,1.43E-09,32473.72582,1.27E-07,1.04E-09,1.51E-18,2.77E-07,32.76339373,6.658110866,0.920638969
2.57E-05,0.533999361,0.030593203,2.41E-09,7947.89705,2.94E-08,3.44E-10,2.49E-18,5.98E-07,41.649576,14.0866443,0.863193058
3.39E-05,0.70901613,0.071162186,2.39E-09,45742.51325,1.63E-07,3.00E-09,3.69E-18,8.46E-07,28.16736996,5.265688376,0.123658898
3.34E-05,0.892697422,0.053141678,1.15E-09,8218.198542,3.29E-07,2.27E-09,1.02E-18,8.45E-07,35.11665234,9.622575535,0.261020063
8.22E-05,0.569144091,0.01234208,1.16E-09,10779.90794,2.74E-07,2.50E-09,2.00E-18,9.36E-07,93.07010761,35.57292001,1.654502738
7.16E-05,0.723176936,0.02829933,3.96E-09,34475.33006,2.96E-07,1.41E-09,3.58E-18,4.49E-07,60.89195931,24.13538643,0.515728668
5.77E-05,0.681897809,0.023630325,4.55E-09,35139.90368,2.94E-07,9.85E-10,1.17E-18,5.05E-07,57.86941775,22.66127044,0.433794802
4.86E-05,0.73134697,0.034808628,3.10E-09,38419.22618,3.02E-07,2.59E-09,1.18E-18,4.01E-07,47.02546262,17.09218129,0.309027733
9.37E-05,0.690461267,0.04683935,4.58E-09,20350.41091,3.19E-07,1.57E-09,3.19E-18,8.00E-07,61.86271199,24.52851074,0.639446739
2.91E-05,0.55772259,0.018108596,4.11E-09,39179.32019,2.27E-07,5.60E-10,2.93E-18,7.28E-07,36.3297688,10.90812509,0.241585311
8.96E-05,0.802401248,0.029895018,1.44E-09,32846.26286,2.10E-07,2.09E-09,2.35E-18,2.82E-07,72.98576666,28.60681461,0.685793274
1.45E-05,0.594738657,0.037761272,2.92E-09,24594.01532,3.68E-07,8.16E-10,1.39E-18,5.40E-07,24.37374934,1.174682601,0.056215945
8.15E-05,0.742348531,0.03880612,4.39E-09,39894.87187,6.57E-08,2.77E-09,1.99E-18,9.21E-07,60.29791786,23.73837451,0.560454225
2.42E-05,0.611884233,0.044944183,2.89E-09,10114.0567,1.89E-07,6.71E-10,1.20E-18,9.14E-07,32.39011783,7.928191799,0.21380471
9.82E-05,0.867108138,0.033698858,2.50E-09,18131.34174,2.28E-07,9.73E-10,1.44E-18,6.50E-07,73.34934558,28.79820522,0.721526316
4.11E-05,0.758946851,0.039963371,4.28E-09,16068.11875,2.78E-07,4.56E-10,2.73E-18,7.01E-07,36.92687594,11.28996614,0.221714225
8.09E-05,0.580876096,0.056091146,1.83E-09,29235.84312,7.66E-08,2.25E-09,1.88E-18,7.50E-07,66.92336001,25.93010341,0.864187675
7.75E-05,0.51514863,0.034517239,1.00E-09,28810.94819,2.37E-07,2.75E-09,2.42E-18,4.10E-07,82.48967027,31.83964356,1.437316632
3.41E-05,0.810306171,0.075528825,3.23E-09,41296.23736,2.38E-07,1.33E-09,1.12E-18,6.21E-07,28.38776651,4.728119192,0.100534704
9.01E-05,0.583377534,0.05705087,3.73E-09,26134.5301,2.08E-07,8.38E-10,1.46E-18,3.87E-07,63.74948816,24.956195,0.617167454
8.92E-05,0.745595613,0.032556631,4.79E-09,38079.34777,3.53E-07,1.30E-09,1.94E-18,7.15E-07,66.48535369,26.45619321,0.646992262
8.13E-05,0.781048087,0.01124088,1.20E-09,32251.08777,1.95E-07,1.05E-09,2.77E-18,7.81E-07,80.67521976,31.64885117,1.100582093
8.45E-05,0.547214586,0.027062413,2.13E-09,29124.70341,3.14E-07,2.17E-09,2.91E-18,8.14E-07,74.94360244,29.60773455,0.679077353
4.28E-05,0.595298899,0.035668828,2.57E-09,19325.51696,2.24E-07,1.36E-09,1.45E-18,6.49E-07,47.61849088,17.36465791,0.389368611
4.01E-05,0.832157627,0.07823874,4.82E-09,32160.52589,3.73E-07,1.87E-09,3.92E-18,5.25E-07,27.58211617,4.865467727,0.139147563
3.72E-05,0.571407498,0.018000521,3.46E-09,34970.1317,2.59E-07,2.76E-09,2.17E-18,8.19E-07,45.88561991,16.62410051,0.295935107
6.49E-05,0.793522394,0.059488586,4.43E-09,43095.32044,3.09E-07,1.02E-09,1.48E-18,4.46E-07,46.06813052,16.62639409,0.374192619
9.15E-05,0.649230227,0.041232031,4.62E-09,18096.83411,1.97E-07,1.26E-09,3.70E-18,9.53E-07,65.08426011,25.93140306,0.647568198
9.24E-05,0.798068338,0.069302639,3.90E-09,25716.58332,9.32E-08,2.00E-09,1.76E-18,3.06E-07,50.08894073,18.67598171,0.552914455
5.03E-05,0.678513305,0.062616425,1.49E-09,28309.13789,2.41E-07,7.80E-10,1.12E-18,6.00E-07,58.48740856,22.47819308,0.562367397
9.42E-05,0.874906224,0.050307063,6.63E-10,24131.99556,4.25E-08,1.35E-09,2.79E-18,2.73E-07,81.95684584,31.66885685,1.56803798
1.93E-05,0.562052856,0.024397544,7.25E-10,14797.66252,8.28E-08,1.25E-09,3.05E-18,9.85E-07,41.34065924,12.26885815,1.441288619
8.30E-05,0.723405577,0.055794294,1.87E-09,42053.98208,2.72E-07,5.82E-10,3.92E-18,6.93E-07,58.37131298,22.75200644,0.545977247
4.12E-05,0.721290224,0.044371319,1.79E-09,26566.90617,5.11E-08,1.03E-09,1.14E-18,6.75E-07,56.33697921,21.69538989,0.973458547
7.86E-05,0.784407621,0.045636698,3.58E-09,15270.31793,3.38E-07,8.97E-10,3.86E-18,9.61E-07,55.20425903,21.47994977,0.511246329
6.83E-05,0.680982088,0.070524405,3.18E-09,31981.29703,3.28E-07,2.97E-09,3.24E-18,7.54E-07,42.6938627,14.7728704,0.374704324
3.68E-05,0.68727017,0.06753901,3.82E-09,25823.44665,2.87E-07,1.73E-09,1.05E-18,2.63E-07,32.25931115,8.036899492,0.15688767
5.42E-05,0.646428363,0.051002347,3.37E-09,48633.61013,9.91E-09,2.81E-09,2.81E-18,2.81E-07,46.82415947,16.99151575,0.333672662
2.04E-05,0.660022499,0.076196359,2.95E-09,42094.41131,2.20E-07,2.38E-09,1.42E-18,6.12E-07,24.00935958,0.985216557,0.024958265
6.68E-05,0.522355031,0.060028847,1.72E-09,42938.61244,3.07E-07,1.92E-09,1.20E-18,4.08E-07,63.75411324,24.56935164,0.734294738
7.93E-05,0.770238496,0.022137351,1.37E-09,37819.29351,1.59E-07,1.42E-09,2.67E-18,9.75E-07,73.73983145,29.07587175,0.860465686
7.35E-05,0.728405598,0.058994142,9.04E-10,37372.08212,5.00E-08,4.86E-10,3.54E-18,7.47E-07,68.3527543,26.62969745,1.117630202
1.65E-05,0.86024972,0.078608947,1.35E-09,21471.20027,1.30E-07,2.79E-09,3.97E-18,3.73E-07,23.210422,0.511441566,0.001963448
8.08E-05,0.711133527,0.066542634,4.64E-09,18618.09127,3.00E-07,6.07E-10,3.51E-18,8.85E-07,50.06075356,18.8838567,0.489097357
9.61E-05,0.677696842,0.05739575,6.66E-10,13078.96613,1.17E-07,1.21E-09,1.55E-18,8.03E-07,103.1920473,37.35244454,1.588408073
6.76E-05,0.601421875,0.052214826,4.46E-09,43291.85217,1.49E-07,5.86E-10,3.88E-18,9.45E-07,54.17386996,20.94298553,0.443174
2.02E-05,0.643121381,0.013267556,2.75E-09,19619.4955,2.69E-08,2.84E-09,1.93E-18,6.95E-07,26.744696,3.125190096,0.31100651
7.09E-05,0.819188905,0.079510933,3.01E-09,34267.66494,2.80E-07,2.56E-09,3.07E-18,3.33E-07,38.64794508,12.3241913,0.359187998
3.20E-05,0.856661294,0.051379565,4.26E-09,43435.94683,2.20E-08,1.79E-09,3.76E-18,4.59E-07,25.95323473,3.61503346,0.106719774
4.81E-05,0.604068187,0.079163339,2.14E-09,6763.180287,1.24E-07,2.23E-09,1.86E-18,5.35E-07,37.75405218,11.56567557,0.239547598
8.81E-05,0.764323898,0.039548516,3.53E-09,19791.14318,2.95E-07,1.26E-09,3.45E-18,7.30E-07,61.8992207,24.58715995,0.608913448
3.41E-05,0.862134131,0.016244566,3.56E-09,11016.57284,1.10E-07,4.29E-10,2.95E-18,7.85E-07,30.00925618,6.604559786,0.192628203
2.06E-05,0.768215654,0.016899214,7.50E-10,42694.86832,3.64E-08,1.40E-09,3.53E-18,9.72E-07,35.52938457,7.61046921,1.458255493
9.36E-05,0.675830593,0.019067345,1.59E-09,23888.20844,7.33E-08,1.72E-09,1.47E-18,4.12E-07,95.41084253,35.94496189,1.768248015
6.48E-05,0.628440368,0.051624041,1.37E-09,39094.94039,1.88E-08,1.05E-09,3.34E-18,2.68E-07,64.26257607,25.02963989,1.110856284
4.82E-05,0.832830967,0.033339619,4.20E-09,6488.115428,3.02E-08,1.86E-09,3.23E-18,5.38E-07,41.37782327,14.04608494,0.279434308
4.59E-05,0.611252614,0.040225093,4.78E-09,41320.09513,4.53E-09,2.53E-09,3.65E-18,9.59E-07,45.09605791,16.16163727,0.29887458
1.97E-05,0.601867794,0.045454231,2.28E-09,30438.11037,7.16E-08,1.60E-09,1.43E-18,6.44E-07,30.43074572,5.56208435,0.542847011
7.72E-05,0.820182452,0.074428837,3.23E-09,20041.44732,2.04E-07,7.20E-10,1.30E-18,8.31E-07,48.26368982,17.60934054,0.444181002
5.48E-05,0.869040636,0.024996992,3.77E-09,49094.31852,7.84E-08,2.63E-09,2.71E-18,3.14E-07,47.85486826,17.68216773,0.36298213
1.55E-05,0.781588373,0.041897783,1.91E-09,17956.22686,1.78E-07,8.61E-10,2.90E-18,8.96E-07,23.62122005,0.760110206,0.024647242
3.75E-05,0.548752302,0.016403317,3.00E-09,39240.38425,3.72E-08,1.29E-09,1.41E-18,4.29E-07,56.32404015,21.93472515,1.29225459
3.55E-05,0.563936316,0.023123318,4.99E-09,39751.90914,2.22E-07,1.83E-09,2.58E-18,7.46E-07,42.66120212,14.80277681,0.266367034
9.23E-05,0.627057157,0.029604166,9.63E-10,46068.03046,3.94E-07,2.53E-09,2.34E-18,4.91E-07,87.93175221,33.34327098,1.417140215
4.56E-05,0.701720269,0.076299068,4.32E-09,48080.7899,6.94E-08,3.05E-10,2.85E-18,3.39E-07,36.24221711,10.78710565,0.218804208
3.59E-05,0.58888518,0.015889906,1.50E-09,39331.87709,9.88E-08,9.50E-10,1.34E-18,5.03E-07,69.69612182,27.60247472,1.488164678
7.49E-05,0.799118626,0.041741402,1.60E-09,21628.02378,2.44E-07,8.07E-10,2.05E-18,8.78E-07,61.8668703,24.16466893,0.518906974
1.14E-05,0.641953022,0.057464978,1.08E-09,6393.60495,2.17E-07,1.18E-09,3.25E-18,9.28E-07,25.23680051,1.492218645,0.129685965
6.02E-05,0.900135617,0.027100199,1.18E-09,16754.03422,2.82E-07,2.60E-09,2.31E-18,6.80E-07,53.72608579,20.46903992,0.405827739
4.44E-05,0.787348489,0.012459167,4.25E-09,49683.00583,1.89E-07,2.82E-09,2.95E-18,2.67E-07,45.66249738,16.51115023,0.316740889
1.90E-05,0.859341155,0.014107521,4.94E-09,10789.80164,1.49E-07,2.68E-09,2.14E-18,6.52E-07,21.3818604,0.01529073,0.060295051
3.91E-05,0.517086153,0.01926067,2.86E-09,31693.75642,8.77E-09,2.13E-09,3.37E-18,9.58E-07,50.5465012,19.03774147,0.60314711
2.79E-05,0.746276208,0.015951168,1.94E-09,32702.65495,2.64E-07,2.29E-09,3.35E-18,3.54E-07,29.65134859,6.291916458,0.16900475
8.63E-05,0.638875743,0.01444969,3.34E-09,14416.35064,1.63E-07,1.67E-09,2.82E-18,8.98E-07,78.11992561,30.93973913,0.715690439
8.54E-05,0.656285153,0.075098112,3.44E-09,32895.97159,2.28E-07,2.26E-09,1.28E-18,8.70E-07,50.29778242,18.54171256,0.506709471
2.01E-05,0.617340431,0.058739165,3.17E-09,10573.86732,1.78E-08,2.11E-09,3.15E-18,6.74E-07,22.01134753,0.473783157,0.04730562
9.89E-05,0.799905979,0.020821679,2.81E-09,10712.70172,2.35E-07,1.78E-09,2.01E-18,5.67E-07,78.66066022,30.96796355,0.771234877
2.35E-05,0.828403655,0.034364874,1.24E-09,16876.64226,2.16E-07,6.15E-10,3.02E-18,6.21E-07,26.27464343,2.362464235,0.072140134
9.35E-05,0.716627833,0.041573416,3.05E-09,11688.05253,3.35E-07,1.57E-09,3.44E-18,6.77E-07,64.19007268,25.51773975,0.651481009
6.32E-05,0.650547545,0.065062898,2.07E-09,9727.842187,3.77E-07,1.46E-09,1.34E-18,3.29E-07,50.01254069,18.43501978,0.383482361
1.42E-05,0.607029155,0.06837784,4.38E-09,11329.90002,2.24E-07,2.63E-09,2.17E-18,3.11E-07,21.39262927,0.02387587,0.007778906
8.02E-05,0.560543291,0.036733164,4.88E-09,8000.732514,3.40E-07,5.96E-10,1.90E-18,8.36E-07,67.2520618,26.84125089,0.596149916
7.65E-05,0.77557945,0.062570553,8.63E-10,44210.75436,3.07E-08,1.23E-09,3.54E-18,3.48E-07,66.43820972,25.73718286,1.100034892
4.69E-05,0.664801301,0.067944527,9.11E-10,21778.57413,1.33E-07,6.81E-10,3.90E-18,7.91E-07,47.31392096,17.08317718,0.468481141
2.48E-05,0.749983731,0.046980776,3.42E-09,33998.09292,9.55E-09,2.12E-09,3.65E-18,4.85E-07,23.72536002,1.76904106,0.071894789
6.89E-05,0.507238898,0.035809362,2.83E-09,40347.46764,6.98E-08,9.56E-10,2.30E-18,5.92E-07,69.6248254,27.47605688,0.886642846
9.81E-05,0.816644022,0.06845028,1.11E-09,45879.32743,1.99E-07,1.60E-09,1.95E-18,8.27E-07,68.92309999,26.31400109,0.760632519
2.05E-05,0.851609763,0.040693698,4.13E-09,44295.64614,2.20E-07,4.09E-10,2.12E-18,5.09E-07,22.82414953,0.459238126,0.029507437
5.91E-05,0.534598455,0.010233146,3.60E-09,10237.8511,3.67E-07,1.90E-09,3.39E-18,4.72E-07,68.76152698,27.49944662,0.511522253
7.31E-05,0.57081329,0.072550338,1.14E-09,48160.54661,2.69E-07,3.64E-10,1.16E-18,4.46E-07,95.51564512,35.52908422,0.942237807
6.57E-05,0.802116313,0.074316819,9.48E-10,41439.77504,1.85E-07,2.55E-09,1.87E-18,5.90E-07,53.74685821,19.89980027,0.518533258
5.93E-05,0.689611693,0.022307722,3.11E-09,21290.71676,2.09E-07,2.00E-09,3.59E-18,3.81E-07,57.46747972,22.55034784,0.432815917
1.34E-05,0.596471506,0.043075065,1.00E-09,48932.85537,3.63E-07,1.93E-09,1.92E-18,5.32E-07,30.32602058,4.535806313,0.645371073
3.23E-05,0.747913492,0.049647236,4.80E-09,38948.53369,1.78E-07,2.44E-09,3.77E-18,5.37E-07,28.95308259,5.870303114,0.131520673
6.55E-05,0.850615635,0.054692765,3.75E-09,38630.3225,2.08E-08,2.82E-09,1.24E-18,4.33E-07,48.60932565,17.7614767,0.385800285
4.69E-05,0.700286403,0.069980297,2.99E-09,9329.889499,6.42E-08,6.48E-10,3.54E-18,8.49E-07,36.61524527,11.05528481,0.230671309
1.01E-05,0.852860181,0.061167048,8.53E-10,30555.5757,2.75E-07,3.30E-10,1.56E-18,4.66E-07,33.93921728,7.849332773,0.248417019
6.97E-05,0.520457711,0.025249063,2.31E-09,19042.50104,4.48E-08,2.05E-09,3.07E-18,5.77E-07,71.30149523,28.20389491,0.728541246
2.07E-05,0.78624282,0.059778108,4.09E-09,12115.71982,7.92E-08,1.71E-09,3.86E-18,5.80E-07,21.37786533,0.007482503,0.017724498
9.81E-05,0.654395104,0.01701197,2.99E-09,40044.97245,3.87E-08,2.00E-09,2.71E-18,3.25E-07,87.49999562,33.75132093,0.845037862
4.15E-05,0.559759319,0.070645644,2.81E-09,38366.51899,1.99E-07,2.04E-09,3.83E-18,7.85E-07,35.76989138,10.51706704,0.203333527
7.79E-05,0.637652271,0.024866146,2.95E-09,42248.27245,6.22E-08,3.09E-10,2.26E-18,9.73E-07,75.70568136,29.92263007,0.705600491
8.59E-05,0.777654444,0.056852774,7.15E-10,20014.04247,4.38E-08,2.44E-09,1.29E-18,6.19E-07,94.38075683,35.17478972,1.614274186
9.67E-05,0.734446804,0.062323374,1.79E-09,29404.15537,4.19E-08,8.42E-10,3.88E-18,3.02E-07,62.67077987,24.35447737,0.64538264
2.76E-05,0.652660748,0.039828721,3.80E-09,8075.402032,3.54E-07,2.46E-09,1.05E-18,8.10E-07,29.2408166,6.048287291,0.128326286
4.57E-05,0.840440252,0.043163521,9.01E-10,18530.98469,3.80E-07,1.54E-09,2.23E-18,3.43E-07,43.6746839,14.88910051,0.443658252
2.73E-05,0.684279461,0.034200878,4.29E-09,33253.25214,3.86E-07,1.66E-09,1.07E-18,9.04E-07,29.04633895,5.745834566,0.133010665
3.76E-05,0.784289935,0.069040013,4.84E-09,7433.508493,3.38E-08,2.62E-09,1.19E-18,5.30E-07,29.00381025,5.872910103,0.142707535
8.00E-05,0.522711104,0.065293711,2.90E-09,49826.27869,3.07E-07,7.17E-10,2.40E-18,6.26E-07,57.61289105,22.27915987,0.521700181
7.56E-05,0.502674504,0.044843372,4.60E-09,24272.93684,3.42E-07,8.53E-10,2.68E-18,4.63E-07,62.18812763,24.67656031,0.538032094
2.10E-05,0.75242057,0.046712951,1.74E-09,22842.17981,1.40E-07,2.39E-09,1.22E-18,9.84E-07,28.1585103,3.542641944,0.339542654
3.99E-05,0.887955243,0.038941815,3.86E-09,31888.2554,3.26E-07,4.45E-10,3.15E-18,7.84E-07,32.01118701,8.020049514,0.192242558
8.08E-05,0.793778025,0.077142699,3.02E-09,31541.48462,3.18E-07,8.91E-10,1.82E-18,3.52E-07,47.0524164,17.03933665,0.461389339
6.26E-05,0.758321343,0.053738415,3.56E-09,24459.37555,2.73E-07,8.70E-10,3.56E-18,9.41E-07,46.56365968,16.98672234,0.3696219
3.32E-05,0.870237178,0.053232159,4.16E-09,6586.854247,8.40E-10,1.96E-09,1.12E-18,9.29E-07,29.67151189,5.642416718,0.35666238
9.75E-05,0.812130911,0.043533605,2.68E-09,24778.38569,2.66E-07,7.61E-10,1.75E-18,4.99E-07,68.85795085,27.09025289,0.690411221
5.82E-05,0.525051979,0.051202401,1.63E-09,31436.01328,1.41E-07,6.09E-10,2.84E-18,2.98E-07,60.38526554,23.4343288,0.733751166
3.52E-05,0.854379193,0.03986853,1.83E-09,45562.28332,7.51E-08,1.96E-09,1.79E-18,3.22E-07,34.73062306,8.799784975,0.294207031
7.19E-05,0.705039067,0.031020754,1.56E-09,40418.1054,8.19E-08,1.77E-09,2.03E-18,4.87E-07,71.70134721,28.16019132,1.171271451
5.69E-05,0.65939717,0.011748213,3.62E-09,14063.93106,1.65E-07,1.70E-09,1.20E-18,2.69E-07,62.5892733,24.79990954,0.467380753
6.05E-05,0.533465457,0.03684845,3.61E-09,38476.24288,3.27E-07,2.52E-09,3.43E-18,3.26E-07,57.06583225,22.34500627,0.432190832
5.01E-05,0.742932945,0.054150674,1.81E-09,32634.58185,3.16E-08,2.83E-09,3.64E-18,7.59E-07,41.82520809,14.10729989,0.278885486
6.91E-05,0.878896067,0.054828939,4.69E-09,37620.49541,4.45E-08,2.35E-09,1.04E-18,4.26E-07,48.18740395,17.65543577,0.406327427
1.62E-05,0.535639091,0.061089428,4.11E-09,22664.60673,3.98E-07,1.51E-09,2.38E-18,7.76E-07,21.60826302,0.048387508,0.028571231
8.98E-05,0.785002175,0.025673396,1.04E-09,32049.39939,2.98E-07,2.65E-09,1.18E-18,9.42E-07,85.3903839,32.92627235,1.358410817
4.74E-05,0.543015918,0.021717408,4.34E-09,23567.50858,2.84E-08,1.28E-09,2.04E-18,6.57E-07,55.52145955,21.55551217,0.397694644
2.37E-05,0.73504163,0.027606146,4.04E-09,9122.024216,9.48E-08,2.73E-09,3.52E-18,9.92E-07,24.43727705,2.472709717,0.093338177
4.59E-05,0.563580036,0.071803557,4.84E-09,18760.73855,2.56E-07,2.65E-09,2.56E-18,5.22E-07,36.59124553,11.06790369,0.226890876
8.71E-05,0.527984426,0.020497811,2.57E-09,17076.15478,2.18E-09,2.57E-09,1.26E-18,4.53E-07,108.142474,39.89037228,2.339307259
1.97E-05,0.825762591,0.073563813,2.10E-09,7253.273203,2.62E-07,1.30E-09,2.89E-18,6.12E-07,22.00017412,0.128069486,0.004371744
9.65E-05,0.776935435,0.020655706,2.72E-09,16244.92325,3.87E-07,1.74E-09,1.48E-18,9.19E-07,79.40173568,31.11234323,0.758085942
1.52E-05,0.879391262,0.059296344,1.05E-09,26210.04471,2.67E-07,4.59E-10,1.34E-18,4.24E-07,32.36515729,6.908290994,0.177188358
2.17E-05,0.850184073,0.06464097,2.15E-09,18557.53791,1.44E-07,1.49E-09,1.15E-18,3.77E-07,26.74590526,2.793651319,0.022054566
5.81E-05,0.77406804,0.050509977,2.89E-09,24946.89945,1.82E-07,2.09E-09,2.08E-18,8.32E-07,45.35244903,16.22937313,0.337727615
9.26E-05,0.846813727,0.042882341,4.36E-09,47604.28917,5.40E-08,7.51E-10,1.28E-18,8.06E-07,66.01917677,25.9872373,0.647417552
4.44E-05,0.887287037,0.054475889,1.21E-09,13976.95843,1.17E-07,2.32E-09,2.20E-18,9.46E-07,37.87926593,11.3239506,0.284677535
9.56E-05,0.81483736,0.026419014,9.18E-10,41405.48195,9.77E-08,1.48E-09,1.91E-18,4.67E-07,91.4267953,34.75507998,1.709864929
3.47E-05,0.823946642,0.074966514,1.26E-09,11167.76913,1.09E-07,1.35E-09,1.80E-18,6.41E-07,34.24263356,8.749951182,0.211214214
9.84E-05,0.803728664,0.044619608,4.50E-09,7826.080953,1.00E-07,1.31E-09,2.37E-18,2.79E-07,63.56233373,25.25242097,0.677674961
1.09E-05,0.845768868,0.072404871,8.83E-10,41988.06754,9.17E-08,1.07E-09,2.98E-18,7.82E-07,31.23013849,5.483424343,0.195625606
7.34E-05,0.626300696,0.027877952,2.86E-09,22041.66169,3.59E-07,4.51E-10,3.47E-18,6.23E-07,67.55180672,26.9411784,0.572701403
6.34E-05,0.524352631,0.018896326,1.71E-09,18964.45576,2.68E-07,1.40E-09,1.35E-18,3.90E-07,79.07255605,31.01429959,1.398187517
6.62E-05,0.590708416,0.015042444,3.38E-09,12565.43411,3.17E-08,1.92E-09,1.61E-18,9.10E-07,71.99625074,28.53898104,0.692408931
2.60E-05,0.517907927,0.0476764,4.29E-09,14174.53719,1.53E-07,1.77E-09,1.31E-18,4.75E-07,30.74078732,7.096861183,0.132374427
4.72E-05,0.637326655,0.011759607,4.22E-09,30681.94793,3.74E-08,1.45E-09,1.14E-18,6.64E-07,56.6710701,21.99632562,0.659798316
5.19E-05,0.582890116,0.033927503,2.74E-09,14953.077,7.21E-08,7.64E-10,1.47E-18,7.62E-07,58.12377671,22.56246159,0.847919659
5.18E-05,0.622309499,0.073889925,2.49E-09,27098.74997,1.62E-07,1.81E-09,2.29E-18,5.66E-07,40.22885507,13.1534942,0.270662763
1.62E-05,0.623259486,0.017092796,4.42E-09,35328.21829,3.05E-07,8.20E-10,3.87E-18,8.24E-07,21.44511728,0.035514274,0.09653434
6.03E-05,0.89501962,0.028972256,1.23E-09,16315.92304,2.77E-07,7.23E-10,3.89E-18,7.13E-07,51.17399597,19.28705171,0.396548909
9.44E-05,0.81526482,0.017342999,3.85E-09,21801.4461,1.34E-07,1.20E-09,2.70E-18,7.67E-07,76.53006836,30.33194711,0.746656341
9.92E-05,0.708003572,0.077366171,9.31E-10,18891.74164,3.00E-07,1.15E-09,3.77E-18,3.07E-07,61.5631017,23.36381173,0.653680405
9.47E-05,0.664959034,0.03814955,2.51E-09,38014.11568,3.23E-07,1.47E-09,1.28E-18,7.67E-07,76.65602869,29.69279247,0.730393135
2.31E-05,0.670793235,0.070027106,4.56E-09,41204.73835,3.33E-07,1.61E-09,3.68E-18,5.88E-07,22.35928043,0.815141405,0.043581012
1.35E-05,0.641324505,0.062750883,4.00E-09,33742.16933,2.22E-07,1.47E-09,3.22E-18,3.82E-07,21.50487976,0.044500865,0.008543528
6.73E-05,0.817519524,0.035017035,2.96E-09,25776.06381,3.03E-07,2.67E-09,3.72E-18,4.55E-07,52.88001105,20.32105699,0.4393073
7.23E-05,0.718243918,0.045202179,3.65E-09,21396.77606,2.29E-07,2.01E-09,3.45E-18,6.85E-07,53.50497197,20.63276735,0.464424072
8.66E-05,0.692215713,0.011147523,4.44E-09,11785.15932,8.25E-08,2.37E-09,2.07E-18,3.31E-07,78.22727149,30.99712704,0.705869499
5.22E-05,0.565347072,0.015089901,3.83E-09,17150.16931,1.68E-07,1.01E-09,1.84E-18,9.20E-07,60.70013645,24.00866788,0.442943039
8.37E-05,0.585110677,0.027488375,2.71E-09,29057.05547,8.75E-08,1.84E-09,2.10E-18,5.90E-07,75.48776326,29.71386138,0.699615659
3.83E-05,0.509158756,0.055698223,3.26E-09,26677.08331,1.79E-07,1.90E-09,2.55E-18,8.18E-07,39.20537125,12.68723795,0.21431622
1.84E-05,0.576438899,0.034916913,4.91E-09,34866.86992,1.24E-07,3.21E-10,2.44E-18,2.64E-07,22.36745001,0.453659918,0.085014389
7.31E-05,0.877880322,0.022573522,5.00E-09,24255.17943,3.63E-07,1.76E-09,2.52E-18,7.43E-07,59.08339527,23.32790595,0.521681924
9.00E-05,0.804891877,0.076696769,2.76E-09,47780.18659,3.25E-07,2.34E-09,2.36E-18,4.37E-07,46.04550482,16.48913157,0.509883792
2.22E-05,0.558593335,0.030658057,2.93E-09,39453.30916,4.89E-08,2.13E-09,3.80E-18,2.92E-07,27.2425246,4.570996566,0.142470186
5.53E-05,0.674748539,0.030394804,3.62E-09,16190.51401,3.22E-07,1.64E-09,3.91E-18,3.49E-07,52.10496558,19.94915476,0.372714204
7.39E-05,0.681124526,0.063077952,2.14E-09,29882.36136,2.63E-07,2.03E-09,1.47E-18,7.79E-07,54.92571018,20.77144037,0.469317458
9.14E-05,0.777967092,0.028021276,1.13E-09,30294.47032,5.06E-08,6.58E-10,3.79E-18,2.70E-07,81.77942142,31.7782666,1.385812213
9.31E-05,0.898761665,0.054988143,3.57E-09,45252.52562,1.20E-07,1.31E-09,2.52E-18,8.57E-07,55.4571603,21.44874572,0.594802242
6.66E-05,0.846972906,0.072596153,2.92E-09,11419.88724,2.83E-07,4.53E-10,1.62E-18,3.73E-07,44.1327702,15.45958966,0.365264594
7.61E-05,0.525710033,0.021143211,2.72E-09,12818.27525,3.54E-07,2.84E-09,3.00E-18,9.77E-07,73.56902228,29.32394057,0.622236311
4.13E-05,0.60256439,0.026700343,3.71E-09,14397.55277,1.58E-07,8.35E-10,3.73E-18,6.73E-07,45.50835105,16.42314126,0.293841627
1.75E-05,0.570345684,0.02609658,1.38E-09,49595.42064,5.98E-08,2.20E-09,3.43E-18,6.96E-07,28.46838685,3.067426674,0.966403319
1.50E-05,0.512902135,0.039024449,8.32E-10,32831.58678,2.88E-07,3.20E-10,1.51E-18,7.14E-07,34.67555532,6.611335544,1.055267709
8.65E-05,0.661313713,0.017931177,2.12E-09,30957.03881,3.38E-07,9.11E-10,2.65E-18,4.75E-07,78.48512557,30.94358805,0.72141575
5.89E-05,0.837297286,0.023393398,2.08E-09,27438.41662,1.98E-08,2.21E-09,3.94E-18,5.71E-07,52.88399386,20.25125484,0.412031931
6.15E-05,0.757472861,0.045084818,1.96E-09,41065.69996,8.34E-08,1.38E-09,2.10E-18,9.84E-07,54.25924771,20.59190437,0.476010228
5.26E-05,0.502257287,0.074022805,2.82E-09,7624.759251,2.15E-07,1.23E-09,3.81E-18,4.47E-07,41.2907755,13.96211242,0.28471228
1.74E-05,0.904239213,0.027583286,4.83E-09,40630.79745,2.95E-07,2.88E-09,2.97E-18,9.49E-07,21.3899118,0.021455918,0.039584389
6.64E-05,0.669796975,0.0360548,1.25E-09,30254.32095,1.51E-08,5.40E-10,1.81E-18,8.37E-07,94.62923061,36.04037784,1.880532616
4.61E-05,0.572801292,0.044230186,2.54E-09,44831.76247,2.81E-07,2.27E-09,3.28E-18,6.27E-07,45.66882436,16.44779658,0.292032074
3.73E-05,0.781855919,0.048320652,2.55E-09,16446.49492,2.67E-07,2.26E-09,3.68E-18,7.23E-07,32.02776371,8.042560293,0.168987595
4.54E-05,0.631745345,0.0205336,4.97E-09,27156.33761,3.55E-07,1.37E-09,2.07E-18,2.82E-07,49.76009436,18.72712561,0.336892372
8.94E-05,0.846071414,0.0477562,6.24E-10,11899.13174,2.09E-07,1.39E-09,3.76E-18,8.58E-07,70.07577013,27.26361782,0.975256976
2.64E-05,0.658725174,0.058189981,2.69E-09,18440.12382,2.18E-07,7.34E-10,3.31E-18,5.04E-07,25.45999837,3.163105699,0.086025661
1.13E-05,0.85624468,0.060746279,2.94E-09,28195.04142,2.69E-07,6.27E-10,2.86E-18,6.29E-07,22.55826128,0.331068644,0.00760921
9.87E-05,0.521246272,0.02194782,7.98E-10,34214.02305,2.53E-09,8.80E-10,3.10E-18,5.15E-07,145.3645123,48.13977752,2.798797912
3.87E-05,0.500812991,0.063477898,2.06E-09,32421.0103,3.23E-08,7.98E-10,2.09E-18,7.51E-07,65.48125212,26.03916736,0.670142269
3.14E-05,0.882070837,0.037539648,4.49E-09,46733.12731,3.67E-07,2.40E-09,1.98E-18,4.00E-07,26.73678204,4.226456476,0.121346685
2.78E-05,0.810700674,0.042118652,3.13E-09,38684.46397,2.21E-07,1.15E-09,3.33E-18,5.47E-07,24.6024992,2.481234515,0.087814939
2.51E-05,0.904987557,0.022192756,4.74E-09,48192.71791,4.64E-08,4.34E-10,3.86E-18,4.43E-07,22.04120409,0.449078418,0.093012382
9.99E-05,0.566633108,0.029353481,3.94E-09,6998.392715,3.49E-07,5.02E-10,1.74E-18,4.74E-07,82.83298928,32.37300427,0.806188196
8.36E-05,0.767551072,0.023783403,3.68E-09,18359.31853,1.74E-07,2.75E-09,3.75E-18,5.92E-07,67.30595727,26.91140387,0.620014855
6.29E-05,0.857510961,0.035618637,3.94E-09,47120.17573,2.16E-07,1.81E-09,1.67E-18,2.99E-07,50.46753449,19.0188217,0.401841648
2.93E-05,0.529326358,0.011848392,4.75E-09,44397.52384,1.16E-07,7.68E-10,3.50E-18,7.69E-07,38.89718808,12.54207539,0.276072624
2.54E-05,0.66413267,0.045602954,2.85E-09,42672.27672,1.40E-07,1.01E-09,3.21E-18,5.18E-07,25.98192311,3.431147349,0.099027035
5.25E-05,0.876711271,0.022720602,4.28E-09,46986.82609,1.35E-07,3.89E-10,2.70E-18,3.78E-07,45.88932027,16.60919211,0.358888926
7.42E-05,0.863964317,0.075882335,3.89E-09,13576.84825,3.99E-07,8.06E-10,1.60E-18,4.38E-07,42.70538068,14.73560204,0.40296894
6.44E-05,0.561518833,0.013997369,3.69E-09,44266.41882,2.40E-08,9.60E-10,2.19E-18,4.89E-07,72.99065213,28.97985063,0.737595761
6.37E-05,0.789443409,0.056301006,2.38E-09,33597.9029,2.62E-07,1.22E-09,2.12E-18,6.82E-07,47.74083819,17.45125044,0.374442733
3.17E-05,0.58830389,0.036386101,3.83E-09,10192.83544,3.62E-07,1.92E-09,3.19E-18,7.83E-07,35.21878703,10.19445124,0.180326175
5.09E-05,0.550578449,0.069566956,3.74E-09,11480.30419,2.86E-07,2.63E-09,2.30E-18,6.25E-07,39.80357206,13.06203603,0.269374038
3.94E-05,0.818063212,0.014156963,4.59E-09,47401.57281,7.91E-08,1.66E-09,4.00E-18,6.33E-07,38.67459505,12.39900626,0.267887305
7.69E-05,0.70355486,0.02813967,1.82E-09,26513.62704,1.90E-07,9.05E-10,3.19E-18,9.25E-07,68.02262632,26.99637043,0.590419058
3.12E-05,0.655990906,0.016576951,4.51E-09,24176.33886,3.85E-07,2.18E-09,1.77E-18,4.94E-07,36.05729581,10.74461456,0.213255873
9.05E-05,0.724563101,0.038246686,9.45E-10,49031.37675,3.95E-07,1.20E-09,1.61E-18,5.58E-07,82.95009561,31.95937751,1.23339437
7.52E-05,0.706754797,0.066964348,4.47E-09,6286.852489,4.73E-08,1.03E-09,3.42E-18,8.75E-07,47.03088612,17.25812024,0.438983456
5.30E-05,0.531748399,0.073218614,4.54E-09,43886.83491,2.80E-07,1.39E-09,2.24E-18,3.56E-07,41.32805093,13.94735849,0.286467417
2.29E-05,0.51552016,0.019854209,2.16E-09,47080.08319,2.63E-07,1.18E-09,1.42E-18,8.07E-07,43.18715654,14.70020731,0.949647063
8.79E-05,0.69247988,0.064106038,1.47E-09,35681.8618,3.94E-07,1.42E-09,2.94E-18,5.52E-07,58.00760129,22.21833787,0.563968043
9.43E-05,0.759690999,0.077675407,3.46E-09,36432.15342,3.93E-07,4.81E-10,3.71E-18,3.96E-07,50.43846948,19.00313152,0.567838696
3.33E-05,0.57473651,0.043062762,3.47E-09,6989.551604,2.24E-07,1.82E-09,3.01E-18,8.08E-07,35.78168165,10.56186346,0.183942356
9.46E-05,0.619091156,0.042127326,2.62E-09,24872.17286,1.72E-07,8.21E-10,3.93E-18,9.33E-07,69.81339474,27.67975514,0.696933532
3.18E-05,0.505027254,0.040629233,4.81E-09,44279.94816,7.81E-08,8.14E-10,1.54E-18,7.48E-07,38.675216,12.27777036,0.229267741
5.11E-05,0.90654822,0.044813388,6.03E-10,15321.02784,3.71E-07,1.40E-09,1.98E-18,9.61E-07,53.00044659,19.88233127,0.721619538
9.66E-05,0.596304921,0.077378096,1.83E-09,45456.58135,1.20E-07,5.42E-10,3.91E-18,2.97E-07,60.25434525,23.0990711,0.625921695
8.18E-05,0.879430186,0.070766104,2.47E-09,45379.60237,7.86E-08,2.58E-09,2.26E-18,4.99E-07,46.94959356,16.91358502,0.465524509
8.33E-05,0.812948699,0.045879349,1.87E-09,39875.82325,3.37E-07,1.28E-09,3.20E-18,2.85E-07,58.72532997,22.93296356,0.553215222
5.79E-05,0.838771883,0.063743167,7.31E-10,40671.20809,3.41E-07,2.90E-09,3.08E-18,9.03E-07,48.19969172,17.2484575,0.418446015
4.04E-05,0.71035205,0.073628689,1.35E-09,11763.7704,3.47E-07,1.25E-09,1.55E-18,6.31E-07,37.61405273,11.43081884,0.231024217
9.76E-05,0.850299752,0.063951537,4.54E-09,21850.07692,4.00E-08,9.06E-10,2.95E-18,2.82E-07,53.78586377,20.70183749,0.611430841
7.13E-05,0.617384396,0.074046624,4.03E-09,12486.93443,1.38E-07,1.87E-09,1.72E-18,6.98E-07,44.84195003,15.93788454,0.403127245
7.26E-05,0.859721976,0.03481006,3.57E-09,10066.51471,1.12E-07,2.14E-09,3.70E-18,4.98E-07,54.20930525,20.9977345,0.476545697
1.42E-05,0.786295632,0.07711702,9.72E-10,11927.29136,3.90E-07,8.73E-10,3.48E-18,2.72E-07,25.56899276,1.85211586,0.005098738
7.39E-05,0.655478045,0.042926662,2.69E-09,37972.14658,1.34E-08,1.62E-09,3.46E-18,6.30E-07,60.12689679,23.55794954,0.51980725
4.41E-05,0.518374442,0.025360788,4.92E-09,18748.30346,2.62E-07,1.78E-09,2.27E-18,9.35E-07,51.68624275,19.72361921,0.337141826
7.67E-05,0.83109018,0.058422439,2.97E-09,7054.85021,3.40E-07,2.64E-09,3.95E-18,4.48E-07,46.56704948,17.01463533,0.446453592
1.81E-05,0.572538774,0.036583584,1.77E-09,7641.890291,2.69E-07,5.14E-10,2.08E-18,7.84E-07,25.60944118,1.661153236,0.382330308
9.57E-05,0.840281201,0.058988241,3.85E-09,41166.07799,2.83E-07,2.25E-09,1.64E-18,3.96E-07,55.16526198,21.25502986,0.606186453
7.29E-05,0.652872054,0.076171485,2.58E-09,17756.92894,1.61E-07,6.20E-10,2.08E-18,3.69E-07,49.80796322,18.41638737,0.43140977
7.81E-05,0.524745379,0.016374389,3.80E-09,8037.359484,3.18E-07,2.10E-09,1.41E-18,4.97E-07,78.32350732,31.03676494,0.658615479
6.17E-05,0.521555817,0.073853092,2.38E-09,22196.88623,8.94E-08,1.50E-09,3.26E-18,5.95E-07,45.87692788,16.36965046,0.355050265
7.92E-05,0.546387857,0.015252821,1.32E-09,38984.35952,3.19E-07,4.26E-10,2.34E-18,6.67E-07,93.57619358,35.73705264,1.629111172
2.79E-05,0.513956122,0.073169279,2.78E-09,37781.36848,1.19E-07,2.35E-09,3.69E-18,6.53E-07,28.4369311,5.478837669,0.108203133
5.74E-05,0.540244052,0.079942697,4.58E-09,38043.24581,8.18E-08,2.12E-09,1.25E-18,5.71E-07,42.57814473,14.43212005,0.309764614
7.54E-05,0.648380348,0.045081912,3.81E-09,37199.94838,2.16E-07,1.88E-09,1.66E-18,6.71E-07,58.78970588,23.0039763,0.51364597
7.69E-05,0.692151847,0.076073137,1.12E-09,29774.82005,3.33E-07,1.01E-09,1.40E-18,8.04E-07,61.69583262,23.53872368,0.608573826
2.48E-05,0.656467579,0.025031943,4.56E-09,42148.0533,3.59E-07,2.13E-09,3.16E-18,2.74E-07,27.67987139,4.942543287,0.1349374
9.74E-05,0.507453057,0.055535359,8.80E-10,47483.15206,3.69E-07,1.77E-09,1.89E-18,4.36E-07,89.30147458,32.93047602,1.344660995
5.56E-05,0.905590754,0.010519052,1.22E-09,24832.58037,1.51E-08,9.16E-10,1.28E-18,8.46E-07,77.15372419,30.48484346,1.840792327
3.71E-05,0.788876033,0.071971327,2.54E-09,11526.34766,6.94E-08,6.16E-10,1.11E-18,4.05E-07,34.28661572,8.972069576,0.189156937
7.50E-05,0.629775942,0.064246365,1.95E-09,12944.46062,5.25E-08,2.38E-09,3.09E-18,7.83E-07,51.28303203,19.15825308,0.461110385
7.76E-05,0.889140729,0.016990806,2.91E-09,15863.69291,5.43E-08,9.75E-10,1.06E-18,8.34E-07,69.56449511,27.52828675,0.615330801
8.95E-05,0.802389271,0.039334135,3.96E-09,13517.70687,3.91E-07,2.54E-09,2.53E-18,6.86E-07,60.32247423,23.86118171,0.607476985
6.44E-05,0.602174492,0.057464961,2.46E-09,20776.87936,1.47E-07,2.80E-09,1.61E-18,8.18E-07,52.90628915,19.92028516,0.427275316
8.93E-05,0.761188604,0.078430923,4.69E-09,46006.76246,2.04E-07,7.94E-10,2.68E-18,8.67E-07,46.86486842,17.10025845,0.515951484
6.80E-05,0.571729527,0.050306472,4.23E-09,42080.72529,2.39E-07,4.90E-10,1.36E-18,5.76E-07,59.76714676,23.37105986,0.466344248
8.85E-05,0.6834503,0.029158879,1.20E-09,14698.93866,1.65E-07,2.56E-09,3.74E-18,7.05E-07,73.75243289,28.89303621,0.696099699
9.30E-05,0.503896933,0.074190239,7.44E-10,48061.7927,8.45E-08,3.05E-10,1.07E-18,9.60E-07,144.7158667,45.87973983,1.661089811
3.94E-05,0.898023811,0.051504616,2.44E-09,9285.188588,2.60E-07,3.25E-10,1.22E-18,5.54E-07,32.90455532,7.958939145,0.155163458
6.87E-05,0.845133133,0.010268324,2.09E-09,33853.66448,3.50E-08,2.88E-09,1.93E-18,7.20E-07,68.1381561,27.00234125,0.727581835
2.62E-05,0.684615264,0.070284233,2.39E-09,19737.34368,2.63E-07,8.44E-10,2.30E-18,4.40E-07,25.14013635,2.458059081,0.064711302
7.96E-05,0.81005828,0.021177093,3.95E-09,40932.82787,3.49E-07,1.80E-09,1.54E-18,6.66E-07,66.86332222,26.62728919,0.598073011
5.92E-05,0.819888779,0.028291804,2.86E-09,28112.98839,2.57E-07,1.73E-09,2.73E-18,3.95E-07,51.2089658,19.43725074,0.394345398
8.22E-05,0.79591935,0.039883323,1.18E-09,27748.05735,2.29E-07,2.23E-09,2.81E-18,4.27E-07,65.4376102,25.62101648,0.615572722
5.39E-05,0.730311484,0.044400933,2.98E-09,37122.62406,3.30E-07,6.25E-10,1.25E-18,7.39E-07,49.5075507,18.31733378,0.335996784
2.38E-05,0.672523818,0.072539527,1.67E-09,39950.1886,2.11E-07,2.61E-09,3.82E-18,2.99E-07,23.76077116,1.444628472,0.050228638
6.75E-05,0.754055997,0.065228199,2.10E-09,25296.22057,1.23E-07,8.25E-10,1.54E-18,6.25E-07,53.11037849,19.86856597,0.44223124
6.27E-05,0.518922736,0.013132997,4.73E-09,24673.05306,6.74E-08,8.58E-10,2.52E-18,8.16E-07,71.39238936,28.49195411,0.56707078
9.24E-05,0.74260755,0.07555873,3.29E-09,41637.17834,2.68E-07,2.28E-09,2.15E-18,9.56E-07,47.80297528,17.47773227,0.537403128
1.30E-05,0.516095615,0.072791318,2.01E-09,40525.88663,3.61E-08,2.50E-09,3.45E-18,3.89E-07,24.21077249,1.003263049,0.074359038
5.82E-05,0.602559882,0.068089667,2.79E-09,11858.771,3.66E-07,1.76E-09,1.70E-18,6.02E-07,44.14823095,15.49890577,0.327544239
6.62E-05,0.502814264,0.026075277,4.72E-09,46866.39573,2.58E-07,2.06E-09,1.65E-18,8.59E-07,67.59786575,26.91604815,0.533025007
9.90E-05,0.543367586,0.053351866,6.85E-10,16688.62614,7.20E-08,2.07E-09,1.18E-18,2.68E-07,134.8579623,43.59110302,1.915297413
3.73E-05,0.735123603,0.074592159,8.38E-10,34271.23701,2.88E-07,6.43E-10,3.03E-18,5.62E-07,42.55668704,14.31971918,0.30505742
1.90E-05,0.666750421,0.068683278,8.65E-10,39610.21536,3.87E-07,2.42E-09,1.21E-18,3.38E-07,31.35815245,5.684694797,0.322470487
3.89E-05,0.661110118,0.078154809,4.08E-09,23858.46562,1.97E-07,2.85E-09,2.36E-18,9.43E-07,30.24905297,6.791073252,0.156386735
8.25E-05,0.632786748,0.032945795,1.31E-09,22662.35433,1.42E-07,2.67E-09,3.97E-18,7.89E-07,70.49938591,27.76643417,0.653557982
6.96E-05,0.704001727,0.014649038,3.67E-09,33168.71824,1.08E-07,1.90E-09,2.48E-18,4.56E-07,67.32758174,26.85515621,0.556392927
5.24E-05,0.766529919,0.072992773,3.75E-09,23634.67887,2.24E-07,7.23E-10,1.56E-18,8.77E-07,38.21110905,11.98604225,0.260742726
3.13E-05,0.537503296,0.069542773,1.79E-09,10716.32909,5.60E-08,1.24E-09,2.55E-18,5.11E-07,45.78109284,16.52423657,0.305891295
6.92E-05,0.848377431,0.075896167,4.70E-09,15197.03303,1.19E-08,2.58E-09,1.10E-18,7.36E-07,41.62464431,13.91653613,0.364496326
8.04E-05,0.77359331,0.015464748,4.11E-09,46691.19368,3.72E-07,2.24E-09,1.52E-18,7.91E-07,71.22632034,28.39680663,0.630453451
5.39E-05,0.597518097,0.047788887,3.88E-09,26285.14204,2.09E-08,2.48E-09,3.62E-18,3.90E-07,47.64571788,17.55871248,0.339733117
3.97E-05,0.717895327,0.065379023,4.61E-09,32751.32527,2.54E-07,1.02E-09,1.03E-18,4.31E-07,33.72638471,9.051194303,0.177913269
5.07E-05,0.825120462,0.014787255,1.97E-09,11989.02793,1.00E-07,1.16E-09,1.18E-18,4.79E-07,53.74063001,20.41430204,0.820432974
5.73E-05,0.64059257,0.04127414,3.53E-09,49915.21186,3.28E-07,2.32E-09,3.10E-18,5.85E-07,50.56522107,19.1125999,0.372047204
3.27E-05,0.563265499,0.028258651,3.90E-09,26971.58311,3.04E-07,1.15E-09,3.57E-18,9.97E-07,38.50652654,12.29897698,0.225858855
8.48E-05,0.716449005,0.061230399,3.07E-09,34781.6554,3.69E-07,1.65E-09,3.82E-18,3.85E-07,51.1377213,19.3941679,0.520587661
9.13E-05,0.784876344,0.019328182,2.40E-09,13909.01388,2.55E-07,9.79E-10,2.47E-18,6.38E-07,75.5138696,29.89469844,0.714539339
3.32E-05,0.510606859,0.047829872,1.48E-09,49439.88951,3.65E-07,7.05E-10,2.24E-18,9.88E-07,55.88210695,21.61027335,0.65128289
9.35E-05,0.828323786,0.058145838,4.88E-09,47024.04819,2.85E-07,2.03E-09,1.74E-18,9.41E-07,53.87285488,20.71327959,0.588523844
9.94E-05,0.660559892,0.057090857,4.74E-09,37152.12701,2.30E-08,1.52E-09,1.91E-18,4.18E-07,63.06972145,24.74251758,0.677449619
1.28E-05,0.693441831,0.06834438,1.19E-09,20468.53861,1.89E-07,2.53E-09,2.14E-18,6.46E-07,27.26856577,2.801204079,0.120881555
5.77E-05,0.537810602,0.044666123,2.05E-09,23109.1374,3.46E-07,1.86E-09,2.99E-18,4.29E-07,54.2018465,20.82511349,0.390941302
7.01E-05,0.706301792,0.071247527,4.04E-09,41401.99137,2.42E-07,2.29E-09,3.27E-18,6.34E-07,42.71281399,14.80095179,0.384488534
2.17E-05,0.839052181,0.048669167,4.31E-09,22112.09084,6.64E-08,2.52E-09,3.79E-18,9.13E-07,21.38380394,0.011264378,0.028525781
8.01E-05,0.885103005,0.024091705,1.56E-09,27842.86311,3.87E-07,2.63E-09,3.12E-18,9.86E-07,64.21494411,25.45336627,0.579647599
9.02E-05,0.719085714,0.043090268,3.94E-09,31029.56237,8.40E-08,9.75E-10,2.61E-18,3.63E-07,63.66511731,25.1883011,0.630811431
2.13E-05,0.877013585,0.052801918,7.14E-10,28425.14874,3.32E-07,1.06E-09,2.46E-18,4.89E-07,30.98923795,5.716656061,0.273090408
2.56E-05,0.765789103,0.038987654,2.37E-09,31537.1252,2.49E-07,1.68E-09,3.68E-18,5.14E-07,24.43457029,2.31272283,0.085082663
9.50E-05,0.898487214,0.064042846,3.10E-09,17874.50708,2.82E-07,2.20E-09,1.09E-18,3.62E-07,54.19147452,20.5472536,0.586071891
7.31E-05,0.651577356,0.067372622,4.24E-09,29483.52969,2.66E-07,9.67E-10,2.48E-18,2.60E-07,48.23629982,17.85463405,0.434318865
9.92E-05,0.643092967,0.05980328,3.54E-09,46936.09606,1.79E-07,2.93E-09,2.57E-18,7.67E-07,58.27120199,22.74254097,0.651068739
3.64E-05,0.569392125,0.011636986,4.22E-09,13840.94162,3.85E-07,1.99E-09,3.77E-18,7.86E-07,46.16810352,16.80420941,0.292380946
7.44E-05,0.747343782,0.027067357,2.33E-09,40760.5959,1.15E-07,6.22E-10,2.78E-18,8.99E-07,66.13088063,26.24286276,0.569668772
9.98E-05,0.549030192,0.077857273,8.00E-10,46742.32232,2.48E-07,1.68E-09,3.40E-18,6.25E-07,72.77048674,27.23313627,0.886465963
4.39E-05,0.577781421,0.022187501,4.51E-09,21419.1562,1.79E-07,8.82E-10,1.05E-18,5.68E-07,51.82038584,19.68842426,0.348165129
3.39E-05,0.614052102,0.022271874,1.89E-09,41434.16421,1.51E-07,1.17E-09,1.93E-18,3.76E-07,44.2588249,15.42861586,0.858812861
4.02E-05,0.764478483,0.055243793,2.50E-09,39318.00556,1.37E-07,2.27E-09,1.32E-18,2.78E-07,36.82262622,10.79389631,0.197569079
7.63E-05,0.722941519,0.032467156,6.53E-10,46325.95677,1.66E-08,2.46E-09,1.72E-18,3.50E-07,113.1958598,40.88375938,2.187040403
4.24E-05,0.785684126,0.027019564,2.89E-09,29646.81357,1.61E-07,4.73E-10,3.59E-18,6.71E-07,39.68167819,12.98331895,0.266025067
6.98E-05,0.504523126,0.031694084,2.04E-09,36203.02462,2.70E-07,1.32E-09,1.92E-18,5.21E-07,74.03369377,29.08735462,1.047508294
9.14E-05,0.534596222,0.038293685,1.62E-09,10493.75313,3.47E-07,5.81E-10,3.85E-18,5.64E-07,75.33750064,29.55155926,0.711528531
1.77E-05,0.88382756,0.032366383,2.45E-09,48965.51657,1.25E-07,2.25E-09,3.24E-18,7.37E-07,22.58141455,0.294229468,0.035170567
1.53E-05,0.789039103,0.053668351,2.14E-09,29308.02975,2.93E-07,4.78E-10,3.73E-18,8.41E-07,22.99292559,0.51557279,0.013085517
7.71E-05,0.796879988,0.067592952,4.73E-09,45550.29405,8.02E-08,3.88E-10,2.31E-18,4.25E-07,49.85322096,18.67285212,0.462200537
8.89E-05,0.547083263,0.052251612,7.66E-10,45180.41618,3.57E-07,1.31E-09,3.41E-18,4.94E-07,79.453274,30.318492,1.205946286
6.36E-05,0.506145484,0.019014165,1.47E-09,32348.47515,2.46E-07,1.29E-09,2.20E-18,3.04E-07,79.93668627,31.33860401,1.444665228
1.10E-05,0.678559503,0.047397303,1.25E-09,46824.89575,1.47E-07,2.26E-09,3.18E-18,5.98E-07,26.52145728,2.09699159,0.239809623
6.21E-05,0.562160639,0.017328031,2.23E-09,23718.39749,1.58E-08,1.14E-09,1.08E-18,3.26E-07,99.31397268,37.45350014,1.968493882
2.71E-05,0.749859276,0.034070868,2.01E-09,34626.11859,2.97E-08,1.69E-09,2.00E-18,4.96E-07,32.56374355,7.254141087,0.634402237
6.66E-05,0.843314407,0.050656324,4.84E-09,7882.434852,2.21E-07,4.65E-10,2.29E-18,6.82E-07,47.97250687,17.77023469,0.400059449
8.78E-05,0.563629349,0.059046143,1.37E-09,19196.69909,1.84E-07,2.35E-09,3.48E-18,5.65E-07,62.53423962,24.11145016,0.660369115
6.64E-05,0.745507142,0.056373474,1.80E-09,45506.05327,4.42E-09,2.46E-09,2.53E-18,9.68E-07,58.76969844,22.60139346,0.979495558
1.92E-05,0.590911936,0.014095198,1.51E-09,7842.993282,9.78E-08,1.47E-09,2.07E-18,8.05E-07,33.89418326,8.023167836,1.083832953
4.91E-05,0.799573019,0.038373335,2.63E-09,33822.85553,2.19E-07,2.85E-09,2.89E-18,6.47E-07,42.36013877,14.57435054,0.285111415
5.18E-05,0.806958843,0.010582617,1.19E-09,36354.8483,3.97E-07,4.57E-10,3.64E-18,4.72E-07,53.27161097,20.2701354,0.412326072
5.60E-05,0.673163753,0.072635737,1.78E-09,31081.46601,5.73E-08,3.20E-10,2.03E-18,6.43E-07,53.06707276,19.96256102,0.515615501
8.00E-05,0.78660565,0.025948135,9.63E-10,48635.7318,1.78E-07,5.04E-10,2.85E-18,4.86E-07,79.19058245,30.96845664,1.307136254
3.35E-05,0.821053311,0.03729827,4.95E-09,17984.3479,4.94E-08,2.44E-09,3.10E-18,3.88E-07,29.85514473,6.516760946,0.150401965
2.44E-05,0.566289517,0.060586574,3.39E-09,27058.32116,4.47E-08,8.68E-10,2.46E-18,7.52E-07,26.67985355,3.843597902,0.091332293
5.68E-05,0.749635141,0.040329107,3.39E-09,39124.24871,3.51E-07,1.19E-09,2.56E-18,4.81E-07,48.18534967,17.84257782,0.354138138
1.33E-05,0.657496742,0.048561725,8.86E-10,14562.15607,2.39E-08,2.30E-09,2.51E-18,9.22E-07,33.07710785,5.577921175,1.055459603
1.64E-05,0.581810253,0.062210829,4.62E-09,32447.127,9.30E-08,3.61E-10,2.61E-18,6.17E-07,22.31628084,0.25721446,0.020826805
8.34E-05,0.573828892,0.021927401,4.16E-09,34725.10295,2.30E-07,2.59E-09,1.20E-18,8.74E-07,77.15903666,30.46997681,0.684603058
4.93E-05,0.752161159,0.052531479,4.46E-09,12493.67776,2.33E-07,2.11E-09,3.88E-18,6.55E-07,39.17571847,12.71717697,0.260598248
3.57E-05,0.612980901,0.048412877,1.76E-09,42264.94307,2.86E-07,1.65E-09,1.22E-18,4.20E-07,48.53936373,17.82721394,0.550959291
8.76E-05,0.852467344,0.065017349,6.62E-10,45682.06266,2.02E-07,1.60E-09,2.90E-18,9.34E-07,67.34683281,25.93782504,0.835605379
7.82E-05,0.855338609,0.04942799,4.84E-09,21089.4671,3.42E-07,1.04E-09,1.76E-18,9.24E-07,52.12874576,19.91205555,0.490568109
1.75E-05,0.805267361,0.024456776,9.53E-10,29029.34954,2.91E-07,2.36E-09,1.51E-18,3.28E-07,30.61783576,5.234601877,0.70369711
7.22E-05,0.611913103,0.054055492,4.37E-09,41991.8665,4.56E-08,8.79E-10,2.86E-18,9.16E-07,54.92553411,21.22807426,0.473437755
1.73E-05,0.542084072,0.037173836,9.39E-10,14297.99126,1.09E-07,3.00E-09,3.02E-18,4.28E-07,30.27877431,4.68211049,0.916709893
5.43E-05,0.865380182,0.071556488,8.18E-10,13808.38075,3.39E-07,1.22E-09,3.42E-18,2.93E-07,40.86656347,13.199056,0.274716322
7.16E-05,0.860920398,0.045287548,2.51E-09,28030.32525,1.38E-07,5.18E-10,3.64E-18,3.78E-07,52.74945863,20.18130449,0.455930001
6.95E-05,0.523261406,0.056763641,2.50E-09,9846.625144,4.00E-07,1.13E-09,2.84E-18,8.13E-07,54.11233154,20.84179925,0.449624954
6.09E-05,0.787018424,0.027734205,4.63E-09,24171.15542,3.88E-07,9.49E-10,3.33E-18,4.02E-07,53.01478706,20.40963679,0.416016199
6.67E-05,0.722350149,0.07493023,1.57E-09,11629.98424,1.54E-07,2.45E-09,2.35E-18,6.93E-07,44.98839889,15.71048885,0.369169294
4.96E-05,0.551387244,0.049621541,4.90E-09,6377.320073,1.14E-07,2.31E-09,1.27E-18,6.21E-07,46.16774739,16.75280206,0.304671126
6.10E-05,0.741062498,0.03874424,9.85E-10,19117.10583,1.23E-07,2.48E-09,3.81E-18,9.20E-07,56.40248565,21.68238236,0.659349793
1.70E-05,0.641568852,0.04598914,1.08E-09,49854.9538,1.55E-07,2.18E-09,2.08E-18,3.29E-07,30.80069733,4.505603146,0.691888101
2.87E-05,0.69522396,0.032899607,3.90E-09,47964.70033,2.70E-07,6.88E-10,3.49E-18,8.28E-07,28.8254351,5.77006836,0.145177535
3.58E-05,0.835983022,0.05684929,3.89E-09,29238.0777,3.57E-07,1.88E-09,2.58E-18,5.49E-07,28.34051388,5.42282071,0.135172034
2.61E-05,0.903658409,0.050995709,2.80E-09,41015.89111,3.93E-08,2.14E-09,3.78E-18,7.70E-07,22.48157186,0.74783891,0.045501449
7.88E-05,0.715353962,0.02644281,3.27E-09,35622.86015,1.73E-07,2.67E-09,3.16E-18,3.76E-07,65.55045347,26.12206457,0.583056859
4.50E-05,0.569735085,0.013313086,1.40E-09,34543.39117,2.51E-07,2.53E-09,3.34E-18,3.01E-07,57.74092059,22.52819155,0.800219421
8.10E-05,0.688897576,0.042813047,2.86E-09,16044.76312,3.88E-07,1.06E-09,2.21E-18,2.82E-07,61.08889947,24.09887468,0.558286451
3.70E-05,0.666341452,0.066207438,4.59E-09,18851.6374,1.79E-08,8.53E-10,3.38E-18,4.37E-07,31.93903269,7.968135663,0.16307809
4.15E-05,0.578892231,0.062461343,3.16E-09,38461.18156,1.75E-07,1.10E-09,1.85E-18,4.20E-07,39.57982171,12.78379924,0.221402878
7.17E-05,0.528813762,0.061569129,2.42E-09,47457.20401,2.94E-07,2.04E-09,2.38E-18,5.92E-07,54.49718317,20.76049908,0.458754754
1.71E-05,0.689658921,0.046757275,2.76E-09,44615.65153,3.12E-07,5.78E-10,2.18E-18,5.12E-07,23.75334503,0.851432149,0.029042743
8.42E-05,0.810592416,0.051334291,2.72E-09,6196.555597,1.49E-07,2.08E-09,2.50E-18,6.63E-07,53.44490497,20.54518681,0.531327372
4.37E-05,0.884198829,0.040132556,3.35E-09,25452.86085,1.07E-07,1.80E-09,1.94E-18,4.90E-07,35.85600327,10.54554024,0.223425278
9.02E-05,0.892740039,0.044081026,3.56E-09,48166.2555,3.66E-07,2.13E-09,2.28E-18,9.28E-07,57.63950821,22.53783442,0.596216335
4.73E-05,0.575644907,0.019546668,3.25E-09,21143.66773,6.43E-08,4.82E-10,3.31E-18,7.66E-07,54.77430432,21.23401478,0.399554198
1.18E-05,0.781795509,0.025846334,2.49E-09,23693.94755,2.45E-07,9.40E-10,2.24E-18,2.56E-07,23.34532225,0.661656389,0.051173368
3.67E-05,0.8442272,0.050120784,4.23E-09,26835.58415,1.84E-07,1.59E-09,3.73E-18,9.81E-07,29.53605275,6.293343262,0.150674573
4.14E-05,0.646067234,0.079443885,1.29E-09,29677.65052,1.52E-07,1.58E-09,3.91E-18,4.55E-07,35.28376879,9.862763671,0.192456757
2.19E-05,0.738954656,0.024904478,4.53E-09,33064.5147,2.20E-07,2.89E-09,1.75E-18,5.30E-07,23.29975407,1.439642275,0.086814726
2.76E-05,0.539335386,0.059976701,2.88E-09,23330.88669,3.98E-07,4.94E-10,3.72E-18,5.73E-07,29.75118392,6.43103726,0.120866484
6.18E-05,0.639097631,0.053798136,9.42E-10,17433.41771,5.01E-08,9.90E-10,3.85E-18,9.58E-07,60.98286656,23.61596926,0.999265817
2.64E-05,0.637653614,0.023003296,1.38E-09,26722.27604,6.11E-08,2.17E-09,1.93E-18,3.42E-07,45.16607098,15.3492588,1.227016252
9.95E-05,0.559844079,0.017049552,3.63E-09,7023.99664,2.42E-07,1.67E-09,3.33E-18,5.47E-07,88.22677401,34.2421963,0.842729892
4.26E-05,0.711727375,0.068498617,3.84E-09,11042.49278,3.19E-07,1.67E-09,3.52E-18,8.33E-07,33.00539235,8.714372178,0.190387112
7.01E-05,0.731378103,0.04804812,4.37E-09,35377.83598,1.80E-07,1.74E-09,1.72E-18,4.09E-07,52.50485973,20.03918557,0.444399421
8.99E-05,0.68289844,0.032232507,1.88E-09,33992.77787,1.86E-08,8.30E-10,2.58E-18,6.03E-07,82.68917388,31.97319954,1.479296923
9.34E-05,0.701674987,0.06343013,4.88E-09,31198.45214,2.75E-08,4.40E-10,3.85E-18,7.15E-07,57.62129056,22.54689871,0.608461176
2.83E-05,0.643764315,0.063623253,1.58E-09,30828.72003,3.94E-07,2.57E-09,3.89E-18,9.47E-07,27.31353473,4.587477405,0.102144576
6.47E-05,0.777465904,0.057020731,4.74E-09,23505.38789,1.58E-07,1.84E-09,1.07E-18,2.61E-07,46.69968289,16.93464733,0.376294955
9.20E-05,0.79507906,0.072292647,3.17E-09,29529.00229,2.35E-07,2.10E-09,1.68E-18,6.90E-07,49.59807647,18.3386093,0.54397166
4.63E-05,0.727509354,0.016730949,4.21E-09,35712.22309,3.13E-07,1.02E-09,2.11E-18,6.41E-07,47.85485976,17.69751239,0.336029644
4.79E-05,0.8406693,0.010963957,4.58E-09,31754.04135,2.23E-07,9.88E-10,3.65E-18,7.04E-07,45.90271976,16.647908,0.346478196
8.58E-05,0.600500659,0.063366512,1.31E-09,38803.08572,1.39E-07,8.08E-10,2.55E-18,2.54E-07,69.7798629,26.93652335,0.86301581
7.65E-05,0.81374761,0.015203443,1.03E-09,38298.69089,3.29E-07,1.57E-09,1.53E-18,9.32E-07,79.16674889,31.03794806,1.250078294
6.79E-05,0.536914941,0.034215193,1.42E-09,37677.92553,3.99E-07,2.27E-09,1.72E-18,8.77E-07,73.4207512,28.72474656,1.108840523
3.30E-05,0.712884251,0.07896979,3.33E-09,46374.77243,2.03E-10,1.88E-09,1.85E-18,4.92E-07,33.25073301,8.071307008,0.369267931
1.12E-05,0.613878681,0.059419459,2.64E-09,17076.37401,2.45E-08,2.12E-09,1.70E-18,9.99E-07,25.5306268,1.530546984,0.193624164
5.58E-05,0.564632076,0.05156643,4.68E-09,43831.64136,2.80E-07,1.50E-09,3.58E-18,4.23E-07,48.19934623,17.88380521,0.346998653
6.14E-05,0.762505876,0.018743037,2.58E-09,18371.53741,2.67E-08,1.19E-09,2.49E-18,4.71E-07,59.47348498,23.38156861,0.475079784
7.64E-05,0.826926139,0.02030329,4.98E-09,39504.19744,2.86E-07,1.24E-09,2.17E-18,4.26E-07,63.86104512,25.43429466,0.572139312
2.61E-05,0.901529259,0.030474341,2.60E-09,11061.48515,2.17E-08,1.12E-09,3.66E-18,6.09E-07,22.80790552,1.00798336,0.070609019
7.14E-05,0.888340232,0.066749611,1.74E-09,44101.21616,1.01E-07,2.34E-09,2.75E-18,9.76E-07,46.13739792,16.40898736,0.399668691
4.25E-05,0.545837646,0.073378742,2.14E-09,31666.10559,3.11E-07,2.15E-09,3.13E-18,7.54E-07,36.65726592,11.03081763,0.209919655
1.48E-05,0.527233001,0.071129568,3.31E-09,6492.629482,3.40E-07,2.19E-09,3.17E-18,5.79E-07,21.36830823,0.007062388,0.014872801
9.85E-05,0.551059681,0.066945919,9.77E-10,43058.46428,2.91E-07,1.33E-09,3.36E-18,3.03E-07,74.14193046,28.06485622,0.899011169
4.11E-05,0.501055216,0.019517356,2.48E-09,41554.85492,3.36E-07,2.17E-09,2.92E-18,9.51E-07,52.54466272,20.12426996,0.35205044
1.16E-05,0.641339986,0.01416691,2.36E-09,40852.65408,1.95E-07,2.32E-09,3.96E-18,9.67E-07,21.92989029,0.112912466,0.095133537
4.88E-05,0.879857332,0.067487949,4.87E-09,44467.48012,8.76E-08,3.73E-10,2.35E-18,4.91E-07,34.52133516,9.670629458,0.224368985
3.86E-05,0.683706295,0.071005247,2.35E-09,21807.10796,2.32E-07,9.21E-10,1.21E-18,2.56E-07,36.13307579,10.2961356,0.189071912
4.59E-05,0.649695271,0.069418695,1.99E-09,22403.6803,3.90E-07,2.81E-09,3.71E-18,9.02E-07,36.05924854,10.68910708,0.223858948
8.45E-05,0.826339178,0.039525459,2.87E-09,33359.88183,4.70E-08,1.07E-09,3.26E-18,3.42E-07,60.78603563,23.93349626,0.580988904
5.63E-05,0.582272781,0.029005078,3.77E-09,33431.3921,9.99E-08,2.65E-09,1.03E-18,9.48E-07,61.21007272,23.98689316,0.660630915
1.19E-05,0.503073009,0.079340451,2.23E-09,31984.7201,2.73E-07,6.35E-10,1.41E-18,6.49E-07,27.24155172,2.761788761,0.072212518
8.24E-05,0.541197311,0.037885088,6.37E-10,11300.885,2.45E-07,3.30E-10,2.87E-18,3.14E-07,114.5014434,40.79093184,1.752615318
9.31E-05,0.894672796,0.025219682,4.08E-09,8335.4886,1.26E-07,3.51E-10,3.97E-18,9.63E-07,69.89331948,27.91124657,0.700779315
1.55E-05,0.77894555,0.049517982,3.99E-09,21898.80552,2.21E-07,2.24E-09,1.87E-18,4.21E-07,21.84380383,0.08898225,0.012414306
2.52E-05,0.764947373,0.057946179,1.34E-09,38764.19059,2.88E-07,2.45E-09,1.90E-18,3.09E-07,28.46411536,4.301581337,0.138774745
6.23E-05,0.861387076,0.016560358,3.29E-09,42224.48759,3.10E-07,1.53E-09,3.11E-18,4.82E-07,55.55524096,21.63814797,0.455070673
9.17E-05,0.815326478,0.067806322,1.34E-09,22368.5098,8.15E-08,2.52E-09,3.32E-18,2.63E-07,55.01829576,20.7555061,0.566829291
4.60E-05,0.866220017,0.05505635,3.59E-09,24702.82045,9.74E-08,1.16E-09,3.65E-18,2.88E-07,34.35997565,9.603166511,0.218152753
5.13E-05,0.882823588,0.074267304,3.14E-09,46492.44701,5.90E-08,2.65E-09,1.52E-18,9.70E-07,35.16461649,9.855114464,0.229871888
9.05E-05,0.663606734,0.027162524,3.54E-09,17662.59245,8.07E-08,2.25E-09,2.44E-18,7.43E-07,72.74143354,28.87654017,0.698470069
6.29E-05,0.783167914,0.061527225,2.30E-09,47254.80625,2.49E-07,2.68E-09,3.55E-18,6.97E-07,43.0482468,14.92413595,0.347814152
7.75E-05,0.856812947,0.036353042,1.03E-09,43481.9534,2.56E-07,3.42E-10,2.06E-18,8.65E-07,71.47156557,28.0202001,0.922765539
2.68E-05,0.681331379,0.04795804,4.44E-09,10653.89251,9.71E-08,1.57E-09,2.80E-18,4.17E-07,26.22381241,3.844474614,0.097718251
3.49E-05,0.709839953,0.026922665,7.25E-10,7150.62777,5.64E-08,1.13E-09,3.89E-18,8.36E-07,50.44508929,18.76857534,1.31518734
9.61E-05,0.529524245,0.053627148,4.34E-09,19264.99866,2.82E-07,1.56E-09,2.28E-18,6.67E-07,63.2062651,25.04254612,0.66537035
2.01E-05,0.87427258,0.069333837,4.40E-09,26076.9353,1.64E-07,2.93E-09,2.19E-18,9.16E-07,21.48102175,0.044270182,0.006559383
5.27E-05,0.899128346,0.04628991,2.41E-09,16133.29409,1.10E-07,2.00E-09,1.28E-18,7.08E-07,42.83218019,14.57235739,0.288469154
8.93E-05,0.559163704,0.03383633,1.55E-09,12824.45064,1.17E-07,2.74E-09,3.03E-18,8.41E-07,76.5806461,29.75325804,0.985039614
7.77E-05,0.674806615,0.030332,1.14E-09,34903.56773,2.90E-08,2.99E-09,3.08E-18,8.35E-07,79.97029959,31.21803005,1.587569087
2.55E-05,0.780059011,0.045386845,4.36E-09,34351.67693,2.38E-07,2.27E-09,1.39E-18,5.83E-07,24.2825802,2.032479143,0.071233405
3.22E-05,0.712317487,0.071508914,3.20E-09,17291.31964,3.39E-08,2.78E-09,3.74E-18,6.13E-07,26.82060189,4.285780925,0.108076173
7.43E-05,0.872830758,0.075352602,4.50E-09,48450.64279,2.90E-07,2.77E-09,2.65E-18,6.51E-07,39.47037428,12.86771565,0.383914777
8.62E-05,0.714172363,0.077931473,1.29E-09,34985.09153,3.06E-07,6.64E-10,1.10E-18,9.94E-07,66.19477457,25.36175708,0.654698619
2.46E-05,0.751784084,0.050809733,1.64E-09,6746.708325,3.93E-07,1.81E-09,1.47E-18,7.93E-07,26.23046068,2.991349194,0.075460515
7.33E-05,0.771761647,0.042803832,1.61E-09,35991.78126,2.26E-07,1.91E-09,2.58E-18,3.85E-07,58.78405086,22.84327219,0.492946458
1.80E-05,0.881600632,0.030669483,4.93E-09,30432.23898,1.77E-07,1.97E-09,3.88E-18,5.34E-07,21.37382229,0.007084085,0.036720072
7.09E-05,0.798452579,0.033036246,3.93E-09,38363.42978,3.05E-07,3.07E-10,1.44E-18,9.81E-07,60.39250375,23.77392546,0.502592407
4.89E-05,0.845919494,0.074698544,3.48E-09,31260.02022,2.98E-07,1.97E-09,3.76E-18,3.21E-07,32.03258172,8.03336339,0.209730214
8.96E-05,0.596753096,0.012271058,4.70E-09,40197.54828,1.96E-07,2.45E-09,3.22E-18,3.79E-07,82.73644793,32.56719301,0.769097882
4.99E-05,0.746479045,0.073005196,1.43E-09,16592.29118,1.64E-07,2.03E-09,3.77E-18,9.89E-07,36.54532142,10.88698934,0.240143762
3.32E-05,0.622890895,0.050015234,4.01E-09,35677.60517,1.87E-07,1.61E-09,3.06E-18,5.90E-07,32.94855061,8.67343653,0.163389647
5.00E-05,0.667128309,0.051168052,4.63E-09,42742.85913,2.18E-07,2.01E-09,3.49E-18,5.23E-07,42.34783438,14.59897215,0.283005468
7.49E-05,0.797181917,0.044035088,2.37E-09,35553.01014,2.75E-07,1.89E-09,1.01E-18,4.30E-07,61.1781716,23.77748483,0.506341721
1.63E-05,0.822041084,0.07031121,3.86E-09,45942.64194,2.39E-07,1.71E-09,3.26E-18,6.10E-07,21.58401378,0.049755521,0.003924832
8.98E-05,0.684774846,0.0214816,2.94E-09,39758.95268,2.47E-07,4.67E-10,3.71E-18,8.79E-07,77.24198902,30.58672997,0.733940349
2.50E-05,0.804432626,0.04701749,2.35E-09,6259.781584,4.81E-08,3.84E-10,1.23E-18,4.39E-07,28.70864302,4.203495594,0.322541975
8.20E-05,0.54267767,0.051244178,9.99E-10,35527.73586,7.36E-08,6.45E-10,1.49E-18,8.81E-07,117.1037923,41.24056922,1.726087589
8.40E-05,0.593417847,0.064840279,4.16E-09,36514.47983,1.86E-07,7.44E-10,3.35E-18,4.57E-07,53.81014538,20.72570515,0.532502799
8.65E-05,0.777030305,0.031954429,2.02E-09,23993.80294,7.51E-08,7.47E-10,1.67E-18,4.65E-07,75.5775915,29.65250904,0.9874368
1.45E-05,0.704649484,0.030869027,1.41E-09,7417.95771,2.37E-07,5.34E-10,1.29E-18,5.31E-07,29.38817207,4.258522942,0.629624184
2.52E-05,0.548784735,0.01208745,2.85E-09,31944.83908,3.65E-07,2.22E-09,1.32E-18,7.27E-07,35.28053803,9.908956349,0.335705999
3.08E-05,0.862760207,0.063711307,4.66E-09,42816.87877,3.53E-07,1.30E-09,3.04E-18,7.30E-07,23.91712266,2.059245101,0.075372804
2.23E-05,0.736144347,0.076671323,3.56E-09,43889.46471,1.57E-07,8.92E-10,2.37E-18,7.41E-07,22.69462081,0.377147443,0.01942815
8.02E-05,0.661890589,0.032108695,4.97E-09,16367.43139,1.42E-07,2.18E-09,2.21E-18,4.67E-07,64.4518155,25.67590365,0.580008404
5.99E-05,0.769003364,0.029330045,3.23E-09,17266.83638,3.58E-07,2.99E-09,1.30E-18,2.70E-07,53.76675563,20.67814186,0.401798197
2.14E-05,0.791758937,0.035791019,1.50E-09,34197.87998,1.17E-08,8.90E-10,3.86E-18,6.84E-07,26.86355685,2.571529901,0.556426856
9.06E-05,0.904622041,0.04249283,3.13E-09,24333.74107,1.39E-07,2.43E-09,2.19E-18,7.55E-07,58.65238062,22.95417134,0.603064364
6.31E-05,0.505353563,0.012711106,2.29E-09,31861.85517,4.73E-08,2.69E-09,2.20E-18,9.56E-07,81.11267996,31.88342778,1.550197162
7.56E-05,0.775655976,0.077218499,4.94E-09,40015.8048,1.66E-07,2.73E-09,1.27E-18,7.75E-07,42.29114895,14.4264435,0.407046288
9.59E-05,0.585155916,0.015128428,1.68E-09,49319.10924,2.76E-07,6.97E-10,1.89E-18,5.09E-07,100.235913,37.22677873,1.611102945
8.72E-05,0.807609295,0.039431395,3.76E-09,16519.50666,1.89E-07,4.50E-10,1.60E-18,6.44E-07,64.57427941,25.57110162,0.612328067
2.68E-05,0.727406129,0.066838698,4.43E-09,11425.83756,2.87E-07,6.58E-10,3.84E-18,9.65E-07,23.48889455,1.721237021,0.06138656
4.54E-05,0.500958709,0.053918488,3.78E-09,47581.86865,5.06E-08,2.77E-09,2.86E-18,2.77E-07,44.1031317,15.55690874,0.274764612
5.31E-05,0.902111248,0.05956456,4.71E-09,48773.52658,3.79E-07,2.40E-09,1.69E-18,3.97E-07,36.42412566,10.93978709,0.260894101
5.31E-05,0.522415202,0.069810846,4.34E-09,9492.682987,2.37E-07,2.94E-09,3.19E-18,6.33E-07,40.50212777,13.51742157,0.284416398
4.09E-05,0.83953823,0.048838784,2.82E-09,8819.029252,3.73E-07,6.59E-10,2.89E-18,8.20E-07,32.75821145,8.531376184,0.18761215
4.05E-05,0.513507355,0.07630313,2.92E-09,34444.92464,8.34E-08,1.11E-09,3.19E-18,3.47E-07,36.5980349,10.99187473,0.200091969
8.29E-05,0.528260023,0.039986962,3.34E-09,48540.85797,3.48E-07,1.80E-09,3.35E-18,9.54E-07,65.53299236,26.07319123,0.608011546
5.42E-05,0.692944064,0.051743407,1.99E-09,44024.53543,2.85E-08,2.76E-09,1.90E-18,9.29E-07,52.43325021,19.57249553,0.711233894
8.38E-05,0.679396404,0.049199515,2.41E-09,49560.53683,2.83E-07,8.33E-10,2.94E-18,7.53E-07,61.52851376,24.1798446,0.573863904
8.05E-05,0.602805897,0.035829748,1.98E-09,28363.85042,3.20E-08,3.21E-10,2.79E-18,6.59E-07,79.47926937,31.09737886,1.322894848
5.29E-05,0.739678113,0.018328419,1.01E-09,42357.36428,2.34E-07,7.04E-10,1.98E-18,7.56E-07,65.4743364,25.72239888,1.250352762
2.21E-05,0.754939912,0.024259105,1.87E-09,20592.172,9.62E-08,1.61E-09,2.96E-18,6.62E-07,24.23265754,1.584086232,0.095321697
2.78E-05,0.552032419,0.015813323,2.53E-09,44593.4889,3.68E-08,4.87E-10,3.89E-18,7.06E-07,36.27948959,10.65498523,0.333577345
2.81E-05,0.644650004,0.042610494,3.15E-09,17619.87682,3.44E-07,2.09E-09,1.15E-18,9.80E-07,30.40678299,6.712811042,0.13328626
5.71E-05,0.647791948,0.020471582,1.72E-09,38076.20406,9.37E-08,1.44E-09,2.41E-18,3.12E-07,64.95949181,25.61214021,1.081466219
5.96E-05,0.865243865,0.078581182,1.84E-09,36740.80196,2.63E-07,1.31E-09,1.31E-18,6.19E-07,43.02403938,14.39047446,0.298771341
4.44E-05,0.746152307,0.060555622,2.68E-09,36452.99922,2.38E-07,1.37E-09,1.46E-18,6.55E-07,37.98641594,11.6707946,0.220029536
8.87E-05,0.707125314,0.021552004,3.52E-09,8384.169947,4.46E-08,2.97E-09,3.81E-18,9.25E-07,72.90045946,29.05518607,0.678326274
7.06E-05,0.896043214,0.017726147,2.82E-09,8487.937238,3.14E-07,7.84E-10,3.67E-18,3.97E-07,58.95242143,23.26576643,0.512231021
2.94E-05,0.516833604,0.077675106,2.79E-09,49832.33157,2.04E-08,2.11E-09,2.75E-18,6.72E-07,36.40515967,10.91939808,0.178948874
4.43E-05,0.843528271,0.01973467,3.91E-09,46542.82912,2.25E-09,2.30E-09,2.08E-18,5.94E-07,42.99366741,14.83674333,0.307130425
5.69E-05,0.877918849,0.033749033,1.72E-09,37917.62954,3.21E-07,2.06E-09,2.17E-18,9.22E-07,48.86926718,18.02526652,0.355612138
7.76E-05,0.507788875,0.053249968,2.83E-09,10804.36056,1.01E-08,1.76E-09,1.98E-18,5.58E-07,65.72549528,25.6489454,0.913457869
6.04E-05,0.726426139,0.034531184,2.31E-09,30705.66512,2.72E-07,6.02E-10,2.71E-18,7.87E-07,54.92972893,21.23090026,0.417479385
6.05E-05,0.753118287,0.052272221,3.57E-09,29913.98517,9.61E-08,1.55E-09,2.87E-18,3.60E-07,45.90747866,16.58533783,0.355108955
6.50E-05,0.779765304,0.031321097,1.37E-09,26596.78295,2.79E-08,8.48E-10,3.15E-18,3.49E-07,63.8034992,25.01243778,1.136226817
1.04E-05,0.655095804,0.02385625,2.59E-09,27802.10561,1.05E-07,2.01E-09,2.18E-18,7.60E-07,23.39907362,0.577284032,0.07413366
5.33E-05,0.617926377,0.059262245,8.54E-10,12146.91039,2.72E-07,1.98E-09,2.50E-18,6.74E-07,55.80995807,21.39606188,0.665047609
4.12E-05,0.544755024,0.012964801,1.22E-09,35851.78655,3.59E-07,2.97E-09,2.95E-18,5.33E-07,57.24660494,22.25764933,1.092525531
5.16E-05,0.876024023,0.045870103,2.16E-09,33570.19061,3.86E-07,2.60E-09,1.04E-18,2.75E-07,44.04877545,15.23913355,0.284305987
4.92E-05,0.699729455,0.016411493,1.63E-09,25738.56499,1.92E-07,2.74E-09,2.99E-18,4.46E-07,53.55195142,20.56362544,0.38251801
1.32E-05,0.52604348,0.011193727,1.70E-09,14445.01602,1.81E-07,1.69E-09,2.72E-18,8.02E-07,25.43318776,1.258057518,0.740589252
3.04E-05,0.872112815,0.050395065,2.71E-09,46110.8717,3.49E-07,1.09E-09,3.55E-18,3.37E-07,24.74119911,2.523459678,0.08558158
8.43E-05,0.582511768,0.038449625,3.35E-09,18074.96111,1.41E-07,1.44E-09,2.39E-18,3.15E-07,66.47658942,26.40439494,0.620466512
1.05E-05,0.694267696,0.064620452,9.21E-10,9440.721057,3.25E-07,2.84E-09,1.43E-18,7.23E-07,28.7766051,4.05890189,0.24102783
1.14E-05,0.849296767,0.013747087,6.27E-10,33931.92964,1.55E-07,2.02E-09,3.39E-18,5.70E-07,32.43855432,5.780178976,1.05471199
8.11E-05,0.841402283,0.015069962,2.73E-09,13657.94783,1.95E-08,2.66E-09,2.66E-18,8.17E-07,69.45554485,27.66474796,0.625670875
4.70E-05,0.669870926,0.016038795,1.09E-09,41831.86897,3.98E-07,6.72E-10,1.96E-18,4.60E-07,62.46404193,24.45368966,1.155178317
5.37E-05,0.628344118,0.04617878,4.91E-09,9053.211108,2.75E-07,1.17E-09,3.27E-18,8.07E-07,47.30899145,17.42878857,0.328063906
4.00E-05,0.711596251,0.013539198,3.80E-09,26185.15522,2.50E-07,1.70E-09,2.26E-18,8.66E-07,43.4755882,15.26711165,0.286711497
5.13E-05,0.525426851,0.060769572,3.83E-09,43386.81715,3.36E-07,1.86E-09,3.55E-18,6.00E-07,43.84614641,15.45098947,0.296474492
4.52E-05,0.608711164,0.033609483,7.76E-10,44878.42719,2.23E-07,2.07E-09,3.20E-18,3.52E-07,63.16283452,24.85030289,1.201329552
2.80E-05,0.622325667,0.069156446,3.62E-09,9128.839771,2.29E-07,1.63E-09,2.77E-18,7.79E-07,26.31060555,3.912388309,0.093501313
3.94E-05,0.853333789,0.057598767,4.83E-09,24782.90471,2.67E-07,7.92E-10,3.15E-18,2.51E-07,29.93906609,6.579662477,0.159983466
6.02E-05,0.770451748,0.032009049,2.85E-09,12658.84589,4.66E-08,1.43E-09,3.39E-18,6.22E-07,52.02847261,19.86063064,0.399654523
2.34E-05,0.686074624,0.021230872,3.86E-09,45386.39242,1.86E-07,1.17E-09,3.05E-18,8.90E-07,25.03237382,2.885621168,0.129083951
6.04E-05,0.895488212,0.04696041,2.24E-09,15803.91502,3.46E-08,2.94E-09,1.50E-18,8.58E-07,48.17963847,17.50583149,0.369655109
6.66E-05,0.893782494,0.017991097,4.77E-09,32170.04491,1.85E-07,2.73E-09,3.30E-18,6.57E-07,56.82427894,22.27540607,0.478989145
5.01E-05,0.85175242,0.024381722,4.27E-09,41202.86552,1.71E-07,2.40E-09,3.50E-18,2.86E-07,44.78861297,16.01472307,0.32411416
8.90E-05,0.561898299,0.012315997,1.46E-09,13181.54546,3.61E-07,1.94E-09,3.18E-18,4.63E-07,87.45120069,33.75082425,0.821890014
1.37E-05,0.842506431,0.07650012,4.42E-09,45265.45644,3.31E-07,5.67E-10,2.74E-18,5.91E-07,22.01335305,0.133717186,0.002837246
2.66E-05,0.827941112,0.071376355,1.80E-09,12395.92423,2.03E-07,2.78E-09,2.70E-18,4.13E-07,23.04386494,0.9946499,0.043063747
1.08E-05,0.855091334,0.071705629,2.29E-09,22798.5186,7.73E-08,8.63E-10,2.16E-18,3.65E-07,24.77981351,1.291274779,0.003902013
5.62E-05,0.600051179,0.046376365,7.39E-10,38615.77229,2.37E-07,7.65E-10,2.30E-18,5.25E-07,86.82264274,33.31624593,1.289071286
2.75E-05,0.690014068,0.052093282,2.24E-09,6414.334795,3.15E-07,2.59E-09,2.23E-18,9.37E-07,26.5585466,4.083312783,0.099512669
2.32E-05,0.591750548,0.061975792,4.08E-09,6809.711514,3.24E-07,9.12E-10,2.62E-18,8.39E-07,24.01142169,2.136108046,0.067417178
2.89E-05,0.801988341,0.024596207,4.81E-09,49212.70959,1.55E-07,1.09E-09,2.25E-18,7.29E-07,26.93860893,4.354141937,0.142133262
5.36E-05,0.661319107,0.026307766,2.88E-09,9004.984495,7.62E-08,2.07E-09,1.19E-18,8.99E-07,56.5709189,21.90746806,0.570949341
9.91E-05,0.603542097,0.035409812,2.51E-09,11360.48446,4.32E-08,1.82E-09,3.90E-18,8.87E-07,75.54452998,29.87058183,0.764448598
2.24E-05,0.626890893,0.011115003,1.44E-09,21067.34874,1.37E-08,1.42E-09,1.88E-18,3.73E-07,45.38224595,14.89658246,1.693529422
3.69E-05,0.614795418,0.063857033,1.13E-09,7227.391717,5.97E-08,5.39E-10,2.23E-18,3.70E-07,56.80811509,21.99491253,0.762932419
4.48E-05,0.632193247,0.04414006,4.38E-09,34414.34567,3.09E-08,1.08E-09,3.95E-18,8.21E-07,42.78822441,14.84663207,0.272639339
8.14E-05,0.536331124,0.06591889,2.22E-09,8159.539957,2.01E-07,2.28E-09,1.67E-18,9.67E-07,56.55886277,21.53877597,0.553517199
8.70E-05,0.614998339,0.052435491,2.46E-09,29429.38431,2.01E-07,1.03E-09,2.40E-18,9.51E-07,63.33801861,24.79386075,0.59972652
8.23E-05,0.724657502,0.0154072,2.13E-09,33734.3885,2.58E-07,5.32E-10,3.54E-18,6.14E-07,75.27000128,29.92961097,0.683348399
9.62E-05,0.8995225,0.017836722,1.07E-09,7809.631329,8.25E-10,1.20E-09,3.23E-18,9.59E-07,94.57959509,36.20651667,2.244203078
9.08E-05,0.708074551,0.061821435,2.20E-09,45153.74595,3.95E-07,2.83E-09,1.83E-18,6.75E-07,57.60066608,22.06376978,0.581389873
1.19E-05,0.685574649,0.073504138,2.63E-09,49259.67737,3.00E-07,7.66E-10,1.48E-18,2.96E-07,25.4951806,1.855871199,0.006144489
1.07E-05,0.574831353,0.061400874,3.49E-09,16760.03675,3.04E-07,4.42E-10,1.24E-18,4.14E-07,24.21526987,1.146464219,0.015390433
7.11E-05,0.592685418,0.018175974,4.66E-09,17787.84152,2.70E-07,1.53E-09,3.87E-18,3.02E-07,69.88450321,27.95115088,0.57434173
7.70E-05,0.713248123,0.011887119,3.02E-09,33715.55743,3.46E-07,2.94E-09,1.80E-18,7.69E-07,73.89255879,29.4030143,0.627483153
9.55E-05,0.903136164,0.059445038,2.67E-09,12203.09151,3.33E-07,2.26E-09,1.51E-18,3.34E-07,54.52359529,20.86037422,0.597909333
9.86E-05,0.531200195,0.040734406,2.18E-09,42953.19172,1.44E-08,1.92E-09,1.64E-18,9.63E-07,95.11039046,35.07202749,1.778314259
7.56E-05,0.571181283,0.052667777,4.19E-09,6004.028962,1.08E-07,1.28E-09,2.96E-18,8.01E-07,55.42805716,21.57204288,0.495864831
1.79E-05,0.820473152,0.019920244,1.13E-09,18572.25188,1.82E-09,7.99E-10,3.88E-18,9.36E-07,32.60912659,6.058828091,1.45472989
4.95E-05,0.875675891,0.018876424,1.42E-09,14838.765,2.31E-07,2.33E-09,3.84E-18,5.40E-07,45.53732866,16.38506958,0.324589738
7.09E-05,0.815450739,0.051107559,3.06E-09,15490.22549,1.33E-07,1.46E-09,3.62E-18,7.63E-07,48.93174826,18.26069418,0.429690733
3.25E-05,0.834777492,0.023437394,4.80E-09,9685.724079,2.10E-07,2.33E-09,3.55E-18,2.76E-07,30.38500626,6.907937366,0.163635898
1.60E-05,0.809649503,0.023233184,3.31E-09,40050.76421,2.54E-07,4.84E-10,2.74E-18,7.00E-07,22.67831328,0.400291527,0.063437079
6.73E-05,0.897683895,0.018290114,8.23E-10,19345.37339,2.78E-07,1.35E-09,2.47E-18,8.62E-07,65.67324481,25.83484447,0.961095326
6.89E-05,0.547393486,0.010409008,2.12E-09,19024.70345,1.57E-07,1.83E-09,1.75E-18,3.31E-07,82.5804149,32.34297989,1.354328042
4.66E-05,0.811360029,0.057694893,3.42E-09,16868.34239,1.59E-07,1.02E-09,2.97E-18,5.56E-07,35.66372329,10.4565434,0.226657193
4.84E-05,0.720978641,0.042669217,4.82E-09,45084.1649,3.16E-07,1.57E-09,2.13E-18,9.55E-07,42.73459787,14.81745953,0.282205084
1.38E-05,0.736944682,0.075209353,1.63E-09,9334.495535,2.53E-07,2.62E-09,3.92E-18,6.94E-07,21.63435818,0.072186863,0.002473201
7.99E-05,0.55517996,0.020027884,7.80E-10,10782.0913,1.20E-07,2.43E-09,1.22E-18,2.50E-07,126.6145355,43.39537868,2.022024529
3.38E-05,0.610705091,0.020792716,2.71E-09,36257.96702,8.97E-09,8.95E-10,1.84E-18,3.15E-07,51.04292082,19.10721737,1.391452978
6.43E-05,0.752646597,0.034952425,1.82E-09,36655.44994,2.95E-07,2.75E-09,2.81E-18,9.70E-07,55.58413986,21.50311785,0.434793854
2.44E-05,0.887351631,0.05429543,1.90E-09,23982.38988,1.03E-07,2.22E-09,3.76E-18,6.28E-07,22.46121392,0.412424564,0.031344563
4.74E-05,0.793690891,0.058324245,1.23E-09,12620.97404,1.30E-07,2.76E-09,3.86E-18,6.92E-07,37.57355879,11.53322019,0.238395731
5.20E-05,0.720164023,0.022742674,6.14E-10,43452.33034,6.97E-08,7.75E-10,2.34E-18,6.35E-07,90.10492956,34.65811816,1.808508879
4.19E-05,0.633478952,0.022489014,1.53E-09,47989.21602,3.78E-07,6.09E-10,2.55E-18,4.35E-07,49.83605363,18.43870995,0.628371983
3.90E-05,0.831205881,0.031376117,7.02E-10,43260.98987,1.03E-07,9.54E-10,1.37E-18,9.77E-07,61.7692095,24.0497919,1.276984686
4.36E-05,0.565720795,0.036457545,4.92E-09,7589.256943,3.93E-07,1.18E-09,1.12E-18,7.46E-07,46.45411425,16.92279761,0.286392252
6.45E-05,0.653333783,0.061318618,1.66E-09,10515.20167,2.96E-07,3.66E-10,2.89E-18,5.26E-07,53.04011341,20.12271136,0.403859455
3.41E-05,0.578520179,0.055596389,1.71E-09,32591.12828,3.53E-07,1.78E-09,2.64E-18,4.44E-07,36.10309361,10.52636845,0.189515609
1.22E-05,0.76323703,0.020682804,7.87E-10,18003.98454,2.79E-07,2.86E-09,1.78E-18,3.84E-07,30.95305377,5.065537655,0.895086722
1.21E-05,0.53339008,0.062303699,1.44E-09,36151.93036,3.17E-07,6.52E-10,1.82E-18,9.83E-07,29.03443895,3.777763697,0.294108652
1.29E-05,0.680224451,0.025055697,3.88E-09,14233.38035,1.92E-07,1.52E-09,2.69E-18,8.59E-07,21.45140191,0.041230971,0.049020762
5.19E-05,0.772361138,0.023483454,2.92E-09,48091.88086,3.31E-08,1.45E-09,4.00E-18,5.52E-07,49.2663623,18.41819073,0.364767846
7.61E-05,0.557312055,0.016144793,4.35E-09,31478.49091,5.32E-08,1.26E-09,2.83E-18,2.99E-07,76.17325011,30.27788823,0.663505023
3.08E-05,0.74837146,0.076710766,1.45E-09,20159.34266,3.05E-07,1.32E-09,1.58E-18,9.44E-07,31.36623209,6.832112272,0.127864971
4.63E-05,0.560640763,0.018814031,1.82E-09,15564.12459,9.31E-09,2.20E-09,1.95E-18,4.54E-07,74.12857145,29.56182474,1.774781671
6.86E-05,0.837843701,0.074876758,1.75E-09,33649.16012,2.74E-07,1.49E-09,3.71E-18,2.57E-07,41.72012163,14.07725777,0.363496837
4.08E-05,0.822725196,0.022853175,3.92E-09,13378.41722,2.19E-08,1.12E-09,2.30E-18,5.59E-07,37.88267824,11.86443542,0.249121469
7.33E-05,0.579558853,0.029397996,3.81E-09,36620.58287,3.35E-08,1.72E-09,2.77E-18,4.86E-07,67.0540722,26.66242026,0.576544215
8.57E-05,0.90275604,0.070397798,1.93E-09,30143.40611,2.52E-07,1.65E-09,3.37E-18,4.50E-07,46.72734495,16.90396542,0.490946542
9.48E-05,0.882558727,0.062949071,3.08E-09,27994.8747,1.61E-07,5.99E-10,3.65E-18,2.69E-07,54.26519134,20.92006359,0.59682431
4.31E-05,0.76196527,0.067177013,7.37E-10,35064.97333,4.13E-08,6.77E-10,3.09E-18,7.26E-07,56.80347615,21.91488712,0.993642869
8.84E-05,0.806702387,0.010780427,7.97E-10,11816.711,2.06E-07,1.11E-09,2.10E-18,5.77E-07,92.06901338,35.26396581,1.691546013
8.55E-05,0.646869383,0.069761775,2.52E-09,48578.76291,2.15E-07,1.95E-09,3.44E-18,6.05E-07,50.08724308,18.70267508,0.515377197
8.83E-05,0.754755341,0.066969315,4.11E-09,14856.47235,1.56E-07,2.16E-09,1.71E-18,4.07E-07,49.28271635,18.35119495,0.526987921
2.37E-05,0.552893489,0.068538136,4.26E-09,32637.39145,2.90E-07,1.93E-09,2.05E-18,7.88E-07,24.91453842,2.8318112,0.07455816
3.63E-05,0.750988174,0.05613259,1.75E-09,26449.28121,9.34E-08,2.37E-09,2.11E-18,3.32E-07,34.27508517,8.991611535,0.207283733
9.55E-05,0.692433049,0.072181407,3.45E-09,35933.293,1.06E-07,7.19E-10,2.31E-18,5.20E-07,55.73318316,21.41804867,0.602655652
9.83E-05,0.625784856,0.065480043,2.93E-09,24065.67684,6.25E-08,1.06E-09,2.67E-18,8.04E-07,60.33837429,23.45845696,0.649744754
8.44E-05,0.654481552,0.066109154,2.48E-09,30274.14101,3.77E-07,1.91E-09,3.05E-18,6.89E-07,50.93506111,19.17044295,0.515427768
5.59E-05,0.50946116,0.038211857,3.04E-09,20372.66048,2.19E-07,8.03E-10,2.10E-18,5.02E-07,58.13083792,22.7155876,0.418988248
9.29E-05,0.583005156,0.020353545,4.55E-09,41081.8806,3.38E-07,2.71E-09,3.13E-18,5.81E-07,80.1552038,31.6496802,0.764942766
5.77E-05,0.871256545,0.064865131,1.39E-09,36386.81721,1.15E-07,2.93E-09,2.42E-18,7.74E-07,43.3092569,14.65997774,0.308244185
1.10E-05,0.895071067,0.027673704,3.94E-09,32532.87083,3.44E-07,1.66E-09,1.44E-18,7.81E-07,22.6716825,0.377549817,0.038997998
6.29E-05,0.805945879,0.063177693,4.35E-09,30076.49041,1.56E-07,2.21E-09,2.16E-18,4.12E-07,41.66896871,14.16539484,0.340933525
2.96E-05,0.593627976,0.048916657,3.23E-09,30679.50961,9.51E-08,8.39E-10,3.03E-18,5.97E-07,31.27598625,7.477799541,0.146908079
1.26E-05,0.873013279,0.015515503,4.09E-09,16975.70207,2.54E-07,2.96E-09,1.86E-18,5.65E-07,21.54004068,0.047603695,0.053037123
1.41E-05,0.808238668,0.014971005,1.39E-09,9370.261897,1.34E-07,5.87E-10,2.43E-18,6.60E-07,26.81524411,2.364652469,0.312935122
8.68E-05,0.573251748,0.039257918,2.12E-09,31709.42156,2.56E-07,1.64E-09,3.92E-18,3.92E-07,67.36205027,26.67702866,0.640601599
8.54E-05,0.62030917,0.079057026,2.99E-09,46192.81777,3.86E-07,2.23E-09,1.25E-18,9.45E-07,51.0652872,18.74349213,0.504915216
3.65E-05,0.830583696,0.065457581,1.61E-09,19870.05003,3.58E-07,8.64E-10,1.01E-18,8.50E-07,35.06652742,9.594075492,0.171546353
3.00E-05,0.606227046,0.07549581,6.21E-10,31829.62927,9.12E-08,2.81E-09,2.75E-18,4.73E-07,49.85531935,18.0305492,0.756875716
3.50E-05,0.818900247,0.071819059,2.62E-09,20028.94158,2.23E-07,9.47E-10,3.45E-18,6.43E-07,26.430626,3.964395294,0.110502525
1.23E-05,0.584190674,0.049744856,2.12E-09,37733.81705,3.64E-07,5.29E-10,2.07E-18,2.91E-07,25.48620838,1.707705035,0.090620377
2.10E-05,0.801577212,0.036894991,4.45E-09,9912.071627,3.22E-07,1.41E-09,2.54E-18,7.13E-07,21.38809256,0.020589925,0.036920553
1.61E-05,0.695823942,0.042102468,2.44E-09,49701.2647,1.24E-09,1.87E-09,2.50E-18,3.27E-07,27.7133551,3.171886079,0.836505335
3.36E-05,0.544960838,0.029675573,2.74E-09,22745.93121,2.28E-07,4.72E-10,2.12E-18,4.29E-07,41.26612432,13.81958072,0.272039281
3.80E-05,0.640333684,0.027881527,3.47E-09,6608.24289,2.27E-07,1.54E-09,3.70E-18,5.81E-07,40.79123513,13.694992,0.237530002
2.58E-05,0.532965793,0.062780447,1.46E-09,29136.43224,3.11E-07,2.78E-09,3.98E-18,5.14E-07,28.64431795,5.48401707,0.107539714
3.17E-05,0.645743248,0.012780373,2.93E-09,18159.75637,1.45E-07,2.82E-09,3.63E-18,3.73E-07,37.9855337,11.97304256,0.232832771
9.40E-05,0.514541126,0.041338146,4.56E-09,26156.9249,2.41E-07,3.58E-10,2.82E-18,2.87E-07,74.33409552,29.47611864,0.719882793
3.46E-05,0.755763088,0.045573424,4.87E-09,36542.31521,1.68E-07,2.95E-09,1.45E-18,8.62E-07,31.52507971,7.677774249,0.157715002
6.78E-05,0.631529057,0.06454922,4.75E-09,14493.50888,3.56E-07,1.48E-09,2.94E-18,8.69E-07,46.31544489,16.87209478,0.394281866
5.26E-05,0.827181435,0.055373701,3.01E-09,49738.27743,7.97E-08,8.41E-10,1.58E-18,5.19E-07,42.81434456,14.50945307,0.284978443
1.70E-05,0.834488681,0.020173983,1.54E-09,27344.81024,1.74E-07,1.21E-09,1.47E-18,9.73E-07,28.81206647,4.001588271,0.447003586
1.78E-05,0.733818254,0.0548837,4.12E-09,28800.56062,1.18E-07,2.32E-09,1.86E-18,5.00E-07,22.05363373,0.126924545,0.016363839
3.98E-05,0.777793101,0.016868371,1.74E-09,49082.75369,1.14E-07,2.60E-09,3.32E-18,5.09E-07,41.78449759,14.14105243,0.281159871
6.90E-05,0.732041554,0.03560845,9.29E-10,14637.9153,1.11E-08,2.31E-09,1.11E-18,9.12E-07,104.968903,38.77796038,2.030252028
6.37E-05,0.71870003,0.028493509,8.88E-10,18318.18048,1.28E-07,2.04E-09,1.46E-18,6.01E-07,82.71990163,31.9949517,1.501159135
2.59E-05,0.855840805,0.06176556,3.64E-09,16090.94669,8.65E-08,2.91E-09,1.14E-18,2.64E-07,23.62312889,1.224771879,0.041546288
8.49E-05,0.714623611,0.036953241,9.49E-10,37577.55854,2.09E-07,7.58E-10,3.19E-18,7.95E-07,77.71379963,30.32096115,1.186694485
2.74E-05,0.652473807,0.012585531,3.41E-09,30378.41924,1.74E-07,1.99E-09,1.97E-18,3.00E-07,32.39381794,8.261725282,0.205442538
2.07E-05,0.900585985,0.058570043,3.52E-09,42594.49032,2.01E-08,2.87E-09,1.73E-18,7.46E-07,23.70565712,0.739782089,0.011901986
9.77E-05,0.760240656,0.024740631,3.00E-09,37005.77152,1.33E-07,9.61E-10,1.74E-18,9.85E-07,80.7681404,31.51433964,0.780158277
2.18E-05,0.519404895,0.013476384,1.41E-09,24267.00898,2.13E-07,2.98E-09,3.90E-18,2.80E-07,34.48908314,9.510075794,0.493950897
3.83E-05,0.67870309,0.018479665,2.55E-09,27912.97109,2.55E-07,1.83E-09,1.30E-18,5.39E-07,44.3205279,15.53545745,0.296760261
4.34E-05,0.584745127,0.070707332,3.74E-09,25134.03401,3.51E-07,2.96E-09,2.83E-18,8.97E-07,35.40593692,10.29745604,0.209146438
3.54E-05,0.703497125,0.040396156,4.61E-09,23031.7268,1.49E-07,1.87E-09,1.26E-18,3.67E-07,34.53952683,9.705993205,0.184546748
9.43E-05,0.847589979,0.053453924,3.62E-09,40397.75094,3.82E-07,2.70E-09,1.79E-18,4.33E-07,56.51478804,21.96565313,0.608381513
7.10E-05,0.890370054,0.011555409,2.40E-09,25587.79109,2.87E-07,1.72E-09,3.99E-18,7.25E-07,62.22282168,24.72408273,0.540359168
5.91E-05,0.62488885,0.023366704,2.65E-09,37375.89496,3.07E-07,1.75E-09,3.42E-18,7.58E-07,59.78584628,23.5852586,0.457275571
5.54E-05,0.904198221,0.026803828,3.04E-09,29190.25859,1.19E-07,2.39E-09,1.42E-18,5.25E-07,48.14338256,17.7316654,0.35508783
8.81E-05,0.701229954,0.021343675,3.42E-09,34033.02234,1.88E-08,2.43E-09,3.11E-18,7.61E-07,74.34903549,29.45772749,0.706218482
1.35E-05,0.577137032,0.035473053,1.68E-09,24530.62216,3.25E-07,2.50E-09,2.68E-18,3.88E-07,23.83614791,0.726453124,0.078777853
7.20E-05,0.554105701,0.037632132,4.94E-09,15577.07586,1.26E-07,1.40E-09,2.18E-18,4.64E-07,62.112514,24.64119549,0.522708807
2.06E-05,0.734777664,0.070901329,3.46E-09,25495.74543,8.67E-08,1.43E-09,2.63E-18,6.45E-07,22.03937445,0.131994866,0.015663609
9.64E-05,0.896623987,0.05593337,8.13E-10,26677.38022,4.94E-09,1.27E-09,2.48E-18,9.88E-07,86.41366731,33.28095745,1.897674652
3.12E-05,0.743929126,0.05584396,1.26E-09,29370.88374,1.23E-07,1.49E-09,1.30E-18,3.67E-07,43.52599809,14.62345869,0.613900408
5.21E-05,0.627709393,0.047174784,4.28E-09,16788.40125,2.36E-07,1.23E-09,1.47E-18,6.58E-07,47.20718937,17.28770968,0.322421871
7.52E-05,0.567844779,0.040938491,1.86E-09,16414.09746,6.84E-08,1.89E-09,3.25E-18,2.66E-07,65.02920128,25.551006,0.620430715
3.48E-05,0.558402058,0.064469623,7.17E-10,18417.43183,3.70E-07,1.40E-09,2.41E-18,3.18E-07,58.68660911,22.75247898,0.666070092
9.48E-05,0.73180444,0.039197784,4.55E-09,15456.03126,3.11E-07,1.08E-09,3.40E-18,9.27E-07,66.2929693,26.43760996,0.673330937
3.29E-05,0.642331357,0.062753531,2.09E-09,25682.26697,1.82E-07,2.99E-09,1.60E-18,7.12E-07,33.19996391,8.452168286,0.177889364
9.23E-05,0.521100225,0.016782842,4.39E-09,41692.9052,3.32E-07,2.90E-09,2.01E-18,4.41E-07,84.68824637,33.09007221,0.792460139
7.94E-05,0.729923439,0.013915961,3.97E-09,20536.96349,3.84E-07,2.82E-09,2.99E-18,8.50E-07,71.75442434,28.67937682,0.621615345
5.72E-05,0.702615271,0.011942837,4.13E-09,30205.06363,3.77E-08,9.27E-10,3.67E-18,4.46E-07,59.19900513,23.35727734,0.460855884
1.68E-05,0.696114868,0.059130132,1.15E-09,26298.42787,2.20E-07,2.71E-09,3.62E-18,8.55E-07,24.6565305,1.171127831,0.029859652
7.07E-05,0.800353683,0.076057415,2.27E-09,44396.81984,3.67E-07,1.37E-09,2.54E-18,7.98E-07,43.36378515,14.99775132,0.383648689
8.92E-05,0.841082848,0.040874176,2.99E-09,48703.37522,1.13E-07,8.75E-10,2.15E-18,8.72E-07,64.29656553,25.40186236,0.62218274
2.54E-05,0.878916017,0.075715304,3.24E-09,23260.46905,6.38E-08,1.22E-09,1.14E-18,8.83E-07,25.52755781,1.800182231,0.019173671
8.51E-05,0.874758677,0.03600409,1.65E-09,26372.65868,6.71E-08,2.82E-09,2.32E-18,3.62E-07,65.54429937,25.71302095,0.605355465
4.38E-05,0.638197266,0.075645423,2.26E-09,31460.19014,1.72E-07,1.05E-09,1.32E-18,7.89E-07,40.90375787,13.22420008,0.258004388
5.10E-05,0.814458201,0.04652405,3.00E-09,32091.57307,3.31E-07,2.63E-09,2.38E-18,8.54E-07,40.85700506,13.68313851,0.280642256
4.76E-05,0.676854032,0.029756508,1.36E-09,6709.554566,1.70E-07,6.29E-10,1.18E-18,2.66E-07,70.7002627,27.80759679,1.149260683
3.95E-05,0.635687527,0.072730782,4.49E-09,6328.21354,1.91E-07,2.20E-09,3.29E-18,8.95E-07,31.93714071,7.992378206,0.170505974
3.47E-05,0.738278582,0.029876102,2.55E-09,27193.62451,3.91E-07,2.35E-09,3.95E-18,7.07E-07,34.42852581,9.673574166,0.190890612
6.11E-05,0.616082488,0.075396823,3.26E-09,6075.896628,2.07E-07,5.58E-10,3.97E-18,8.61E-07,43.21690175,15.10307319,0.338264264
6.25E-05,0.589987138,0.040069436,2.34E-09,32253.96919,1.04E-07,2.87E-09,2.79E-18,5.74E-07,57.13117464,22.18882924,0.438646131
3.41E-05,0.775958246,0.070528356,9.65E-10,6529.137762,1.46E-07,2.51E-09,2.65E-18,9.96E-07,32.63012528,7.907794453,0.202724625
5.34E-05,0.760945491,0.055082984,3.09E-09,30315.22162,3.89E-07,1.36E-09,2.90E-18,3.82E-07,41.37822824,13.99883092,0.292210145
6.19E-05,0.878434909,0.015687158,3.50E-09,26514.6765,1.99E-07,1.95E-09,3.00E-18,7.35E-07,54.99011988,21.37392339,0.446657272
6.83E-05,0.700339177,0.071684381,2.17E-09,14975.92308,2.99E-07,1.57E-09,1.12E-18,8.39E-07,50.42739344,18.49825341,0.408440284
3.44E-05,0.632447909,0.076916396,4.21E-09,33512.84874,1.11E-07,7.12E-10,1.99E-18,8.47E-07,30.23164365,6.715209003,0.136541106
1.00E-04,0.56261596,0.020909223,2.10E-09,16225.97839,4.88E-08,2.15E-09,2.81E-18,6.96E-07,92.52755438,34.89063143,1.199573174
8.31E-05,0.512784449,0.01713201,4.83E-09,27443.85907,1.82E-07,7.60E-10,3.78E-18,8.56E-07,79.92740628,31.68731296,0.724455713
1.97E-05,0.627462478,0.05516755,1.86E-09,40121.59696,8.84E-08,1.63E-09,3.28E-18,9.71E-07,24.16465031,1.079564289,0.057756096
1.65E-05,0.530915248,0.062594642,2.06E-09,29098.49398,2.11E-07,4.15E-10,1.39E-18,4.33E-07,28.7088296,3.32044777,0.297329655
4.57E-05,0.694558052,0.049296421,2.20E-09,24232.87849,9.19E-08,2.83E-09,1.50E-18,3.94E-07,44.47699008,15.47106559,0.400241705
2.98E-05,0.665830526,0.077811044,1.07E-09,36944.33507,1.98E-07,1.33E-09,1.81E-18,8.70E-07,42.04117404,13.76847982,0.326318374
6.08E-05,0.587612286,0.037078591,3.08E-09,35466.04472,3.89E-07,1.32E-09,1.83E-18,6.36E-07,58.11630311,22.72013767,0.433277743
4.82E-05,0.532271249,0.056530593,4.48E-09,16660.45223,5.42E-09,1.98E-09,1.62E-18,9.53E-07,47.33938784,17.19211321,0.466628296
8.32E-05,0.825671597,0.0769919,6.79E-10,41305.97003,6.54E-08,1.21E-09,2.19E-18,5.35E-07,71.83225736,27.70448899,1.091158343
9.33E-05,0.638811571,0.060405679,2.57E-09,8645.030329,2.76E-07,1.72E-09,2.98E-18,3.25E-07,56.48096377,21.98999147,0.604091738
8.80E-05,0.741524342,0.028148549,2.76E-09,37515.42813,2.09E-07,1.42E-09,1.28E-18,9.73E-07,73.6965042,28.96850219,0.679408461
3.15E-05,0.723623139,0.023619566,3.97E-09,21279.62279,4.40E-08,1.77E-09,3.04E-18,6.07E-07,32.52932199,8.383110818,0.18364268
9.69E-05,0.893383987,0.038571786,3.33E-09,13431.49429,1.15E-07,2.29E-09,2.36E-18,3.44E-07,63.66780793,25.24066432,0.672024072
8.61E-05,0.647434726,0.073703238,1.98E-09,25570.3716,1.71E-07,8.98E-10,1.46E-18,4.13E-07,61.494826,23.48763135,0.61346937
1.25E-05,0.794367551,0.037715485,4.91E-09,19082.44601,2.71E-07,1.26E-09,3.72E-18,3.55E-07,21.37224435,0.006865583,0.025109671
9.47E-05,0.812536026,0.02997499,4.15E-09,20430.20884,3.21E-07,1.69E-09,1.04E-18,5.28E-07,71.27967126,28.17960671,0.697630964
4.71E-05,0.556511873,0.025234376,2.95E-09,45850.64782,1.50E-07,2.12E-09,1.95E-18,6.63E-07,54.70142099,21.09604654,0.385267522
2.50E-05,0.659008608,0.052877869,2.07E-09,12085.38043,1.44E-07,2.41E-09,1.49E-18,3.17E-07,30.45651763,6.353142518,0.200341614
9.60E-05,0.676360015,0.038672145,3.65E-09,21475.0138,3.17E-07,1.34E-09,2.83E-18,2.97E-07,68.87820402,27.40874132,0.697075819
5.94E-05,0.749236046,0.046672336,4.00E-09,13367.62114,2.50E-07,9.71E-10,1.38E-18,5.44E-07,48.39713265,17.91762868,0.362000336
3.79E-05,0.611119693,0.017512704,1.96E-09,36783.92993,3.81E-07,7.35E-10,1.49E-18,9.38E-07,48.47376815,17.89719414,0.794148103
3.03E-05,0.719626819,0.041031203,2.07E-09,10870.68758,1.81E-07,2.51E-09,2.90E-18,3.20E-07,29.49384852,6.232235202,0.134914029
5.23E-05,0.847224183,0.020647528,4.06E-09,15706.44654,1.48E-07,2.69E-09,3.83E-18,7.20E-07,47.65797301,17.62466218,0.347479828
3.20E-05,0.758319378,0.051428296,4.29E-09,37073.71287,9.45E-08,1.86E-09,3.24E-18,9.06E-07,28.18917414,5.308952606,0.124536623
2.22E-05,0.720335083,0.076815644,3.66E-09,6912.016672,1.97E-07,1.75E-09,3.32E-18,3.55E-07,21.44801077,0.070022376,0.023570705
8.17E-05,0.724149482,0.079264916,1.52E-09,21594.0469,1.90E-07,1.40E-09,3.23E-18,3.92E-07,48.41477847,17.56733297,0.470991584
5.40E-05,0.793080086,0.07581534,4.67E-09,19568.64016,5.53E-08,1.31E-09,1.87E-18,6.28E-07,35.91005391,10.57672812,0.257899579
3.84E-05,0.690320531,0.039628516,1.17E-09,13027.71859,5.19E-08,9.43E-10,1.31E-18,7.72E-07,63.63596015,25.01054303,1.287048643
2.56E-05,0.600822125,0.068869369,2.36E-09,23060.37103,7.60E-08,6.05E-10,3.50E-18,4.59E-07,26.24625441,3.43060843,0.081529688
9.37E-05,0.675341107,0.04158932,4.17E-09,38589.34232,3.24E-08,1.29E-09,1.97E-18,8.94E-07,69.35876667,27.35902259,0.685997582
4.53E-05,0.729021155,0.031233483,9.09E-10,10097.62267,3.07E-09,1.92E-09,1.20E-18,7.18E-07,87.57607859,34.1726283,2.095502754
6.58E-05,0.558695784,0.018081324,3.30E-09,48239.21408,5.81E-08,2.37E-09,1.60E-18,8.37E-07,73.97495378,29.24603045,1.032083034
2.04E-05,0.534016622,0.043468001,4.16E-09,39444.12825,3.23E-07,1.05E-09,2.59E-18,4.11E-07,24.36861376,2.334658006,0.089496951
9.84E-05,0.541336493,0.044326394,1.10E-09,11145.87179,3.83E-07,1.61E-09,2.37E-18,7.99E-07,83.16889679,31.49606416,1.190870997
4.67E-05,0.556087676,0.018948037,1.69E-09,44319.01991,2.81E-07,1.18E-09,1.16E-18,8.91E-07,73.6970303,28.97205542,1.278606233
6.06E-05,0.531648088,0.036325779,2.32E-09,41889.44628,2.99E-07,2.64E-09,1.08E-18,5.10E-07,66.52728713,26.05991078,0.904432961
3.80E-05,0.781001952,0.043886085,4.49E-09,7463.085698,3.37E-07,6.91E-10,3.91E-18,3.54E-07,32.86897996,8.627064526,0.180046622
3.05E-05,0.725403198,0.073946234,3.36E-09,24571.13713,4.58E-08,3.35E-10,1.90E-18,7.33E-07,27.78707073,4.101151368,0.087506438
2.47E-05,0.630268139,0.03025049,3.20E-09,42982.63147,3.90E-08,9.37E-10,3.28E-18,4.69E-07,27.44844287,4.569746629,0.148365641
9.27E-05,0.66767409,0.043722923,4.25E-09,44147.7485,3.22E-07,1.94E-09,3.21E-18,5.06E-07,63.67153489,25.29623015,0.646543638
5.98E-05,0.585856127,0.053132929,1.59E-09,21188.28273,3.79E-07,2.37E-09,1.57E-18,3.34E-07,56.59473458,21.62525836,0.583410314
1.39E-05,0.887978743,0.010079516,1.48E-09,37856.09559,3.96E-07,1.13E-09,2.44E-18,3.39E-07,25.51808222,1.864914556,0.083164945
1.89E-05,0.785357995,0.045145982,2.04E-09,41925.34645,1.68E-07,3.85E-10,1.14E-18,5.31E-07,30.07948685,5.105614377,0.22795552
7.42E-05,0.623590986,0.040198544,1.60E-09,19938.69104,1.47E-07,2.62E-09,1.67E-18,4.52E-07,69.85930902,27.32482946,1.011045471
7.87E-05,0.588434371,0.049957555,3.84E-09,23442.10527,1.93E-07,2.03E-09,1.61E-18,5.13E-07,58.61556579,22.91028163,0.531740552
1.83E-05,0.642486802,0.044882348,3.24E-09,19450.98713,2.74E-07,1.35E-09,2.85E-18,8.92E-07,21.72885499,0.071125435,0.041395575
3.56E-05,0.688251134,0.057412732,1.32E-09,11177.90185,3.63E-07,1.39E-09,2.45E-18,5.61E-07,34.38796931,9.279056992,0.18009095
9.88E-05,0.570363365,0.030930416,3.38E-09,15149.37793,9.84E-08,1.47E-09,3.54E-18,3.45E-07,78.70843057,31.06745605,0.785000109
6.99E-05,0.612371764,0.045765899,3.22E-09,13748.56424,3.83E-07,1.36E-09,1.17E-18,8.83E-07,59.11891444,23.05564872,0.475980753
9.40E-05,0.636432276,0.026139823,2.22E-09,23573.87138,8.51E-08,6.12E-10,1.79E-18,3.98E-07,87.9024771,33.56069528,1.342261286
2.85E-05,0.831798297,0.045240765,3.47E-09,7318.178115,1.28E-07,2.05E-09,1.66E-18,7.66E-07,24.75729728,2.683418554,0.085896833
2.65E-05,0.699393239,0.040620931,3.73E-09,36057.06555,2.15E-07,1.15E-09,3.43E-18,5.01E-07,26.01725828,3.680828324,0.104457306
2.00E-05,0.604599035,0.023713555,3.21E-09,40248.6335,7.89E-08,1.63E-09,2.45E-18,3.10E-07,24.38987093,2.011330568,0.128499294
6.72E-05,0.86238036,0.054710645,4.60E-09,24138.78773,3.46E-07,4.10E-10,1.36E-18,3.57E-07,48.21512758,17.81527749,0.39937334
3.62E-05,0.700532075,0.021815861,2.81E-09,18447.27669,1.36E-07,3.57E-10,1.56E-18,6.00E-07,39.50817904,12.5133567,0.265645781
9.26E-05,0.619569719,0.06442147,2.70E-09,9969.403584,1.04E-07,1.26E-09,1.36E-18,8.23E-07,63.03148825,24.24343826,0.657218337
1.16E-05,0.82070466,0.051974621,3.88E-09,32903.8803,3.54E-07,2.74E-09,2.92E-18,9.02E-07,21.43258422,0.034430287,0.01078174
7.40E-05,0.656936649,0.021807009,2.72E-09,15382.43097,3.27E-07,2.67E-09,1.18E-18,4.48E-07,71.18220902,28.19359041,0.58709684
1.49E-05,0.530157068,0.014622834,1.30E-09,25411.17313,1.69E-07,2.80E-09,1.59E-18,6.69E-07,31.4351161,4.041537116,1.234992567
4.28E-05,0.814095117,0.05448663,2.82E-09,45015.81164,3.02E-07,1.23E-09,3.84E-18,8.57E-07,33.89037893,9.286504013,0.201119309
9.97E-05,0.772934467,0.012509587,3.38E-09,18146.48365,2.78E-07,1.42E-09,1.40E-18,5.47E-07,86.29444327,33.43406998,0.822136041
5.53E-05,0.823475982,0.03468695,6.69E-10,11595.80084,3.62E-07,2.49E-09,2.66E-18,7.33E-07,54.51234119,20.71664162,0.819193667
6.74E-05,0.705724348,0.050867903,4.99E-09,28320.3849,1.02E-07,2.23E-09,2.66E-18,6.91E-07,49.52676847,18.58497852,0.413404323
3.82E-05,0.506853961,0.068009467,1.16E-09,34104.22766,1.40E-07,5.00E-10,2.68E-18,3.51E-07,69.88969679,27.71758,0.670029883
7.22E-05,0.756947666,0.027493977,1.04E-09,17042.37171,2.59E-08,2.10E-09,1.19E-18,8.11E-07,96.87303167,36.50832289,1.901116825
3.75E-05,0.561139814,0.011407105,4.65E-09,39000.83025,3.64E-08,2.25E-09,1.04E-18,6.77E-07,51.25950486,19.31652535,0.935483057
9.71E-05,0.753745394,0.056004946,2.28E-09,25336.83318,1.85E-07,1.29E-09,1.37E-18,3.93E-07,67.63720914,26.14817779,0.669870852
3.28E-05,0.618321584,0.078169001,2.67E-09,27136.07077,3.30E-07,3.49E-10,2.60E-18,7.03E-07,30.23343097,6.636171845,0.127566504
9.79E-05,0.854586909,0.052487927,2.45E-09,13632.41866,3.43E-07,1.34E-09,2.94E-18,8.45E-07,58.88723892,23.0813224,0.644994063
6.70E-05,0.587466112,0.041538854,2.77E-09,49975.64992,2.35E-07,1.07E-09,2.57E-18,5.82E-07,59.87304506,23.50443164,0.474886389
4.52E-05,0.746994411,0.050452788,3.26E-09,48513.38447,1.04E-08,5.50E-10,1.77E-18,8.85E-07,43.45345496,14.64697768,0.471902063
4.89E-05,0.804997303,0.028979418,1.70E-09,49535.7691,2.62E-07,4.24E-10,3.61E-18,6.83E-07,45.73508497,16.33604536,0.324023166
4.10E-05,0.500136085,0.037513331,1.83E-09,33234.22542,3.78E-07,1.64E-09,1.64E-18,9.47E-07,51.95074566,19.59265093,0.755177283
5.44E-05,0.724939262,0.060280238,1.14E-09,8635.886746,8.87E-08,1.54E-09,2.00E-18,5.52E-07,50.92851207,18.9201419,0.637916114
3.55E-05,0.538413417,0.036752335,4.32E-09,15900.19894,1.59E-07,1.48E-09,1.62E-18,7.09E-07,40.67139481,13.59702562,0.229497736
8.58E-05,0.790315865,0.030803923,2.17E-09,25855.51671,3.55E-07,9.62E-10,2.64E-18,4.81E-07,67.53942965,26.83499777,0.628548173
1.12E-05,0.594161839,0.060344073,1.91E-09,47249.63194,3.82E-08,1.04E-09,3.46E-18,4.53E-07,25.43085185,1.549060124,0.151074998
7.37E-05,0.852597491,0.026634227,3.11E-09,22927.74663,7.67E-09,8.85E-10,1.93E-18,4.68E-07,63.24377829,24.9544009,0.559911633
3.76E-05,0.671581976,0.079864608,1.24E-09,40268.36042,3.68E-07,2.39E-09,3.43E-18,6.95E-07,32.1074977,7.741480534,0.152410094
4.85E-05,0.557814267,0.011789361,3.49E-09,10605.56386,2.43E-07,1.81E-09,1.80E-18,6.35E-07,58.86684466,23.19813449,0.411052036
2.43E-05,0.726269406,0.079128424,8.08E-10,21623.05786,1.01E-07,3.93E-10,3.13E-18,9.92E-07,34.31995,8.076825244,0.35050186
2.03E-05,0.721839921,0.013941102,4.60E-09,39799.77498,1.49E-07,8.32E-10,2.04E-18,7.01E-07,22.48056737,0.55192602,0.107376341
6.84E-05,0.733130457,0.020956925,8.96E-10,20853.45436,2.65E-08,1.65E-09,2.05E-18,6.41E-07,91.3572386,35.14737967,1.975322635
6.30E-05,0.770077988,0.036168029,4.06E-09,33317.91086,1.93E-07,1.68E-09,3.12E-18,6.04E-07,51.73607118,19.73636549,0.409974479
1.86E-05,0.867154097,0.016566596,3.03E-09,27581.28412,2.49E-07,5.87E-10,1.60E-18,9.36E-07,24.16675607,1.079812212,0.071344614
1.92E-05,0.857655785,0.063482966,8.70E-10,37412.4055,5.93E-08,9.34E-10,1.27E-18,8.52E-07,37.24595849,9.577610993,0.67638253
7.51E-05,0.819361833,0.074099877,9.16E-10,20204.36219,2.51E-07,2.84E-09,2.83E-18,6.86E-07,50.70832092,18.51103955,0.455212956
6.48E-05,0.620809639,0.011287772,1.01E-09,45785.37024,1.43E-07,1.52E-09,2.25E-18,7.16E-07,85.87255311,33.43536068,1.754178816
5.55E-05,0.659500675,0.054553286,2.21E-09,39596.49105,8.98E-08,3.75E-10,2.04E-18,2.93E-07,53.56442044,20.19712972,0.508099666
5.70E-05,0.601665172,0.035313962,3.16E-09,13214.89511,9.55E-08,3.32E-10,1.15E-18,8.53E-07,61.95924591,24.27203983,0.82480342
9.28E-05,0.636283981,0.03428365,2.54E-09,28575.32395,3.13E-07,2.63E-09,3.06E-18,7.49E-07,70.73287855,28.05191484,0.694977664
5.90E-05,0.808425589,0.025449915,1.84E-09,38418.29451,3.61E-07,7.16E-10,3.02E-18,6.68E-07,54.00174257,20.76556717,0.415682711
6.54E-05,0.708315997,0.07840737,2.77E-09,12294.97904,2.16E-07,2.48E-09,3.22E-18,6.23E-07,39.06588701,12.59849583,0.334928958
5.84E-05,0.734376057,0.076363763,4.02E-09,20110.22706,1.21E-07,2.91E-09,3.15E-18,8.44E-07,36.66914389,11.11932267,0.284790963
6.01E-05,0.535736836,0.01851613,4.20E-09,20915.91749,1.31E-07,1.37E-09,3.69E-18,8.43E-07,65.50946617,26.14610133,0.504168484
5.17E-05,0.893178114,0.056694895,3.71E-09,43774.90458,1.29E-07,2.31E-09,2.61E-18,3.22E-07,36.64326495,11.07451236,0.256812944
2.12E-05,0.802769444,0.068259217,4.31E-09,17524.41905,2.25E-07,2.87E-09,2.65E-18,7.77E-07,21.38759339,0.01971301,0.015680975
4.87E-05,0.832950629,0.072903223,3.20E-09,37315.63899,1.67E-08,2.15E-09,2.60E-18,4.03E-07,33.82784048,9.134257027,0.217434155
5.64E-05,0.509052079,0.031779767,4.30E-09,35139.77461,1.88E-07,2.88E-09,1.80E-18,8.65E-07,58.62118416,23.02617029,0.423193376
1.64E-05,0.859260304,0.037784129,2.02E-09,48356.10806,1.75E-08,2.01E-09,3.81E-18,6.17E-07,23.66016512,0.789299873,0.03151798
7.85E-05,0.543174348,0.07647606,3.33E-09,20292.24294,3.63E-07,1.27E-09,3.69E-18,9.74E-07,46.59729497,16.99483286,0.455265343
4.00E-05,0.704502432,0.042024411,3.71E-09,20639.62492,1.06E-07,2.49E-09,1.78E-18,6.27E-07,37.84860127,11.83926332,0.220077401
8.12E-05,0.540157104,0.032489136,1.12E-09,20016.36539,3.76E-07,1.05E-09,3.25E-18,3.16E-07,79.61681001,31.0269477,1.197155684
4.35E-05,0.714759236,0.046600391,3.66E-09,14603.07951,1.22E-07,1.81E-09,1.45E-18,6.37E-07,39.27262311,12.69547438,0.238033542
8.97E-05,0.679863536,0.07971398,3.49E-09,43906.31995,1.62E-07,2.43E-09,2.22E-18,2.73E-07,45.93879051,16.43424988,0.509380031
4.04E-05,0.832248218,0.014447749,3.11E-09,49472.20928,5.47E-08,1.07E-09,1.17E-18,8.08E-07,42.20994152,13.9097157,0.331734442
3.43E-05,0.788454255,0.072360337,1.18E-09,10220.5883,3.43E-07,2.34E-09,2.69E-18,3.26E-07,28.6482581,5.160613272,0.113878139
4.29E-05,0.670614749,0.077596517,2.47E-09,44383.72941,2.05E-07,5.56E-10,3.21E-18,5.39E-07,35.00846013,9.932862164,0.197932702
4.15E-05,0.856420717,0.015731283,4.18E-09,38698.45963,3.99E-07,4.12E-10,2.06E-18,5.96E-07,38.00190431,11.95371848,0.27562309
8.54E-05,0.565256576,0.079562098,3.14E-09,16326.99822,1.03E-07,1.94E-09,1.57E-18,6.15E-07,50.34581598,18.45061065,0.507730085
2.71E-05,0.607320814,0.035071838,3.41E-09,6853.156865,7.54E-08,2.69E-09,1.94E-18,2.84E-07,30.64543792,7.080802438,0.14781393
9.32E-05,0.850669053,0.022078135,4.21E-09,21545.31962,1.33E-07,3.47E-10,3.47E-18,3.19E-07,73.18959288,29.14682639,0.727380839
8.67E-05,0.828730123,0.033670356,1.28E-09,32217.9847,7.10E-08,4.36E-10,2.88E-18,7.27E-07,76.31210174,29.92769207,1.119634077
2.96E-05,0.576122351,0.034497655,1.43E-09,30515.30515,7.70E-08,1.11E-09,2.59E-18,8.87E-07,48.08175573,17.51584013,1.003862552
1.59E-05,0.605725039,0.070109818,4.49E-09,21363.61846,3.74E-07,2.68E-09,1.96E-18,3.23E-07,21.48886953,0.03902904,0.012363189
5.46E-05,0.523906495,0.029834529,5.00E-09,19586.66122,3.03E-07,2.33E-09,1.71E-18,3.30E-07,57.35936122,22.48487362,0.406228992
8.50E-05,0.576577794,0.014507791,2.91E-09,15048.21505,2.34E-08,2.22E-09,2.43E-18,5.04E-07,81.95596021,32.04106725,0.765555552
7.19E-05,0.524055136,0.044982403,4.67E-09,34159.63652,5.37E-08,2.89E-09,1.48E-18,8.54E-07,60.72195754,23.77293779,0.510934369
6.58E-05,0.508471604,0.074565875,3.17E-09,32018.09067,1.89E-07,2.75E-09,1.34E-18,6.20E-07,49.08792006,17.86497214,0.400979425
4.30E-05,0.780463976,0.043416378,4.45E-09,25038.03102,6.59E-08,2.55E-09,3.17E-18,3.10E-07,37.03232868,11.35080853,0.225319584
9.44E-05,0.517560614,0.056595195,1.06E-09,42342.09077,1.69E-07,1.60E-09,2.33E-18,7.34E-07,82.71631694,30.96122774,1.278866753
7.28E-05,0.796108097,0.061927134,3.25E-09,44981.15976,3.80E-07,2.92E-09,3.82E-18,6.22E-07,44.91885106,16.07407016,0.414409558
2.26E-05,0.740490966,0.044583114,2.65E-09,29832.72624,3.27E-07,5.90E-10,2.70E-18,6.11E-07,23.21458619,0.932035394,0.049140363
2.38E-05,0.763839172,0.038134253,2.96E-09,30964.81786,2.77E-07,1.46E-09,1.23E-18,5.67E-07,25.38545456,2.399443606,0.071186326
3.67E-05,0.804123933,0.026737125,1.27E-09,42079.35988,3.34E-07,2.05E-09,1.86E-18,6.81E-07,39.52011553,12.24625285,0.427105952
5.81E-05,0.62143031,0.044504748,4.01E-09,25930.58956,1.60E-07,2.08E-09,2.22E-18,8.89E-07,50.65860787,19.13911016,0.37575429
6.34E-05,0.697650817,0.058287753,1.21E-09,22164.34232,8.56E-08,1.95E-09,1.68E-18,8.00E-07,60.20885873,23.17820451,0.880403669
5.48E-05,0.592146494,0.010616659,1.39E-09,12337.48119,3.75E-07,2.19E-09,3.98E-18,7.31E-07,63.7139379,25.31585072,0.46974552
1.95E-05,0.691751879,0.023069763,4.19E-09,8420.486009,4.82E-08,2.54E-09,2.17E-18,8.25E-07,21.99249422,0.504472055,0.07718136
7.84E-05,0.599390812,0.041096528,2.68E-09,47380.73517,2.30E-07,6.69E-10,1.00E-18,9.11E-07,74.5908444,29.14007084,0.914530618
5.93E-05,0.609889207,0.010910438,3.68E-09,35884.25089,3.20E-07,2.71E-09,1.56E-18,4.49E-07,66.65079571,26.56396132,0.504300433
6.41E-05,0.863905664,0.033122627,2.25E-09,49630.60354,2.52E-07,2.88E-09,2.01E-18,5.50E-07,53.31538102,20.38511157,0.420352437
8.02E-05,0.885826154,0.062892256,2.73E-09,37477.45641,2.64E-07,2.51E-09,1.87E-18,2.62E-07,48.09425808,17.62655242,0.468476533
6.15E-05,0.520387733,0.054131319,2.90E-09,44798.01991,2.26E-07,1.20E-09,3.21E-18,3.60E-07,52.77060578,20.15232699,0.399437962
7.60E-05,0.79995117,0.014323543,2.31E-09,7175.779838,1.99E-07,5.45E-10,3.33E-18,9.79E-07,67.75719428,27.04696478,0.589430605
7.47E-05,0.745033333,0.043671752,3.63E-09,23210.98504,2.41E-07,2.70E-09,1.57E-18,5.72E-07,55.65601951,21.56645972,0.488983775
6.21E-05,0.502336433,0.073587634,4.42E-09,40549.81562,7.28E-08,2.73E-09,3.76E-18,2.52E-07,42.84163272,14.86968098,0.344009475
5.03E-05,0.891340609,0.073176139,2.11E-09,37248.39839,3.42E-07,5.09E-10,2.12E-18,8.75E-07,36.10234306,10.37406022,0.226383449
3.77E-05,0.817235698,0.07863385,4.14E-09,8570.556575,3.64E-07,4.30E-10,3.53E-18,3.06E-07,27.22067236,4.596588066,0.126295232
5.02E-05,0.743689331,0.025595804,1.05E-09,23788.78883,3.00E-07,2.58E-09,3.56E-18,4.63E-07,51.25662229,19.27902371,0.368211954
6.59E-05,0.837364356,0.078041336,1.17E-09,35765.5885,1.80E-07,2.06E-09,1.69E-18,8.31E-07,50.12631978,18.10506924,0.414528724
9.52E-05,0.803302143,0.075100525,2.94E-09,28760.13011,1.34E-07,1.97E-09,3.92E-18,3.33E-07,46.85614927,17.09954305,0.549507225
5.04E-05,0.868966983,0.054415765,1.15E-09,31391.10584,3.39E-07,1.21E-09,1.34E-18,8.09E-07,46.16165817,16.32262842,0.384438439
7.97E-05,0.64408916,0.024025206,2.32E-09,28189.1564,8.23E-08,2.56E-09,1.33E-18,4.00E-07,79.93581579,31.21933332,1.267145228
9.87E-05,0.535372934,0.041455921,4.69E-09,24435.80962,1.09E-07,1.45E-09,2.49E-18,3.07E-07,72.5782825,28.81247525,0.742212473
6.56E-05,0.845953987,0.063261215,8.60E-10,19839.72398,2.16E-07,1.90E-09,1.38E-18,5.78E-07,57.77025671,21.9510885,0.662306617
8.27E-05,0.501584348,0.045652002,3.28E-09,15261.24193,1.28E-07,2.21E-09,2.12E-18,4.88E-07,63.75171291,25.17893846,0.591216399
7.58E-05,0.516283931,0.04357456,1.07E-09,46064.34338,2.44E-07,1.34E-09,3.29E-18,8.96E-07,75.2296553,29.26762194,1.156462674
6.24E-05,0.590295966,0.029455159,2.42E-09,44900.74227,6.80E-08,4.08E-10,2.42E-18,5.29E-07,67.75978948,26.77553711,0.956923676
4.56E-05,0.768248067,0.026552938,1.51E-09,15671.99201,2.84E-07,1.19E-09,3.52E-18,7.63E-07,44.10190841,15.5443142,0.29493514
1.51E-05,0.512157184,0.078296263,3.93E-09,10905.28183,2.89E-07,2.81E-09,1.00E-18,7.97E-07,22.53007573,0.286815942,0.023096123
7.53E-05,0.825084241,0.0600928,3.70E-09,9554.633813,1.35E-07,8.19E-10,2.32E-18,4.76E-07,48.37756152,17.94015914,0.448016617
2.77E-05,0.860296031,0.056265459,2.57E-09,10353.85389,3.71E-07,2.17E-09,1.81E-18,4.76E-07,23.60929222,1.530240844,0.059001682
4.21E-05,0.783907031,0.043228716,1.04E-09,49366.39667,1.32E-07,1.55E-09,1.09E-18,4.15E-07,60.77414519,23.56825141,0.975738473
5.06E-05,0.790527624,0.061154955,6.72E-10,11272.22566,2.33E-07,1.74E-09,3.93E-18,7.72E-07,44.13478116,15.11699313,0.42197484
7.90E-05,0.616793796,0.052747609,3.13E-09,15089.47502,7.14E-09,7.83E-10,3.52E-18,9.86E-07,58.90677853,23.01539841,0.536588629
1.57E-05,0.815961995,0.026187875,3.60E-09,23296.48947,4.18E-08,1.07E-09,1.65E-18,7.04E-07,23.76074305,0.798164075,0.05268327
3.10E-05,0.657843639,0.026473254,4.54E-09,19416.66285,3.02E-07,2.41E-09,1.42E-18,2.80E-07,34.21259086,9.522899452,0.185933966
2.11E-05,0.817666094,0.022600628,4.90E-09,41799.05844,3.81E-07,2.72E-09,1.65E-18,7.94E-07,21.97692994,0.341032424,0.068919908
9.67E-05,0.677227485,0.043839794,2.19E-09,45608.02753,2.31E-07,7.39E-10,3.34E-18,9.78E-07,71.38677039,28.13424759,0.709119649
4.83E-05,0.665074793,0.033527201,9.00E-10,26902.0419,3.10E-07,1.85E-09,2.62E-18,4.51E-07,55.31750896,21.21214727,0.950142729
8.76E-05,0.687311791,0.017650539,1.26E-09,32469.31309,2.08E-07,1.90E-09,3.39E-18,9.48E-07,81.2729647,31.68524034,0.893906573
1.46E-05,0.774874013,0.064773688,3.95E-09,26754.26246,3.35E-09,2.89E-09,2.29E-18,8.47E-07,22.02160871,0.191506974,0.007273804
9.04E-05,0.833332837,0.042296075,4.46E-09,28616.66339,3.56E-07,1.01E-09,3.12E-18,6.48E-07,59.77513636,23.61269391,0.612416222
7.02E-05,0.83383747,0.013633804,1.69E-09,34658.77717,3.29E-07,1.37E-09,3.06E-18,3.64E-07,64.88537299,25.78084252,0.543769881
5.61E-05,0.588672386,0.053036121,3.37E-09,30174.14359,2.71E-07,5.72E-10,3.58E-18,3.37E-07,49.32425154,18.44890034,0.352379059
6.15E-05,0.57805058,0.062523359,4.78E-09,32976.93842,3.73E-07,1.58E-09,2.42E-18,7.14E-07,46.34600092,16.85600857,0.361858738
1.85E-05,0.525918257,0.061071333,3.44E-09,14344.54947,3.60E-07,2.64E-09,3.09E-18,7.09E-07,21.8405505,0.394952656,0.048205823
7.31E-05,0.883156861,0.074426072,7.08E-10,38549.42902,3.60E-07,1.51E-09,3.94E-18,7.44E-07,50.58222165,18.42471594,0.427008327
9.37E-05,0.728044081,0.031834154,8.45E-10,28836.317,3.08E-07,1.78E-09,2.22E-18,8.75E-07,85.61665502,32.6812213,1.392834958
8.36E-05,0.791245829,0.05885087,3.67E-09,24590.7506,1.51E-07,2.47E-09,2.91E-18,3.87E-07,49.77711415,18.69935859,0.505629713
4.98E-05,0.767304109,0.053496948,4.51E-09,38149.57893,2.67E-07,1.50E-09,3.67E-18,9.19E-07,39.13576398,12.6715153,0.263556013
2.69E-05,0.534281977,0.028569316,3.55E-09,47310.05856,9.23E-08,7.53E-10,1.92E-18,6.82E-07,34.48634791,9.438086785,0.267412729
4.78E-05,0.634415429,0.012841548,4.86E-09,41095.97207,1.67E-07,2.16E-09,1.88E-18,9.91E-07,54.63389715,21.18510111,0.389661351
7.58E-05,0.515494738,0.035125367,1.50E-09,35252.33608,3.01E-07,1.17E-09,1.38E-18,6.89E-07,82.29589261,31.80171765,1.332153839
9.42E-05,0.512643358,0.06569324,2.26E-09,43207.98749,8.57E-08,1.36E-09,3.75E-18,5.01E-07,61.17305205,23.61959327,0.632721773
4.72E-05,0.765174831,0.040467158,3.45E-09,46780.03327,2.43E-07,1.66E-09,2.71E-18,8.49E-07,41.36509968,13.9957501,0.271599449
9.53E-05,0.560108856,0.06013884,2.24E-09,32867.6714,4.09E-08,2.68E-09,2.01E-18,4.77E-07,70.34582958,26.9575634,0.881953735
4.23E-05,0.674095189,0.048132009,2.59E-09,13115.37684,9.88E-08,2.65E-09,1.52E-18,6.18E-07,40.507431,13.31930271,0.241443348
2.36E-05,0.625530525,0.051731908,1.05E-09,39681.75671,3.48E-07,1.71E-09,1.43E-18,3.75E-07,39.64833808,12.07824645,0.602409744
3.52E-05,0.782061067,0.067470116,4.96E-09,43173.93362,3.92E-07,8.06E-10,3.73E-18,2.62E-07,27.64300006,4.914965983,0.124714429
5.28E-05,0.567555294,0.021703874,2.38E-09,9641.290422,1.52E-07,1.71E-09,1.84E-18,8.15E-07,60.08923881,23.59643874,0.498664842
5.86E-05,0.739223419,0.069080726,2.06E-09,18956.63867,3.67E-07,1.25E-09,2.03E-18,9.39E-07,43.03023611,14.77122347,0.317144637
7.95E-05,0.759296388,0.031003516,2.00E-09,36883.7702,2.28E-07,1.53E-09,1.13E-18,4.56E-07,72.50650966,28.45927866,0.834375412
2.08E-05,0.771653478,0.04183116,6.06E-10,25151.74994,2.10E-07,6.49E-10,2.76E-18,9.75E-07,33.86820429,6.963339725,0.842856435
7.80E-05,0.783475115,0.019170895,3.36E-09,25820.86695,1.65E-07,1.49E-09,2.62E-18,8.32E-07,67.0152468,26.73014788,0.594073432
9.75E-05,0.757839394,0.027554784,1.53E-09,27554.68852,3.70E-07,2.57E-09,1.82E-18,4.10E-07,81.70860673,31.50773845,0.780255781
8.79E-05,0.549708604,0.028658002,4.78E-09,31586.9693,3.45E-07,1.58E-09,2.76E-18,5.45E-07,72.79911236,29.01599515,0.690705401
6.97E-05,0.857472381,0.042375836,6.48E-10,46261.74167,3.41E-07,3.13E-10,2.67E-18,4.35E-07,68.85410224,26.87303388,0.955071834
8.65E-05,0.824083729,0.072459423,1.02E-09,22583.76668,1.96E-07,2.75E-09,2.51E-18,5.59E-07,56.25219561,21.08562741,0.561716292
9.91E-05,0.553334544,0.014232039,6.30E-10,41499.32115,1.27E-07,2.96E-09,2.76E-18,5.43E-07,123.3709836,43.09534417,2.302377425
4.77E-05,0.774561586,0.04731181,3.59E-09,27088.43614,1.12E-07,7.70E-10,3.60E-18,2.58E-07,39.8011622,13.06268305,0.261180775
8.20E-05,0.758947594,0.037339686,1.09E-09,33058.32933,5.38E-08,9.99E-10,3.68E-18,5.87E-07,73.06152956,28.6675093,1.187527614
4.80E-05,0.672259144,0.065887623,3.98E-09,34245.41165,3.50E-07,6.78E-10,1.33E-18,7.17E-07,40.35875919,13.28952794,0.252963997
5.66E-05,0.604917322,0.046097981,3.79E-09,32701.20288,2.44E-07,1.21E-09,3.00E-18,7.71E-07,50.14428825,18.88959515,0.364415373
8.69E-05,0.673981458,0.045477106,3.69E-09,28519.98454,8.81E-08,6.31E-10,3.61E-18,8.26E-07,62.92711399,24.95566364,0.607704253
3.02E-05,0.70872119,0.038046334,1.54E-09,22679.02633,3.54E-07,1.13E-09,3.75E-18,3.48E-07,30.1931384,6.591657585,0.145859486
2.08E-05,0.671033648,0.047452164,4.19E-09,31334.26861,2.81E-07,8.54E-10,3.23E-18,9.04E-07,21.88020432,0.367635359,0.046391527
4.61E-05,0.595931922,0.065823738,2.66E-09,7932.181388,8.31E-08,7.89E-10,2.93E-18,7.50E-07,39.95829525,13.11729852,0.247783518
3.52E-05,0.554828185,0.019428739,1.94E-09,24955.8595,1.44E-07,1.56E-09,3.38E-18,9.98E-07,44.36366134,15.69138741,0.303956569
5.45E-05,0.870876384,0.023155068,7.87E-10,45760.07932,3.52E-08,1.08E-09,3.44E-18,2.69E-07,61.68723814,24.20950255,1.519233968
5.50E-05,0.624180902,0.010094613,2.66E-09,30592.40994,3.20E-07,9.19E-10,2.63E-18,9.65E-07,62.51280614,24.81496863,0.47647505
5.96E-05,0.648737881,0.062400314,1.35E-09,19239.78814,1.30E-07,1.62E-09,1.44E-18,5.86E-07,58.2745117,22.37209029,0.717986722
6.00E-05,0.886930542,0.027978914,4.32E-09,49148.79992,1.40E-07,2.42E-09,1.63E-18,7.12E-07,50.18744118,18.8939798,0.395048596
7.35E-05,0.867337884,0.068960592,4.58E-09,26542.4119,1.63E-07,2.29E-09,1.13E-18,4.87E-07,43.70371077,15.2373212,0.404516273
9.80E-05,0.606699897,0.049883628,9.96E-10,44666.44937,1.16E-07,1.79E-09,3.93E-18,2.83E-07,80.67589128,30.66666489,1.190965367
1.43E-05,0.626574156,0.059879772,1.55E-09,24421.67499,3.52E-07,2.95E-09,2.09E-18,2.89E-07,24.92344091,1.424948439,0.058841275
1.06E-05,0.8498967,0.034886747,3.07E-09,33460.41343,2.25E-07,1.39E-09,2.88E-18,2.53E-07,22.1425469,0.142377125,0.030243241
5.35E-05,0.904991427,0.037945428,3.53E-09,15995.17562,2.18E-07,6.84E-10,2.13E-18,5.75E-07,42.16845766,14.467577,0.308492
5.07E-05,0.59882021,0.033431902,3.37E-09,21009.49305,2.17E-07,2.85E-09,2.72E-18,8.24E-07,50.86731915,19.27921885,0.348976683
2.31E-05,0.550511452,0.033888493,4.27E-09,12595.80045,1.31E-07,1.15E-09,2.04E-18,4.60E-07,27.68893568,4.938231945,0.130184702
1.31E-05,0.624006791,0.049642827,1.02E-09,28983.01913,3.38E-07,4.96E-10,3.27E-18,3.05E-07,28.4572799,3.374206996,0.356149875
6.63E-05,0.709230512,0.054964032,6.56E-10,11691.51245,3.80E-07,2.30E-09,3.10E-18,4.18E-07,58.5741076,22.44876924,0.722041077
5.75E-05,0.527831484,0.038848784,4.31E-09,42546.34041,3.18E-07,1.48E-09,2.28E-18,4.42E-07,55.76055527,21.6913226,0.406510846
6.48E-05,0.818325742,0.011365059,2.98E-09,35295.23659,5.11E-08,2.90E-09,2.80E-18,5.42E-07,61.73324893,24.46377464,0.499753905
2.93E-05,0.691011081,0.073317426,4.77E-09,23428.06062,1.31E-08,1.84E-09,1.06E-18,2.79E-07,27.97406872,4.374686099,0.100426961
2.72E-05,0.85876733,0.019819811,4.76E-09,47881.61974,7.43E-08,6.66E-10,3.51E-18,8.10E-07,24.02106491,2.094283903,0.125742866
5.50E-05,0.580407975,0.066527568,4.41E-09,17344.60799,4.13E-09,2.44E-09,1.83E-18,7.91E-07,44.19031289,15.42459195,0.317400217
8.26E-05,0.586689322,0.070857389,9.06E-10,30798.82371,1.22E-07,9.29E-10,2.71E-18,4.00E-07,70.55750831,27.144141,0.9996116
6.52E-05,0.737289647,0.059294718,6.97E-10,39880.04054,2.57E-07,1.39E-09,2.87E-18,7.64E-07,60.70874453,23.34269651,0.809397819
1.67E-05,0.650868748,0.025809518,4.07E-09,28093.28973,1.77E-07,1.30E-09,2.92E-18,5.88E-07,21.57836428,0.051930416,0.06955883
5.85E-05,0.858328584,0.03018464,8.32E-10,22259.91314,1.73E-07,1.84E-09,2.46E-18,6.12E-07,58.41315039,22.52473241,0.995425535
2.86E-05,0.59147618,0.022035779,1.95E-09,8292.481507,9.08E-08,1.74E-09,3.24E-18,5.89E-07,34.48478894,9.644485572,0.20694184
3.87E-05,0.529458542,0.036818221,4.03E-09,17472.39486,1.25E-07,1.41E-09,3.99E-18,8.91E-07,43.3007398,15.1682018,0.256852881
2.28E-05,0.762732507,0.03402178,1.85E-09,47094.05658,8.63E-09,1.10E-09,1.97E-18,6.32E-07,33.04149506,6.488890519,1.123718932
3.22E-05,0.792997835,0.013849901,1.27E-09,28271.08494,2.12E-07,1.55E-09,2.02E-18,5.16E-07,37.78749235,11.10524742,0.685835761
8.60E-05,0.68089862,0.049043363,1.81E-09,13558.92269,1.19E-07,2.13E-09,1.89E-18,5.07E-07,65.62676562,25.53271343,0.71919001
2.41E-05,0.553789813,0.031609236,3.59E-09,48937.26072,2.02E-07,2.66E-09,3.47E-18,8.23E-07,29.71547136,6.422289427,0.14880613
7.62E-05,0.880236375,0.029571145,3.61E-09,47645.39891,3.24E-07,4.53E-10,3.07E-18,5.63E-07,59.47202499,23.46626502,0.543023551
4.49E-05,0.51102391,0.05547827,2.56E-09,39403.25047,2.61E-07,2.51E-09,2.27E-18,5.04E-07,44.45340134,15.65714059,0.272032442
4.47E-05,0.706640846,0.015975106,4.40E-09,36106.60977,2.04E-07,1.30E-09,3.61E-18,9.31E-07,47.30128586,17.4151537,0.325901329
8.74E-05,0.711076726,0.065606075,4.81E-09,10293.57558,2.77E-07,2.79E-09,1.23E-18,5.27E-07,49.38041287,18.43935217,0.523714899
8.06E-05,0.681792877,0.079596672,3.77E-09,47149.43598,1.75E-07,5.64E-10,3.80E-18,2.72E-07,46.74964882,17.04232564,0.465425847
9.71E-05,0.835383113,0.070635115,2.83E-09,43703.68766,3.23E-07,2.97E-09,2.69E-18,8.80E-07,48.88009823,18.11428634,0.573469282
8.47E-05,0.892197946,0.069988319,2.77E-09,14379.71063,1.98E-07,2.73E-09,1.70E-18,3.56E-07,45.74267372,16.34782261,0.479840027
7.46E-05,0.615710706,0.048218355,4.48E-09,38865.86359,6.31E-09,2.00E-09,3.17E-18,7.58E-07,56.67800386,22.06664704,0.504728342
1.52E-05,0.603945005,0.031089339,1.56E-09,29731.22984,7.04E-08,4.21E-10,1.53E-18,4.75E-07,33.71931445,6.02406523,1.102022447
3.00E-05,0.717413078,0.067286747,4.00E-09,34835.24719,6.48E-08,1.47E-09,3.87E-18,6.49E-07,25.75248877,3.477374647,0.093855945
1.76E-05,0.801084026,0.068975077,1.78E-09,21676.50476,1.63E-07,5.47E-10,2.78E-18,7.56E-07,24.94142201,1.386066754,0.005937585
6.40E-05,0.572080355,0.03265774,2.89E-09,40640.49395,2.92E-08,2.38E-09,1.63E-18,4.72E-07,68.16150583,26.83277126,1.106749549
6.91E-05,0.787865871,0.058495826,2.15E-09,48254.49222,1.43E-07,2.45E-09,2.24E-18,7.75E-07,49.60513833,18.33500952,0.412086725
2.02E-05,0.891166608,0.019658185,1.93E-09,17148.32457,2.12E-07,1.85E-09,2.27E-18,4.22E-07,23.56359989,0.733226562,0.056211804
9.73E-05,0.821625196,0.029242804,3.04E-09,26033.14136,1.53E-07,2.59E-09,3.43E-18,4.24E-07,70.83068423,28.18859513,0.720474558
2.28E-05,0.621802327,0.067694321,1.89E-09,10265.36254,4.25E-08,2.10E-09,3.46E-18,6.51E-07,23.79276595,1.534590442,0.064347919
8.89E-05,0.848546694,0.056056657,3.75E-09,15783.82932,1.76E-07,1.82E-09,1.31E-18,6.80E-07,54.32715163,20.81156003,0.559562426
2.90E-05,0.517847644,0.034599264,3.82E-09,21324.35091,2.08E-07,1.44E-09,2.33E-18,9.84E-07,35.49675459,10.37079752,0.187011334
8.73E-05,0.598132917,0.05059478,8.28E-10,43966.05492,2.27E-07,2.49E-09,3.42E-18,8.30E-07,75.43105546,29.01904479,1.136988537
6.83E-05,0.662800612,0.071330349,3.87E-09,17584.26202,2.79E-07,2.46E-09,3.30E-18,7.77E-07,42.5414918,14.71908635,0.373390329
3.87E-05,0.544053782,0.050737288,3.05E-09,28891.04496,3.84E-07,2.83E-09,2.54E-18,5.94E-07,39.35650693,12.79327702,0.219327342
5.47E-05,0.88141665,0.063098205,3.65E-09,42705.48664,3.68E-07,1.01E-09,2.97E-18,8.73E-07,37.27176023,11.48584078,0.273290828
2.42E-05,0.658647885,0.011669479,1.92E-09,43556.93156,3.96E-07,9.08E-10,2.44E-18,5.38E-07,29.22903756,5.182438167,0.187916121
3.35E-05,0.555829265,0.035953212,1.10E-09,6122.217736,1.17E-07,1.03E-09,1.35E-18,3.08E-07,65.69604135,25.90881033,1.245093198
8.36E-05,0.50586405,0.025526232,1.71E-09,32795.75669,3.77E-07,1.59E-09,3.14E-18,9.62E-07,79.99378237,31.28528731,0.888345586
9.21E-05,0.730581145,0.06925643,1.76E-09,20688.38248,2.34E-07,1.01E-09,1.77E-18,5.84E-07,61.03776466,23.33525316,0.605570074
3.92E-05,0.876567605,0.034365114,4.28E-09,22046.47225,3.76E-07,2.79E-09,3.94E-18,7.38E-07,33.4290209,9.010547425,0.196562384
5.86E-05,0.864606361,0.048410394,3.51E-09,23884.05482,3.82E-07,5.26E-10,1.06E-18,3.52E-07,46.54744557,16.76784311,0.340101718
7.04E-05,0.870136577,0.074759257,4.86E-09,14056.34457,6.89E-08,1.61E-09,1.20E-18,9.98E-07,40.94541247,13.64774675,0.370513198
4.75E-05,0.868008154,0.054001314,4.15E-09,9778.420737,1.82E-07,2.92E-09,3.14E-18,7.11E-07,35.09207684,10.11820685,0.228692306
8.08E-05,0.628946943,0.067915715,3.17E-09,45928.4524,1.95E-07,1.79E-09,1.82E-18,7.01E-07,52.35836083,19.72300901,0.496156931
8.12E-05,0.778671557,0.030486288,2.60E-09,42637.51225,2.47E-07,2.61E-09,1.76E-18,3.22E-07,65.86756063,26.0710791,0.589436405
6.76E-05,0.629468175,0.04692036,1.23E-09,16455.20429,2.93E-07,1.85E-09,1.07E-18,3.68E-07,70.62637011,27.43235221,0.999052904
6.13E-05,0.64510368,0.01790629,3.51E-09,35356.28396,2.13E-07,2.53E-09,2.09E-18,5.55E-07,63.01708086,25.01690339,0.488279596
6.52E-05,0.750309328,0.046441884,3.18E-09,18802.08341,3.74E-07,1.72E-09,3.79E-18,5.49E-07,49.41653835,18.54181505,0.401535464
9.19E-05,0.698887379,0.070196726,1.73E-09,11472.7487,3.16E-07,2.57E-09,2.39E-18,7.96E-07,52.61583299,19.73777584,0.561991753
7.19E-05,0.664169761,0.044273866,9.35E-10,7695.783546,1.12E-07,2.77E-09,1.99E-18,3.82E-07,69.27514085,27.06175581,1.192815222
7.86E-05,0.511265583,0.038947265,3.22E-09,21754.00146,2.06E-07,2.98E-09,2.79E-18,6.96E-07,64.4464117,25.6132161,0.574576206
9.01E-05,0.686830641,0.079796256,2.28E-09,16913.00722,2.98E-07,1.95E-09,3.40E-18,9.10E-07,45.59824572,16.33168162,0.510765811
1.01E-05,0.869547992,0.016224376,3.40E-09,44767.08547,2.96E-07,2.50E-09,3.01E-18,7.61E-07,21.66720694,0.06018062,0.062315835
6.71E-05,0.871425547,0.010249867,6.41E-10,14153.22361,3.72E-07,3.37E-10,1.03E-18,4.08E-07,94.19128211,35.63513878,1.345254346
4.95E-05,0.696922367,0.031440024,3.30E-09,16257.16895,2.00E-07,2.40E-09,2.13E-18,4.84E-07,47.6588608,17.57477349,0.321657629
2.91E-05,0.651952408,0.068401304,1.28E-09,49050.86328,2.24E-08,2.72E-09,3.28E-18,6.87E-07,37.05705127,10.51524218,0.432736269
3.60E-05,0.808857419,0.078699811,1.49E-09,38893.06726,3.50E-07,2.98E-09,2.21E-18,4.83E-07,29.31983857,5.493619611,0.116369888
6.93E-05,0.782484725,0.049254147,3.72E-09,33174.80861,1.07E-07,2.00E-09,3.38E-18,7.47E-07,49.42983577,18.52002043,0.424667788
3.61E-05,0.686534409,0.028883399,4.85E-09,9580.653321,3.26E-07,1.51E-09,2.73E-18,6.06E-07,37.18128753,11.46363943,0.208317317
7.91E-05,0.607686665,0.017244955,1.25E-09,27672.83954,2.95E-07,1.45E-09,1.35E-18,8.68E-07,90.71265343,34.76971723,1.592221968
3.91E-05,0.846630477,0.021397947,3.11E-09,30577.35247,2.18E-07,1.50E-09,2.84E-18,2.91E-07,36.07881565,10.73607326,0.234544926
2.15E-05,0.687768498,0.02735889,1.11E-09,43623.46483,2.92E-07,2.40E-09,1.02E-18,7.43E-07,37.67748889,10.6631987,0.891599914
5.89E-05,0.697982275,0.014887813,2.96E-09,30900.05381,2.93E-07,2.08E-09,2.59E-18,7.24E-07,60.29834535,23.83192236,0.457858863
8.64E-05,0.837238555,0.032773291,4.10E-09,31015.10831,3.92E-07,2.60E-09,2.74E-18,4.04E-07,61.64325521,24.44745941,0.602688513
1.84E-05,0.564243823,0.024850185,3.71E-09,18522.85977,1.94E-07,2.28E-09,3.46E-18,5.57E-07,22.91169828,1.25738493,0.10847681
6.32E-05,0.85117075,0.035690741,3.70E-09,25997.77439,1.92E-07,2.66E-09,2.10E-18,4.66E-07,50.00835881,18.81718136,0.400658615
6.38E-05,0.756018269,0.018661671,1.97E-09,42487.33965,2.40E-07,1.38E-09,3.35E-18,5.22E-07,61.03654953,24.11606401,0.488587342
2.91E-05,0.868783583,0.066033829,2.33E-09,14131.7342,7.26E-08,1.67E-09,2.56E-18,2.59E-07,23.96047676,1.624876795,0.056449653
7.15E-05,0.774080942,0.059785496,1.21E-09,47758.55588,3.07E-07,2.20E-09,1.09E-18,7.82E-07,61.56054075,23.62235557,0.648782047
8.07E-05,0.756725107,0.041703915,1.33E-09,8946.554487,3.26E-07,1.27E-09,3.58E-18,7.40E-07,60.72978709,23.85528155,0.551677939
8.52E-05,0.799019489,0.022373102,4.65E-09,17205.7297,3.35E-07,9.94E-10,1.29E-18,6.39E-07,68.99470689,27.5149643,0.641221189
5.79E-05,0.514799617,0.064306675,4.09E-09,48314.32309,9.05E-08,2.02E-09,1.26E-18,4.43E-07,50.455874,18.6867834,0.396441213
1.35E-05,0.639645904,0.022922836,3.85E-09,28704.2144,5.73E-09,1.19E-09,3.51E-18,4.45E-07,21.76588637,0.131779338,0.093399809
6.42E-05,0.637210981,0.069913622,7.51E-10,10133.24865,1.23E-08,2.55E-09,2.45E-18,9.05E-07,81.24070944,31.77934115,1.394969819
9.81E-05,0.889582491,0.02569998,2.03E-09,14749.99832,2.55E-08,8.10E-10,1.74E-18,2.90E-07,82.28470828,31.88775762,1.190582979
3.74E-05,0.842300486,0.013182486,4.87E-09,42456.12573,3.94E-07,1.77E-09,1.73E-18,3.41E-07,36.1728088,10.81289481,0.240634101
1.97E-05,0.53896775,0.077035226,4.62E-09,39184.32242,2.94E-07,2.36E-09,3.53E-18,9.07E-07,21.76357169,0.328581731,0.03818577
1.45E-05,0.890135526,0.061640287,3.12E-09,48845.10786,1.36E-07,2.86E-09,3.49E-18,8.96E-07,21.62958029,0.064983291,0.006590849
4.27E-05,0.73576068,0.030067489,3.61E-09,19780.20506,3.08E-07,3.15E-10,1.59E-18,9.21E-07,41.9311991,14.27408058,0.271956367
8.85E-05,0.595137599,0.058657675,4.68E-09,7999.086969,5.69E-08,6.40E-10,2.37E-18,3.71E-07,58.68776753,23.03861177,0.589154586
7.89E-05,0.8239883,0.012378556,4.72E-09,14007.25838,2.97E-07,1.70E-09,1.33E-18,8.33E-07,69.23556695,27.65657782,0.609498105
7.36E-05,0.82998934,0.021052049,3.58E-09,46252.51945,6.02E-08,2.79E-09,3.41E-18,6.61E-07,62.07220104,24.63561721,0.54398242
2.30E-05,0.612464089,0.048713047,4.75E-09,42871.07086,2.32E-07,1.34E-09,3.78E-18,3.46E-07,24.44429861,2.475611264,0.080818764
9.56E-05,0.744255478,0.039701208,1.61E-09,17884.1865,1.66E-07,3.96E-10,3.37E-18,9.43E-07,74.35436331,29.17883964,0.71468884
2.84E-05,0.759593571,0.027248858,2.08E-09,10983.08002,6.18E-08,1.79E-09,3.96E-18,7.51E-07,27.9135551,5.062949949,0.136198069
3.97E-05,0.769280813,0.05697037,3.99E-09,14957.34244,1.55E-08,7.77E-10,2.71E-18,8.16E-07,32.74899333,8.483454199,0.18037721
3.07E-05,0.677740348,0.042238099,4.97E-09,29944.69507,1.58E-07,1.76E-09,1.85E-18,5.68E-07,30.6138729,7.050784804,0.144777471
5.66E-05,0.715755364,0.060839656,1.16E-09,22969.14022,6.32E-08,1.09E-09,2.57E-18,2.94E-07,53.3447565,19.95739258,0.712592203
6.56E-05,0.66815794,0.013040742,1.49E-09,44211.541,6.16E-08,2.77E-09,1.43E-18,9.30E-07,82.88797168,32.47204523,1.717523513
6.51E-05,0.573394043,0.05881422,1.92E-09,11998.67334,2.80E-07,5.62E-10,1.55E-18,6.74E-07,59.59928715,23.02241506,0.584124282
1.98E-05,0.66250106,0.077322925,1.34E-09,8777.936403,1.51E-07,1.16E-09,1.91E-18,8.42E-07,27.32421993,2.759697638,0.118229217
8.72E-05,0.633996819,0.047633657,4.52E-09,12809.42572,3.35E-07,1.66E-09,3.96E-18,8.86E-07,59.30584718,23.4299572,0.586593032
4.65E-05,0.844592507,0.078939243,1.81E-09,40356.25569,2.14E-07,2.04E-09,1.50E-18,4.07E-07,35.78701144,9.961121949,0.196019824
6.87E-05,0.668856419,0.067114819,2.08E-09,26870.59473,2.22E-07,2.36E-09,3.36E-18,6.31E-07,46.01973848,16.54808084,0.396148863
8.30E-05,0.77100314,0.036613217,4.05E-09,6570.076805,1.83E-07,2.54E-09,3.50E-18,3.36E-07,59.66112035,23.59114103,0.563367781
1.88E-05,0.54529123,0.071896945,4.64E-09,46432.83207,9.96E-08,9.02E-10,2.00E-18,5.53E-07,22.53915017,0.315788317,0.033827371
7.73E-05,0.618816887,0.065044369,2.75E-09,13950.68442,2.97E-07,2.54E-09,3.56E-18,5.36E-07,48.40640327,17.97285486,0.460995323
7.25E-05,0.583591528,0.024317523,2.30E-09,10433.44429,3.34E-07,1.25E-09,2.92E-18,5.18E-07,69.05844372,27.52500101,0.574774767
4.17E-05,0.880561854,0.068101233,4.33E-09,40882.23132,3.06E-07,1.96E-09,2.86E-18,8.29E-07,29.13940989,5.999037808,0.159354179
7.73E-05,0.906434164,0.074364076,3.10E-09,12248.03138,2.59E-07,1.23E-09,1.55E-18,6.07E-07,43.43800072,15.08436269,0.422150509
9.15E-05,0.548182309,0.060669646,1.58E-09,9219.422847,1.64E-07,9.98E-10,2.91E-18,8.64E-07,66.17457721,25.62274976,0.725764551
1.50E-05,0.609070903,0.012119216,2.90E-09,27659.20245,2.65E-07,7.01E-10,1.78E-18,3.66E-07,23.98706401,0.898882207,0.122104905
2.20E-05,0.696787281,0.055731332,4.80E-09,38189.38857,1.17E-07,3.02E-10,2.53E-18,4.01E-07,22.53965235,0.596008581,0.038333818
4.41E-05,0.741912,0.066347799,2.15E-09,8717.46716,6.32E-08,2.02E-09,2.03E-18,6.52E-07,35.53146055,10.17439784,0.208860606
1.90E-05,0.521879709,0.03520454,1.77E-09,27503.95467,7.12E-08,2.17E-09,3.67E-18,6.79E-07,29.34941635,5.584278308,0.433935173
5.51E-05,0.655983463,0.028730106,4.57E-09,45275.44343,2.59E-07,2.47E-09,3.80E-18,9.17E-07,53.19912504,20.49847409,0.38372821
7.68E-05,0.862014815,0.048960226,3.06E-09,27338.37343,1.83E-07,2.09E-09,1.95E-18,5.76E-07,52.10852333,19.80024573,0.478745125
6.24E-05,0.816554053,0.056433477,4.05E-09,7726.671406,1.05E-07,2.86E-09,3.36E-18,7.84E-07,42.52424015,14.72171808,0.344691136
3.68E-05,0.70519265,0.057189896,2.69E-09,39229.31145,1.90E-07,4.59E-10,2.97E-18,7.21E-07,33.27161855,8.774611022,0.170290495
2.98E-05,0.589071216,0.023942167,4.12E-09,27275.67603,2.89E-07,4.46E-10,2.95E-18,5.06E-07,34.75817104,9.885412128,0.214460214
6.61E-05,0.609931203,0.030611851,2.19E-09,22294.29193,1.71E-07,2.56E-09,2.02E-18,3.80E-07,64.2424684,25.31860503,0.517843094
9.19E-05,0.51009477,0.020520094,3.92E-09,7509.011936,2.61E-07,9.57E-10,1.09E-18,9.11E-07,86.07027464,33.22558762,0.812184063
5.22E-05,0.789895845,0.058018144,3.72E-09,12885.92729,3.03E-07,1.38E-09,2.15E-18,9.00E-07,39.05352067,12.60428937,0.272140446
9.11E-05,0.568991065,0.015871135,6.93E-10,40464.11519,2.85E-07,2.91E-09,3.59E-18,7.41E-07,101.7439833,37.76313489,1.9101744
4.45E-05,0.811015901,0.05765754,1.65E-09,39070.52447,3.14E-07,1.59E-09,3.66E-18,7.92E-07,35.47468259,10.23309186,0.211985694
3.11E-05,0.649299715,0.039106352,7.55E-10,34581.60189,1.87E-07,2.84E-09,3.51E-18,3.77E-07,46.11011782,16.28206766,0.899848844
9.68E-05,0.664496717,0.075071923,2.02E-09,32299.159,2.84E-07,5.75E-10,1.78E-18,6.65E-07,63.74672704,24.38681556,0.641395172
1.74E-05,0.659952724,0.033360372,9.89E-10,29998.30779,3.04E-08,2.38E-09,1.39E-18,7.80E-07,37.0035025,8.00631008,1.379338286
4.58E-05,0.728570837,0.033189122,3.98E-09,34931.35432,7.70E-09,1.04E-09,3.99E-18,6.13E-07,43.21780715,15.08465544,0.291928875
1.58E-05,0.897075865,0.028068213,3.32E-09,38270.8902,3.62E-07,2.97E-09,1.05E-18,9.93E-07,23.7360846,0.934093307,0.035256984
9.38E-05,0.732698834,0.039794909,3.78E-09,8092.993585,2.66E-07,1.24E-09,3.64E-18,5.17E-07,65.04638804,25.91430672,0.658324037
5.88E-05,0.836559329,0.057311513,8.48E-10,7370.395825,2.64E-07,2.24E-09,3.00E-18,9.95E-07,46.46683819,16.53245256,0.380990717
9.11E-05,0.900263227,0.019262835,3.43E-09,22485.25155,3.55E-07,2.92E-09,1.62E-18,9.09E-07,70.50642749,28.04462927,0.686724648
1.39E-05,0.72155256,0.023741455,4.47E-09,39344.52009,3.75E-07,9.85E-10,3.60E-18,9.27E-07,21.45481642,0.035253084,0.056908259
8.16E-05,0.776262292,0.058101856,3.44E-09,29582.24428,3.03E-07,1.91E-09,1.42E-18,8.13E-07,52.90445836,20.11384261,0.506104961
9.08E-05,0.87390353,0.051910261,3.79E-09,19489.11324,1.39E-07,4.34E-10,2.93E-18,9.14E-07,57.77745934,22.63389664,0.597078995
8.15E-05,0.675755289,0.054758165,1.66E-09,12740.32784,1.76E-07,2.62E-09,1.76E-18,8.03E-07,61.58005542,23.80524606,0.647615673
6.35E-05,0.874997606,0.047270988,4.98E-09,13290.45595,2.68E-07,1.10E-09,3.83E-18,4.78E-07,45.32884019,16.33819527,0.371082454
9.10E-05,0.812194956,0.041902591,4.13E-09,22868.01112,3.15E-07,2.42E-09,1.16E-18,4.69E-07,61.74540164,24.29011911,0.618785803
5.15E-05,0.670188538,0.065157707,1.89E-09,47084.82209,1.42E-07,1.63E-09,3.63E-18,9.18E-07,41.54347731,13.96304374,0.278464184
9.17E-05,0.73761376,0.059647321,2.80E-09,9868.535874,2.60E-07,6.95E-10,3.01E-18,5.46E-07,56.73781685,22.10896692,0.592966658
7.46E-05,0.901073395,0.066454448,1.91E-09,8240.068741,3.97E-07,4.00E-10,2.06E-18,9.24E-07,48.87617549,18.00625384,0.434379193
6.68E-05,0.526944614,0.072099848,4.99E-09,43086.42423,1.68E-07,1.54E-09,2.82E-18,6.56E-07,45.53863357,16.39451559,0.384787315
8.37E-05,0.580251352,0.022579928,4.41E-09,9185.851902,3.28E-07,3.80E-10,3.58E-18,9.08E-07,75.45971297,30.09165638,0.682726187
8.40E-05,0.79232232,0.017569185,4.52E-09,21954.31258,3.12E-07,1.91E-09,2.50E-18,5.22E-07,69.48247389,27.78879576,0.642802666
9.97E-05,0.863315684,0.024615518,4.79E-09,28485.01476,1.53E-07,7.49E-10,2.36E-18,4.93E-07,75.05166473,29.77780121,0.769576902
3.45E-05,0.594834877,0.066385685,3.19E-09,47718.68326,3.95E-07,2.14E-09,3.08E-18,9.57E-07,31.7647991,7.852092198,0.152452328
7.24E-05,0.886269071,0.068796745,4.26E-09,40746.06796,1.11E-07,2.61E-09,3.30E-18,7.79E-07,40.95540263,13.77167858,0.385705199
7.05E-05,0.65379424,0.069591112,4.43E-09,47827.99604,4.29E-08,1.43E-09,2.31E-18,8.21E-07,46.82494152,17.00074591,0.410400251
9.64E-05,0.568445911,0.052014615,2.55E-09,37834.31188,5.12E-08,1.14E-09,2.25E-18,4.85E-07,74.47447596,28.77430612,0.894910367
4.69E-05,0.567121768,0.050173366,4.39E-09,20801.71778,1.94E-07,2.34E-09,2.33E-18,4.96E-07,43.75918294,15.40686984,0.279320087
2.34E-05,0.607885188,0.01082778,1.59E-09,18261.40658,7.40E-08,1.73E-09,1.12E-18,5.92E-07,46.92610994,16.15405762,1.404087519
2.26E-05,0.74292301,0.066670814,2.43E-09,31176.47456,3.76E-08,7.31E-10,3.20E-18,7.68E-07,23.72978059,0.897281066,0.027574713
5.09E-05,0.794721852,0.03218134,2.97E-09,43613.78665,5.83E-08,7.08E-10,2.40E-18,4.38E-07,46.54453848,16.84693921,0.331547697
1.94E-05,0.767624952,0.036113174,2.74E-09,18914.81453,1.30E-07,5.94E-10,1.69E-18,8.88E-07,24.64896661,1.269711195,0.045417768
9.78E-05,0.829509985,0.053221997,3.75E-09,43322.39998,1.24E-07,1.98E-09,2.98E-18,8.27E-07,57.86903955,22.6367672,0.639815727
7.79E-05,0.634823294,0.064138683,3.69E-09,47560.02653,3.52E-07,1.83E-09,1.02E-18,4.61E-07,54.81895041,20.82129589,0.48820685
4.18E-05,0.702273728,0.041200316,2.61E-09,35150.97881,1.46E-07,2.12E-09,2.34E-18,7.31E-07,40.05967154,13.16514314,0.242276292
7.27E-05,0.885184472,0.060982526,4.24E-09,41339.30443,3.16E-08,3.70E-10,2.39E-18,8.12E-07,48.86811699,18.13865399,0.43151007
3.25E-05,0.866484385,0.03270888,4.95E-09,36835.77875,2.51E-08,1.93E-09,1.13E-18,6.78E-07,29.63747157,5.834582396,0.143856859
3.18E-05,0.550306243,0.062108866,1.62E-09,24997.18446,3.85E-07,2.19E-09,3.76E-18,5.42E-07,32.54346573,8.322955617,0.14830547
9.51E-05,0.85390324,0.013333195,3.02E-09,46603.95398,4.05E-08,1.28E-09,3.73E-18,5.32E-07,79.25380821,31.2454877,0.776921608
1.02E-05,0.631088237,0.03739573,2.18E-09,13080.97128,1.36E-07,7.27E-10,3.57E-18,5.70E-07,22.51194628,0.27634198,0.044012335
4.06E-05,0.520048145,0.043316278,4.29E-09,19685.46593,2.05E-07,5.11E-10,1.24E-18,9.90E-07,46.1224506,16.63199898,0.281046567
1.02E-05,0.797928521,0.054262122,3.83E-09,41720.64149,2.73E-07,1.75E-09,3.31E-18,7.22E-07,21.52675516,0.044641147,0.010461821
4.32E-05,0.76660834,0.048245089,7.63E-10,48796.42883,2.07E-07,1.96E-09,2.14E-18,6.76E-07,54.82918455,20.87551076,0.869994724
3.24E-05,0.650535298,0.017378019,3.27E-09,8881.770389,2.65E-07,5.22E-10,3.80E-18,3.81E-07,36.08861735,10.76618892,0.223187461
1.24E-05,0.581286601,0.028418693,1.96E-09,44546.46903,2.03E-07,1.92E-09,2.78E-18,3.58E-07,24.11216538,0.820393513,0.099352607
3.16E-05,0.716909015,0.020091583,1.47E-09,22548.31107,2.40E-07,1.46E-09,1.36E-18,3.44E-07,44.09615508,15.32185504,0.851473903
7.41E-05,0.682624124,0.078820397,2.52E-09,18598.6936,7.93E-08,2.70E-09,3.07E-18,3.13E-07,42.48918747,14.54671383,0.401597753
4.46E-05,0.598232136,0.027782065,4.02E-09,25752.28274,2.00E-07,7.40E-10,3.05E-18,8.82E-07,48.43891952,18.01445851,0.325774612
4.20E-05,0.669304041,0.0475412,4.89E-09,18666.21789,2.46E-07,1.98E-09,2.52E-18,9.50E-07,38.44218116,12.24804837,0.225528698
1.56E-05,0.748118574,0.077532121,2.84E-09,25225.87675,1.27E-07,2.05E-09,2.40E-18,9.41E-07,22.45013076,0.231369371,0.002434998
6.81E-05,0.586084634,0.057855972,4.38E-09,20317.55806,3.09E-07,4.02E-10,1.16E-18,8.71E-07,56.61151526,21.91317378,0.444620513
9.10E-05,0.510888231,0.053913427,4.11E-09,31147.96436,3.87E-07,2.46E-09,1.23E-18,7.53E-07,63.41487759,24.82425803,0.627425426
2.33E-05,0.626266742,0.028303512,4.68E-09,48844.38683,2.03E-07,2.96E-09,1.54E-18,6.11E-07,27.02447495,4.418155365,0.131124828
7.90E-05,0.824792199,0.054982664,2.22E-09,38163.24474,2.00E-07,1.78E-09,2.03E-18,4.24E-07,54.19668654,20.6689779,0.494467764
4.41E-05,0.578026065,0.063416144,3.13E-09,47725.77051,1.58E-07,1.37E-09,2.27E-18,2.79E-07,40.1648712,13.19505293,0.23767022
5.65E-05,0.75342712,0.051645417,6.16E-10,11804.27559,9.62E-08,2.24E-09,1.76E-18,7.44E-07,76.76521255,29.88322764,1.284157036
3.16E-05,0.680057775,0.046525366,3.29E-09,19003.83731,3.25E-07,1.70E-09,3.72E-18,9.57E-07,30.54558713,7.014646524,0.14137264
1.83E-05,0.769715555,0.054281598,4.08E-09,46315.07661,2.30E-07,1.89E-09,2.24E-18,7.03E-07,22.00083124,0.112514433,0.014929861
3.44E-05,0.877014763,0.071299025,3.83E-09,15323.18024,1.63E-07,1.23E-09,1.12E-18,3.44E-07,26.42314631,3.500722065,0.093950374
7.60E-05,0.515790613,0.021502544,2.31E-09,27536.42578,2.70E-08,9.61E-10,1.22E-18,8.41E-07,98.15735163,37.02099386,1.932267311
5.06E-05,0.67392549,0.036620714,1.67E-09,43979.23956,4.04E-08,2.78E-09,1.61E-18,6.35E-07,59.2085012,22.98585557,1.178064904
8.10E-05,0.515557653,0.06782009,3.77E-09,26823.67691,2.65E-07,5.27E-10,4.00E-18,6.66E-07,54.03196817,20.86039633,0.514852174
5.64E-05,0.780012534,0.015500101,1.72E-09,39506.39141,1.31E-07,9.90E-10,1.49E-18,5.56E-07,62.17025685,24.33414049,1.025476479
4.74E-05,0.887557655,0.054863433,2.72E-09,36142.79009,2.40E-07,6.89E-10,3.80E-18,5.28E-07,35.15222531,10.10678518,0.228188563
5.86E-05,0.694518967,0.045084421,1.06E-09,27308.62977,2.69E-07,1.81E-09,3.54E-18,5.88E-07,53.99619731,20.49843033,0.50877954
5.44E-05,0.577596813,0.036072543,4.91E-09,27118.80842,8.12E-08,2.87E-09,2.54E-18,6.86E-07,52.6326574,20.1775935,0.376567921
8.67E-05,0.86015356,0.050267768,2.26E-09,28114.9442,8.51E-08,2.73E-09,1.46E-18,7.61E-07,60.72187229,23.49157193,0.573318851
6.47E-05,0.88427859,0.019319163,8.21E-10,17481.77016,3.44E-08,2.22E-09,2.68E-18,2.51E-07,70.26926242,27.80164911,1.631198148
2.56E-05,0.777723376,0.066456244,2.13E-09,14968.43245,1.97E-07,1.27E-09,1.07E-18,9.95E-07,27.59880717,3.795897584,0.082993282
3.20E-05,0.635537173,0.031412051,4.81E-09,37550.95979,2.32E-07,1.18E-09,3.04E-18,4.80E-07,34.55921494,9.763252906,0.191355522
4.90E-05,0.645206498,0.071564729,8.83E-10,43596.66463,2.39E-07,2.30E-09,3.77E-18,4.57E-07,44.8905144,15.48450064,0.371323467
5.86E-05,0.890980925,0.067421171,4.98E-09,26743.24775,3.64E-07,2.55E-09,1.36E-18,4.93E-07,37.04702119,11.33282154,0.289205434
1.33E-05,0.62940085,0.067555765,8.18E-10,41000.12226,2.97E-07,5.15E-10,2.95E-18,9.92E-07,31.37468628,5.350540553,0.33350373
8.18E-05,0.695899037,0.039588369,1.14E-09,37940.61858,2.88E-07,8.64E-10,1.57E-18,5.92E-07,78.25096046,30.40794237,1.17480534
9.57E-05,0.755805968,0.022252006,4.05E-09,32880.80019,6.29E-08,6.60E-10,2.03E-18,4.68E-07,79.51039336,31.25686922,0.770321798
6.74E-05,0.859597965,0.023050864,3.18E-09,48641.65508,3.88E-08,1.56E-09,2.57E-18,8.35E-07,57.96503848,22.70721356,0.486966552
8.06E-05,0.61686064,0.057547621,1.83E-09,40875.55378,9.55E-08,1.12E-09,3.49E-18,3.57E-07,60.14574494,23.31491283,0.547855148
2.28E-05,0.774431864,0.047112859,4.01E-09,15790.5269,3.99E-07,8.57E-10,2.16E-18,9.33E-07,22.04589662,0.400331953,0.039671797
3.58E-05,0.658197426,0.036147745,4.59E-09,37210.01322,6.07E-08,2.05E-09,3.03E-18,6.50E-07,36.77599632,11.19669412,0.208030329
9.82E-05,0.639328176,0.029788266,4.36E-09,18165.80521,3.04E-07,1.73E-09,3.90E-18,3.10E-07,75.76573225,30.08996975,0.753459074
4.64E-05,0.556408829,0.06369377,1.64E-09,16962.92529,3.24E-07,1.84E-09,2.96E-18,5.71E-07,42.30655826,14.37847084,0.260444012
5.57E-05,0.653409385,0.056761506,4.79E-09,8067.828537,1.90E-07,2.13E-09,1.16E-18,2.88E-07,44.34568558,15.70865061,0.320308648
5.31E-05,0.876524814,0.072656495,4.49E-09,14721.56734,1.18E-07,8.32E-10,1.51E-18,4.76E-07,35.22741311,10.12912605,0.248001496
9.02E-05,0.545267714,0.012081133,3.44E-09,25564.81773,2.40E-07,3.28E-10,1.48E-18,8.20E-07,92.30035817,35.32047679,0.952632839
6.18E-05,0.54956053,0.041612144,2.20E-09,21594.74004,3.79E-07,2.80E-09,1.22E-18,9.35E-07,61.82152064,24.09370282,0.680254637
3.39E-05,0.66921928,0.063527169,2.06E-09,35033.73986,2.37E-07,2.74E-09,2.69E-18,4.01E-07,30.91868617,7.158549178,0.142807733
1.07E-05,0.780899471,0.035695134,1.30E-09,13798.26622,6.24E-08,1.58E-09,3.28E-18,5.06E-07,25.45943442,1.529644512,0.17910912
8.35E-05,0.565214229,0.076465318,3.44E-09,8933.171468,9.17E-09,1.83E-09,3.68E-18,4.69E-07,47.03041576,17.15295065,0.485959511
8.89E-05,0.604173753,0.055108902,4.90E-09,45888.86161,3.24E-07,2.01E-09,3.35E-18,6.87E-07,56.74594705,22.20626536,0.583124682
5.45E-05,0.770982025,0.021134838,1.81E-09,45710.24501,1.51E-07,5.93E-10,1.38E-18,4.42E-07,59.63515545,23.14778194,0.927053001
7.26E-05,0.767348449,0.07936415,1.21E-09,6695.417193,6.47E-08,2.24E-09,3.78E-18,7.69E-07,43.46928609,14.89561608,0.39424216
6.59E-05,0.550858808,0.016814662,9.50E-10,45247.46803,3.57E-07,1.94E-09,3.62E-18,2.54E-07,80.2453327,31.46367275,1.439512878
5.66E-05,0.506440999,0.054493016,2.61E-09,21492.8054,3.63E-07,4.68E-10,2.97E-18,7.86E-07,53.1312271,20.3386417,0.370579371
3.34E-05,0.806603081,0.049151208,4.88E-09,14932.34897,1.32E-07,2.91E-09,3.21E-18,9.79E-07,28.5338644,5.569558684,0.131400676
6.31E-05,0.891345326,0.02297934,1.57E-09,34958.76603,1.28E-07,1.81E-09,1.72E-18,8.11E-07,59.43400431,23.0871639,0.635096036
8.84E-05,0.677497327,0.059310591,2.84E-09,36831.33872,2.85E-07,2.49E-09,3.85E-18,3.71E-07,53.32200755,20.48225299,0.555821413
6.66E-05,0.873067254,0.0296612,4.48E-09,44311.53726,1.68E-07,2.00E-09,1.31E-18,9.12E-07,54.49509931,21.04181639,0.449345351
2.77E-05,0.68920959,0.045729607,1.53E-09,37604.55603,2.76E-07,1.99E-09,2.65E-18,4.48E-07,29.89523339,5.742504363,0.124171711
3.70E-05,0.778691844,0.078739561,4.15E-09,21215.3768,1.59E-07,6.39E-10,1.71E-18,7.45E-07,28.16454713,5.203048267,0.127916871
5.59E-05,0.719167828,0.028283274,4.34E-09,32128.62157,2.44E-07,2.42E-09,2.51E-18,5.95E-07,52.00618139,19.87685237,0.379161073
8.29E-05,0.73859716,0.030724025,3.75E-09,33155.83412,2.61E-07,2.40E-09,3.18E-18,2.55E-07,64.08920859,25.51956931,0.595658166
6.23E-05,0.880982498,0.026631938,2.74E-09,39924.15559,3.47E-07,1.97E-09,2.68E-18,3.10E-07,52.03562349,19.85664392,0.419426124
3.61E-05,0.645683671,0.053702312,1.11E-09,34228.29182,3.45E-07,2.90E-09,2.71E-18,3.59E-07,38.56893,11.88196436,0.350210897
4.54E-05,0.579858647,0.018887797,7.46E-10,14156.24011,2.29E-07,2.02E-09,2.59E-18,6.33E-07,78.57188667,30.88359003,1.516294417
6.92E-05,0.60251152,0.052847763,2.50E-09,6861.311672,2.08E-07,1.61E-09,3.06E-18,5.30E-07,52.75141294,20.20408073,0.443460664
7.40E-05,0.593874751,0.019751493,1.24E-09,6631.652844,3.02E-07,9.64E-10,1.65E-18,6.78E-07,82.80016646,32.27916586,1.439279033
7.14E-05,0.743348199,0.041855554,1.62E-09,39378.14052,3.49E-07,3.72E-10,2.98E-18,7.57E-07,61.32664564,24.0316527,0.496602478
7.61E-05,0.825437323,0.073553252,8.89E-10,39204.67093,2.50E-07,2.79E-09,2.26E-18,6.08E-07,55.67172763,20.81403555,0.530044662
6.88E-05,0.723089039,0.026779378,1.29E-09,8473.871967,2.56E-07,1.26E-09,2.19E-18,4.71E-07,66.31122604,26.15103825,0.785145623
7.41E-05,0.71957695,0.050966453,3.41E-09,24820.13231,1.61E-07,1.04E-09,3.42E-18,9.33E-07,53.17710261,20.43215427,0.471259305
3.80E-05,0.530032468,0.040903226,3.39E-09,30186.45689,3.32E-07,1.30E-09,1.67E-18,6.31E-07,42.95846373,14.89136038,0.244409254
1.17E-05,0.609795477,0.019551708,4.47E-09,35817.57915,4.73E-08,2.41E-09,1.86E-18,6.55E-07,22.17614664,0.159919058,0.090154076
4.45E-05,0.73540711,0.050054074,3.66E-09,37806.60741,3.20E-07,1.92E-09,3.81E-18,3.99E-07,37.70058065,11.77643117,0.232294778
8.04E-05,0.838322138,0.019632131,4.42E-09,41117.17152,2.91E-07,9.00E-10,2.27E-18,9.98E-07,66.30916678,26.45854716,0.612529526
1.42E-05,0.564149411,0.060991654,2.42E-09,27279.75556,2.73E-07,7.51E-10,1.25E-18,9.32E-07,26.70474063,2.513692955,0.143076212
1.77E-05,0.607507229,0.021333117,3.30E-09,24116.22302,1.38E-07,2.07E-09,2.29E-18,7.45E-07,22.0920193,0.265905756,0.105367194
1.34E-05,0.717033629,0.022777526,4.73E-09,17207.80625,3.59E-07,1.01E-09,2.83E-18,9.05E-07,21.41246384,0.029202127,0.051935532
5.69E-05,0.52615993,0.021719175,4.46E-09,11346.60125,1.83E-07,1.69E-09,2.57E-18,2.85E-07,62.21439958,24.72374488,0.456980512
1.66E-05,0.594971505,0.052010393,3.47E-09,13931.02549,3.17E-07,2.87E-09,1.91E-18,3.32E-07,21.62816743,0.057225393,0.034023933
8.87E-05,0.683104429,0.052757572,3.98E-09,29388.17165,3.67E-07,2.72E-09,3.94E-18,2.87E-07,55.69702148,21.71115725,0.572974554
1.56E-05,0.711444966,0.031008202,1.66E-09,22031.13869,2.79E-07,5.89E-10,2.46E-18,4.26E-07,25.57929918,1.732217696,0.068455638
9.65E-05,0.563478617,0.022721693,4.99E-09,8141.714652,1.05E-07,2.09E-09,2.39E-18,4.95E-07,81.88983813,32.20294747,0.788656205
5.39E-05,0.849950224,0.058801289,3.70E-09,31403.60262,2.25E-07,1.17E-09,2.18E-18,9.11E-07,38.85160339,12.45190822,0.27884684
3.05E-05,0.55172823,0.077824058,3.96E-09,14229.62575,3.38E-07,2.04E-09,2.40E-18,8.93E-07,28.30166699,5.398550378,0.113817896
3.46E-05,0.790481531,0.034109961,2.78E-09,28713.35815,2.43E-07,2.84E-09,3.36E-18,4.27E-07,32.26104065,8.203360251,0.172185376
1.44E-05,0.888490882,0.046257837,2.42E-09,47017.03183,5.76E-08,2.06E-09,3.09E-18,3.24E-07,23.11879611,0.507243103,0.017030659
7.31E-05,0.743137958,0.079004987,4.33E-09,27723.75994,2.61E-08,1.80E-09,2.02E-18,8.36E-07,42.31025362,14.42598469,0.394033766
3.11E-05,0.521562289,0.042886903,1.97E-09,12639.99291,9.88E-08,1.31E-09,1.90E-18,6.13E-07,50.14203187,18.81461073,0.691107392
8.97E-05,0.773059784,0.052273866,1.89E-09,16289.36194,2.70E-07,1.11E-09,2.52E-18,4.40E-07,60.53664651,23.62229224,0.596784189
3.68E-05,0.863146693,0.034256063,3.84E-09,27012.58349,1.75E-07,2.45E-09,3.63E-18,4.70E-07,31.86772629,7.937775837,0.179463396
7.66E-05,0.562011543,0.031443475,1.71E-09,9572.650176,1.72E-07,6.63E-10,3.96E-18,9.99E-07,70.6063017,28.01367639,0.604488635
4.53E-05,0.905149846,0.025530965,7.79E-10,16397.08597,2.31E-07,1.16E-09,2.90E-18,5.66E-07,44.85283023,15.58710497,0.689680019
7.55E-05,0.666170539,0.031938106,4.82E-09,24020.27302,3.01E-07,7.56E-10,3.53E-18,9.91E-07,63.52287923,25.30233228,0.549750441
9.72E-05,0.564762661,0.049258906,2.86E-09,41294.30706,3.27E-07,2.57E-09,2.86E-18,5.45E-07,65.92896654,26.06004182,0.687813666
3.23E-05,0.70886257,0.010899145,3.96E-09,9418.46627,2.89E-07,2.81E-09,3.34E-18,2.70E-07,36.56706885,11.07755113,0.210412949
4.61E-05,0.889365397,0.029316213,1.27E-09,41164.95836,1.36E-07,4.57E-10,2.28E-18,5.67E-07,45.5147069,15.8258076,0.586110111
8.08E-05,0.506904474,0.060439601,7.22E-10,9182.385868,5.82E-08,1.83E-09,1.09E-18,4.49E-07,123.9506982,42.3806273,1.684689214
1.04E-05,0.790793,0.025365384,3.20E-09,12171.92499,2.97E-07,2.08E-09,1.06E-18,6.90E-07,23.27586459,0.698460749,0.039357678
6.53E-05,0.64366432,0.041527189,1.34E-09,18017.84123,1.30E-07,2.54E-09,1.11E-18,7.26E-07,72.79346026,28.3829228,1.201467528
5.81E-05,0.836631766,0.059083513,8.60E-10,40801.05083,1.86E-07,1.39E-09,2.14E-18,8.44E-07,53.49176935,20.05203894,0.638286536
4.30E-05,0.875640485,0.045282509,4.64E-09,8263.530477,3.00E-07,2.15E-09,2.42E-18,6.06E-07,33.95755929,9.362340691,0.205218918
3.00E-05,0.815108112,0.015982081,4.61E-09,49164.21258,3.90E-07,2.31E-09,2.08E-18,5.62E-07,29.50516128,6.269531746,0.170377781
6.02E-05,0.537901249,0.030437809,4.12E-09,20706.69436,2.51E-07,9.69E-10,2.66E-18,7.77E-07,60.69246674,24.01686912,0.458097626
8.90E-05,0.750561037,0.02617124,4.05E-09,29344.734,2.99E-07,1.70E-09,1.55E-18,5.40E-07,70.3720069,27.947027,0.668773627
2.68E-05,0.825719444,0.03951104,2.73E-09,33758.7878,3.91E-07,1.10E-09,3.15E-18,6.03E-07,24.07066264,1.934360631,0.078634691
9.64E-05,0.795229106,0.033677934,1.21E-09,22239.02202,3.85E-07,1.98E-09,1.88E-18,6.32E-07,78.64290341,30.40079913,0.890667341
2.19E-05,0.704188567,0.017026913,1.28E-09,6929.289378,2.42E-07,5.54E-10,1.48E-18,8.92E-07,33.96833289,8.163675889,0.904144162
3.26E-05,0.717442608,0.069810421,4.85E-09,38732.72046,8.72E-08,1.80E-09,2.84E-18,5.55E-07,27.21077805,4.583200946,0.112718186
9.02E-05,0.774887686,0.054554294,1.78E-09,28538.10283,3.26E-07,5.18E-10,3.95E-18,3.36E-07,60.61083858,23.75555171,0.601082563
6.71E-05,0.671335207,0.050418789,6.67E-10,39641.14202,1.94E-07,9.14E-10,3.51E-18,5.77E-07,68.68086449,26.88301064,1.151515489
2.08E-05,0.70176063,0.068816757,3.97E-09,31922.57193,4.16E-08,2.03E-09,1.73E-18,4.20E-07,22.89552631,0.405039151,0.025225663
2.52E-05,0.783179071,0.025611786,3.69E-09,10678.78651,1.34E-08,2.92E-09,3.19E-18,5.44E-07,24.91922668,2.830058921,0.105054131
5.36E-05,0.83365595,0.039193574,2.18E-09,44871.07015,8.60E-08,1.09E-09,1.82E-18,4.39E-07,48.11931632,17.43881315,0.336853675
3.57E-05,0.863943397,0.036994016,1.38E-09,30027.08703,2.94E-08,2.48E-09,3.63E-18,3.74E-07,33.10090355,8.098294842,0.183464946
3.97E-05,0.822481288,0.026387907,4.30E-09,30985.64844,8.40E-09,1.10E-09,3.37E-18,6.29E-07,36.21790062,10.81394415,0.23713634
3.93E-05,0.590436341,0.017300319,3.25E-09,23061.57445,5.45E-08,1.54E-09,3.96E-18,8.80E-07,46.8069819,17.14509618,0.321050295
2.50E-05,0.902949217,0.037308457,9.82E-10,27964.26656,2.83E-07,2.29E-09,3.52E-18,3.06E-07,25.88917656,2.325521882,0.059510566
2.71E-05,0.546092579,0.048019731,1.03E-09,19095.19889,3.70E-07,2.98E-09,2.84E-18,3.16E-07,42.41251213,14.55165654,0.507137438
4.58E-05,0.854647299,0.074845819,1.84E-09,45485.35225,1.11E-07,1.60E-09,3.95E-18,8.17E-07,31.97421691,7.846519338,0.189034482
1.36E-05,0.725065134,0.031136176,4.93E-09,38544.49562,2.43E-07,2.20E-09,2.61E-18,6.89E-07,21.43587442,0.035298776,0.036285062
1.99E-05,0.584517291,0.056708063,2.41E-09,21291.38897,3.55E-07,1.08E-09,1.15E-18,9.21E-07,29.36810789,5.272111719,0.179710658
6.65E-05,0.736636389,0.066994154,4.84E-09,49055.62136,2.05E-07,7.80E-10,3.51E-18,9.58E-07,44.52672856,15.85073546,0.376171227
5.26E-05,0.657280808,0.069148979,2.91E-09,10207.16166,2.70E-07,5.98E-10,2.25E-18,5.49E-07,41.56768964,14.06816679,0.284455577
8.27E-05,0.5194305,0.079478831,2.31E-09,47782.32203,1.99E-07,1.13E-09,1.78E-18,8.51E-07,57.71605767,21.77420933,0.551857167
7.42E-05,0.517174707,0.029738688,2.92E-09,48864.43358,2.85E-07,6.65E-10,3.24E-18,9.66E-07,71.27578731,28.3700357,0.600171626
6.76E-05,0.586568466,0.069925005,3.08E-09,21871.18212,7.77E-08,2.36E-09,2.45E-18,7.11E-07,46.19292616,16.63381976,0.39171768
6.73E-05,0.507354848,0.050224545,4.50E-09,28957.06629,2.29E-08,2.66E-09,1.01E-18,8.56E-07,62.78399862,24.41968322,0.796066522
5.48E-05,0.699933495,0.045885415,2.13E-09,49728.26545,2.99E-08,9.15E-10,1.34E-18,7.60E-07,59.78673032,23.23938663,1.062711612
9.94E-05,0.750970562,0.036379913,4.66E-09,44084.90791,3.94E-07,1.14E-09,2.44E-18,6.43E-07,70.56976234,28.08095728,0.729145265
5.53E-05,0.756839024,0.030536484,7.59E-10,46675.40686,4.32E-08,1.65E-09,1.53E-18,3.31E-07,89.07063842,34.24489076,1.740292804
8.67E-05,0.744484541,0.050083844,4.49E-09,35669.33683,2.54E-07,2.48E-09,2.53E-18,2.99E-07,55.55195483,21.59996216,0.560821288
3.13E-05,0.667336025,0.033383562,3.55E-09,46715.82201,5.39E-09,1.44E-09,1.17E-18,2.56E-07,80.4001624,31.94007121,0.687630909
4.15E-05,0.752901283,0.022912884,2.66E-09,34719.95725,3.08E-07,2.85E-09,1.23E-18,4.13E-07,43.7018329,15.21958245,0.276383704
1.93E-05,0.630259638,0.071177426,1.88E-09,8592.005489,3.65E-07,1.31E-09,1.69E-18,3.17E-07,24.28619362,1.181023934,0.041143455
6.68E-05,0.548838557,0.077980306,3.91E-09,43397.7706,5.24E-08,1.37E-09,3.73E-18,6.10E-07,43.76742684,15.35296892,0.372622463
3.51E-05,0.777066076,0.026545995,2.46E-09,31897.5355,8.22E-08,2.57E-09,2.41E-18,8.58E-07,35.00024699,9.931738519,0.205058249
2.35E-05,0.87861371,0.075131951,1.73E-09,43822.09834,1.10E-07,3.82E-10,2.32E-18,6.82E-07,28.00098374,3.256496981,0.008872447
6.52E-05,0.860524893,0.048399761,2.36E-09,24484.84368,3.95E-07,9.98E-10,3.65E-18,3.91E-07,47.09997912,17.25031558,0.388488728
9.67E-05,0.635286856,0.032704464,8.32E-10,33792.42416,3.85E-07,9.50E-10,3.48E-18,3.72E-07,89.29727089,33.71579424,1.405279925
9.50E-05,0.590649992,0.073941036,2.30E-09,38697.5777,4.48E-08,1.60E-09,2.99E-18,7.10E-07,57.90025634,21.9599598,0.609648411
6.42E-05,0.598781294,0.019200398,2.39E-09,29089.81727,3.17E-07,1.21E-09,3.76E-18,6.80E-07,66.13277486,26.35131693,0.528088782
7.68E-05,0.566196071,0.066686514,3.15E-09,12827.73648,1.69E-08,1.57E-09,3.68E-18,7.23E-07,50.42567573,18.94912985,0.470852482
1.07E-05,0.540094526,0.078591497,4.18E-09,12781.9682,2.87E-07,1.74E-09,3.92E-18,5.64E-07,21.36146848,0.001919661,0.003237659
9.53E-05,0.54554266,0.024685635,1.85E-09,22678.72195,3.00E-09,3.56E-10,2.87E-18,9.31E-07,109.1795216,39.86648358,2.293917238
3.91E-05,0.816375776,0.042310441,1.70E-09,25099.49824,3.82E-07,2.73E-09,3.33E-18,4.31E-07,34.07843651,9.387547781,0.190720997
7.97E-05,0.823260126,0.051133875,2.01E-09,38101.76644,6.64E-08,1.98E-09,1.87E-18,3.40E-07,59.46310824,22.95267754,0.553737377
6.49E-05,0.576062506,0.04048313,3.07E-09,39327.78273,2.02E-08,2.44E-09,2.54E-18,5.38E-07,59.4679152,23.20470044,0.484572019
4.87E-05,0.532984798,0.07738136,1.68E-09,34197.43566,3.80E-08,9.28E-10,3.05E-18,5.11E-07,50.49455294,18.81572554,0.423025249
3.38E-05,0.526475038,0.016089645,3.27E-09,21550.16187,3.34E-07,5.31E-10,1.86E-18,8.22E-07,44.35347629,15.72139795,0.299117228
4.63E-05,0.675681378,0.07327135,4.20E-09,16711.47022,3.52E-07,7.74E-10,2.87E-18,9.86E-07,35.68005588,10.47750552,0.221757147
3.86E-05,0.758436057,0.015873802,1.03E-09,23428.38621,1.53E-07,3.00E-09,1.97E-18,5.40E-07,51.06241035,19.22347117,1.149430192
3.43E-05,0.505815368,0.055268431,2.96E-09,15165.20924,2.78E-07,1.15E-09,3.75E-18,6.05E-07,36.56979217,11.06687407,0.184703552
7.19E-05,0.703993472,0.024818675,4.97E-09,48687.16369,3.88E-07,9.41E-10,1.31E-18,7.96E-07,65.15649865,25.91216134,0.546058776
4.06E-05,0.703191367,0.02023477,1.10E-09,19993.77627,1.05E-07,6.48E-10,3.08E-18,7.28E-07,51.43024092,19.46761959,1.148094582
2.20E-05,0.714959346,0.019119249,2.26E-09,22542.79267,2.21E-07,8.39E-10,2.59E-18,8.09E-07,24.35199469,1.799719484,0.113822995
4.42E-05,0.608679701,0.025163096,1.11E-09,7835.990168,3.35E-07,1.99E-09,1.56E-18,9.24E-07,65.05964507,25.62540352,1.109340305
9.96E-05,0.501162425,0.06802768,3.12E-09,15550.96181,1.56E-07,2.89E-09,2.27E-18,9.29E-07,56.27700761,21.75658388,0.639494685
3.37E-05,0.55576491,0.011608127,4.53E-09,27632.5748,1.67E-07,1.49E-09,1.39E-18,7.35E-07,43.98470601,15.54133767,0.293416575
2.54E-05,0.868846873,0.037855334,2.98E-09,10516.9058,1.81E-07,2.25E-09,1.52E-18,5.21E-07,23.44135977,1.308708565,0.059654597
4.00E-05,0.762184991,0.066822186,4.65E-09,33556.26801,7.23E-08,2.16E-09,3.97E-18,4.45E-07,30.78821335,7.174334985,0.166059569
2.39E-05,0.516663023,0.03345628,1.91E-09,39143.90422,3.07E-07,2.45E-09,2.39E-18,2.84E-07,35.18698146,9.996416377,0.415635595
3.47E-05,0.785903052,0.027213491,1.82E-09,20921.61491,9.81E-08,1.59E-09,2.20E-18,7.03E-07,35.36235299,9.681245605,0.212891096
1.44E-05,0.648706329,0.065441404,3.06E-09,46545.99542,1.91E-07,2.41E-09,1.51E-18,7.17E-07,23.80227291,0.855512684,0.010490771
4.84E-05,0.683552924,0.015132737,3.40E-09,28035.29935,2.80E-07,2.83E-09,3.39E-18,3.03E-07,52.34372397,20.05977417,0.359032665
3.68E-05,0.613031508,0.069592519,2.22E-09,17370.98225,1.93E-07,2.97E-09,3.77E-18,8.22E-07,31.93377385,7.963690967,0.161650263
7.86E-05,0.597083838,0.020068186,4.78E-09,9686.610862,8.65E-08,8.00E-10,3.91E-18,3.64E-07,73.24851415,29.25408198,0.639657513
2.23E-05,0.585978399,0.019854484,3.11E-09,22725.6464,3.31E-07,1.94E-09,1.18E-18,6.19E-07,29.15425614,5.496885945,0.16885803
7.94E-05,0.700618943,0.072122405,3.49E-09,23648.47876,3.46E-07,1.92E-09,3.86E-18,4.35E-07,44.92494354,16.08379879,0.449485373
6.29E-05,0.710861157,0.053461817,3.00E-09,17797.75254,3.42E-07,2.56E-09,2.60E-18,3.56E-07,46.82572203,17.1044599,0.371667615
5.79E-05,0.529167054,0.078805891,1.57E-09,38981.03299,9.70E-08,5.75E-10,3.28E-18,6.61E-07,51.77868882,19.16838665,0.426958038
6.26E-05,0.803343242,0.018049395,3.85E-09,15203.93961,1.15E-07,1.85E-09,2.23E-18,5.68E-07,57.32292114,22.4780473,0.452483057
5.05E-05,0.572973404,0.046018339,3.10E-09,18791.65669,1.52E-07,2.24E-09,2.83E-18,4.96E-07,47.36848435,17.40433183,0.319998166
4.23E-05,0.800315841,0.039736124,4.31E-09,44784.51469,1.99E-07,4.50E-10,2.12E-18,3.92E-07,37.07471358,11.34798164,0.230032691
9.77E-05,0.637655202,0.066140859,4.40E-09,9292.991607,8.93E-08,1.72E-09,2.88E-18,3.97E-07,53.87597256,20.78418315,0.613828523
3.07E-05,0.5037161,0.020422396,4.60E-09,8316.466631,1.99E-07,1.65E-09,2.97E-18,8.91E-07,40.46519491,13.49837382,0.238508301
6.14E-05,0.874283724,0.055197577,1.09E-09,12528.20964,2.90E-07,9.19E-10,2.55E-18,5.15E-07,48.3730332,17.53704366,0.357051192
5.99E-05,0.626077208,0.070266063,3.95E-09,35616.4017,2.20E-08,2.10E-09,2.69E-18,9.01E-07,42.77105374,14.73810474,0.33135703
2.31E-05,0.843383648,0.016131502,3.46E-09,21423.44129,2.68E-07,1.51E-09,3.57E-18,9.30E-07,22.29321978,0.749976461,0.090481241
5.82E-05,0.568899992,0.068326273,3.01E-09,20210.81449,3.58E-07,8.17E-10,1.76E-18,3.35E-07,47.1980796,17.14852917,0.340557153
8.39E-05,0.612356089,0.033713457,3.32E-09,21767.24977,2.14E-07,5.64E-10,2.23E-18,7.39E-07,71.00897945,28.25891788,0.644562333
8.76E-05,0.694864627,0.027349559,4.99E-09,35781.89949,2.90E-07,1.19E-09,1.02E-18,7.99E-07,72.04068773,28.52009594,0.671855819
4.52E-05,0.718332732,0.029176733,2.19E-09,49919.58203,3.42E-07,7.54E-10,3.87E-18,4.38E-07,44.61346735,15.87116844,0.301540515
3.12E-05,0.639712192,0.021756539,6.04E-10,29158.21596,1.43E-07,2.21E-09,3.91E-18,3.26E-07,54.70011284,20.8503261,1.418448871
3.07E-05,0.732146686,0.028633791,4.22E-09,19566.61354,3.50E-07,3.99E-10,3.15E-18,8.95E-07,29.72283423,6.425021234,0.160278179
1.71E-05,0.733206304,0.046620584,1.38E-09,21158.72232,9.49E-08,4.41E-10,3.42E-18,6.02E-07,26.74425922,2.285879047,0.183511725
2.09E-05,0.886906371,0.064149398,2.11E-09,42584.18053,1.56E-07,2.26E-09,3.27E-18,2.57E-07,22.86033567,0.396615792,0.009478482
7.46E-05,0.758822153,0.046870107,1.07E-09,49186.22114,3.12E-07,1.72E-09,3.56E-18,4.23E-07,60.30289937,23.38917953,0.522021044
4.59E-05,0.551203471,0.03361242,1.50E-09,32025.7983,7.44E-08,2.45E-09,1.06E-18,7.91E-07,84.8273376,32.83471707,1.434697115
5.49E-05,0.84498506,0.05845611,2.00E-09,24186.60682,2.35E-07,2.22E-09,2.25E-18,7.42E-07,40.70319764,13.46172192,0.289222539
7.58E-05,0.730483685,0.043853511,2.73E-09,16168.23425,1.93E-07,3.31E-10,2.38E-18,3.13E-07,60.87354972,23.97883554,0.522525668
9.32E-05,0.572244386,0.013640382,4.70E-09,38288.4155,1.83E-07,1.66E-09,3.17E-18,9.01E-07,85.81066356,33.534955,0.812156035
4.73E-05,0.571967902,0.07736849,1.77E-09,42825.34474,3.02E-07,2.98E-09,3.98E-18,6.64E-07,36.90284416,11.16473013,0.232298062
8.25E-05,0.619277172,0.034995866,2.62E-09,28586.27412,1.74E-07,1.53E-09,2.45E-18,9.20E-07,68.14989269,27.02227146,0.618817131
9.84E-05,0.514479742,0.015318837,8.58E-10,8891.212803,2.34E-07,2.86E-09,1.65E-18,5.53E-07,118.7147287,41.89094989,2.076446782
1.76E-05,0.666577421,0.065691463,4.37E-09,31607.12648,3.48E-07,4.06E-10,2.37E-18,5.91E-07,22.2096465,0.21433559,0.011068211
2.14E-05,0.51999702,0.021571799,3.82E-09,34101.0598,1.07E-07,2.67E-09,1.93E-18,4.93E-07,28.82534987,5.746298856,0.168326551
7.83E-05,0.661484556,0.014248863,1.74E-09,13403.92374,1.88E-07,1.52E-09,3.54E-18,7.65E-07,75.29422399,29.89678077,0.655669127
8.41E-05,0.879855302,0.014914348,3.70E-09,12550.10149,3.88E-07,7.62E-10,3.20E-18,5.08E-07,68.63862179,27.49287004,0.647546272
6.70E-05,0.5078787,0.037506956,2.78E-09,31477.81389,2.65E-07,1.48E-09,1.35E-18,5.16E-07,68.05809626,26.76173033,0.804109218
7.24E-05,0.726418438,0.057097806,3.98E-09,25670.90607,3.16E-07,2.14E-09,2.01E-18,7.99E-07,48.97895185,18.25047588,0.435870443
3.82E-05,0.558740322,0.06076064,1.83E-09,10648.33107,2.71E-07,6.83E-10,3.67E-18,2.92E-07,37.70593734,11.71753795,0.201046091
8.77E-05,0.740264688,0.04842462,4.38E-09,31191.1291,3.58E-07,8.72E-10,2.22E-18,6.48E-07,59.2492125,23.30469737,0.587503754
6.44E-05,0.559943788,0.013391894,2.04E-09,29245.59691,3.93E-07,2.66E-09,2.77E-18,6.63E-07,71.66692097,28.5248297,0.557283424
6.22E-05,0.896321768,0.065966664,4.76E-09,29776.04423,3.76E-08,8.34E-10,1.09E-18,6.00E-07,42.77510251,14.56550591,0.331548996
2.32E-05,0.677885295,0.024472482,2.15E-09,19293.95341,2.51E-07,3.03E-10,3.16E-18,7.38E-07,25.41941841,2.595550061,0.125568375
1.25E-05,0.632346266,0.044010505,1.33E-09,44149.944,2.61E-07,2.51E-09,1.21E-18,6.92E-07,30.16149811,4.697686513,0.572870384
6.95E-05,0.888136646,0.028082065,4.14E-09,13243.83362,3.18E-07,2.41E-09,3.59E-18,7.80E-07,54.46927849,21.13808358,0.466169672
6.90E-05,0.741872103,0.018329863,2.93E-09,20780.03947,3.53E-07,2.53E-09,2.71E-18,8.38E-07,63.6463161,25.3295056,0.517581923
7.11E-05,0.683955131,0.0331949,2.81E-09,29467.01387,1.39E-07,1.53E-09,1.79E-18,4.11E-07,63.14620531,24.90250712,0.520394958
7.77E-05,0.849275205,0.048786846,2.41E-09,31460.3404,1.77E-07,2.92E-09,3.40E-18,7.13E-07,51.60167541,19.59197253,0.484115045
6.62E-05,0.895853864,0.054115775,4.77E-09,38377.23092,1.69E-07,2.34E-09,2.69E-18,5.05E-07,43.55299314,15.29901398,0.373015751
5.88E-05,0.69671217,0.011030725,4.61E-09,47148.53407,2.19E-07,2.85E-09,1.03E-18,3.86E-07,63.25235191,25.10076356,0.477971244
5.28E-05,0.722704728,0.052103867,4.29E-09,49554.41637,3.26E-07,4.91E-10,3.93E-18,5.98E-07,43.72004201,15.39540357,0.304549883
1.27E-05,0.820706799,0.01065566,4.67E-09,38866.09988,3.21E-07,1.74E-09,3.79E-18,5.14E-07,21.38596957,0.018202392,0.077354292
7.77E-05,0.614262315,0.019974327,2.35E-09,36904.12877,1.23E-07,2.52E-09,2.61E-18,2.75E-07,74.83717846,29.62525668,0.646680154
3.34E-05,0.599515255,0.024018296,1.42E-09,38216.87585,2.91E-07,1.20E-09,3.22E-18,9.61E-07,41.19523728,13.59153453,0.530824297
3.18E-05,0.552493523,0.05305337,1.87E-09,10582.20858,2.17E-07,1.97E-09,2.49E-18,4.47E-07,34.48528344,9.567606721,0.173674144
5.92E-05,0.833071983,0.042245631,6.46E-10,43845.01103,3.55E-07,2.39E-09,2.93E-18,4.66E-07,57.21629463,21.86347825,0.805106767
3.70E-05,0.714156708,0.023795255,4.23E-09,13493.58831,2.62E-07,4.45E-10,2.92E-18,6.77E-07,37.46423886,11.64341739,0.232613004
4.33E-05,0.885230781,0.057827847,3.51E-09,46132.66735,6.18E-08,1.25E-09,1.52E-18,7.32E-07,33.73853783,8.854828353,0.189467443
4.08E-05,0.536978663,0.014737563,3.43E-09,46186.19107,3.09E-07,1.11E-09,3.64E-18,8.29E-07,51.31636995,19.53673962,0.35766533
3.64E-05,0.632171314,0.032980386,2.97E-09,22079.02777,3.94E-07,1.55E-09,3.61E-18,6.74E-07,38.64929376,12.38422143,0.222869402
3.97E-05,0.735722654,0.0788838,1.41E-09,29837.25182,3.89E-07,3.63E-10,1.46E-18,3.60E-07,44.0012082,15.19913274,0.237870513
4.81E-05,0.508314549,0.076226288,3.45E-09,38431.93028,6.37E-08,6.99E-10,2.18E-18,5.61E-07,43.13623072,14.81249638,0.27275015
5.75E-05,0.7395065,0.06231257,1.40E-09,46482.87531,2.66E-07,1.28E-09,1.66E-18,5.70E-07,51.51840452,19.01053731,0.451239758
8.31E-05,0.816594806,0.012587945,1.53E-09,34595.46713,1.51E-07,2.22E-09,2.11E-18,9.40E-07,78.94577312,31.04342965,0.846898346
3.02E-05,0.900097437,0.014159482,4.31E-09,20364.85518,1.89E-09,1.27E-09,2.93E-18,3.09E-07,26.56553822,3.96949726,0.160693824
5.77E-05,0.766175688,0.041204197,2.99E-09,40443.45048,2.22E-07,2.64E-09,3.55E-18,3.43E-07,47.27347348,17.36404808,0.353166357
7.96E-05,0.702858334,0.072317136,8.11E-10,43910.86999,5.14E-08,3.97E-10,2.94E-18,9.71E-07,78.59036339,30.51844266,1.233651314
1.09E-05,0.865179303,0.043321478,4.21E-09,26294.09382,1.18E-07,1.08E-09,3.83E-18,3.39E-07,21.43397654,0.037588367,0.020220793
5.69E-05,0.640826948,0.010849209,3.55E-09,49951.08791,1.19E-07,2.59E-09,3.92E-18,6.42E-07,62.56255901,24.87003277,0.476396875
7.12E-05,0.817438199,0.05890371,2.56E-09,31786.64155,2.83E-07,1.07E-09,1.18E-18,5.41E-07,52.7533609,19.82784714,0.431391073
8.65E-05,0.884826209,0.059391395,4.66E-09,36035.22962,2.07E-07,1.60E-09,3.84E-18,7.18E-07,48.90070588,18.27085025,0.518692356
1.55E-05,0.658542828,0.020509197,4.87E-09,18724.76079,3.43E-07,1.56E-09,3.60E-18,7.77E-07,21.36647943,0.003874475,0.061962241
1.69E-05,0.902138326,0.065046315,3.71E-09,8982.80376,3.06E-07,2.30E-09,3.05E-18,9.19E-07,21.37070781,0.00763965,0.004454039
1.68E-05,0.779176834,0.041382584,4.21E-09,15103.69361,4.15E-09,1.51E-09,3.77E-18,6.84E-07,21.46502714,0.033647899,0.023328489
8.03E-05,0.858535892,0.018061783,1.76E-09,11837.82217,3.41E-07,6.72E-10,1.99E-18,2.91E-07,69.76938214,27.70665659,0.614363784
1.12E-05,0.81034195,0.032398768,3.02E-09,39833.68348,2.39E-07,1.27E-09,3.82E-18,6.91E-07,21.79992534,0.087607764,0.036787164
3.87E-05,0.877725839,0.012299196,4.26E-09,48339.34188,1.17E-07,1.66E-09,1.37E-18,8.57E-07,36.90679314,11.18218911,0.25212194
6.98E-05,0.734031771,0.028773013,4.90E-09,30472.44191,3.66E-07,2.82E-09,3.64E-18,5.55E-07,58.86712992,23.22942049,0.489101063
1.22E-05,0.672381794,0.046807184,2.44E-09,21706.01602,1.52E-07,6.71E-10,2.62E-18,5.50E-07,23.42187413,0.679706833,0.02740763
8.34E-05,0.616480402,0.041104719,2.14E-09,19174.90102,1.34E-07,5.20E-10,3.07E-18,8.20E-07,68.77577958,27.1941808,0.618215362
8.69E-05,0.872462622,0.016514453,2.28E-09,21926.37029,2.01E-07,7.99E-10,1.83E-18,5.02E-07,72.98863234,28.91913954,0.678180805
4.19E-05,0.739820403,0.044976083,2.60E-09,20115.27485,1.46E-07,6.75E-10,2.09E-18,9.18E-07,38.66645079,12.21432988,0.22856304
1.50E-05,0.837376981,0.052899328,1.75E-09,34633.36479,3.67E-08,2.51E-09,1.21E-18,3.12E-07,30.9088447,5.169906181,0.486584444
3.28E-05,0.617876557,0.011501366,2.38E-09,47199.78438,3.54E-07,7.06E-10,1.82E-18,4.54E-07,41.03372493,13.54010626,0.310961058
2.62E-05,0.794217863,0.032055295,1.93E-09,40223.42539,8.87E-08,3.53E-10,2.16E-18,4.36E-07,29.30088342,4.665481644,0.276820836
9.88E-05,0.82445865,0.050908625,1.42E-09,48946.70774,1.72E-07,1.13E-09,1.87E-18,9.04E-07,74.65173857,28.77077102,0.845152875
8.21E-05,0.664599536,0.040406651,2.40E-09,40646.29274,1.89E-07,2.93E-09,1.70E-18,2.89E-07,66.33178964,26.03626578,0.593741798
5.84E-05,0.698085255,0.0134995,4.56E-09,15032.42221,5.30E-08,7.23E-10,1.11E-18,7.26E-07,61.850311,24.45277787,0.480681352
1.15E-05,0.649591315,0.038927459,4.71E-09,25367.63711,2.55E-07,1.68E-09,2.70E-18,5.01E-07,21.42366649,0.033288344,0.028219858
9.13E-05,0.686016395,0.072816756,4.17E-09,18641.49168,2.84E-08,2.25E-09,2.46E-18,3.22E-07,48.64205709,17.99486235,0.539945164
2.24E-05,0.662336773,0.070825528,2.59E-09,9634.275429,3.20E-07,1.71E-09,1.12E-18,3.30E-07,24.5898394,1.813503195,0.048016259
7.03E-05,0.587700533,0.046332583,3.44E-09,11478.00812,2.41E-07,1.40E-09,3.01E-18,7.88E-07,56.23161566,21.94706216,0.472209391
7.02E-05,0.800732406,0.063578508,4.36E-09,15723.86178,7.07E-09,1.96E-09,3.07E-18,9.21E-07,44.37969547,15.73157349,0.39594946
6.79E-05,0.53520169,0.066251697,1.41E-09,48357.07659,1.58E-08,8.04E-10,2.34E-18,5.38E-07,83.38143933,32.56641669,1.312726064
4.29E-05,0.604500708,0.049111074,3.18E-09,25206.33808,2.22E-07,2.69E-09,3.44E-18,9.85E-07,40.5156963,13.50545054,0.243909133
8.14E-05,0.531579799,0.025001274,1.19E-09,43204.55613,3.12E-07,2.19E-09,2.50E-18,5.13E-07,87.11723713,33.5256876,1.471233611
6.65E-05,0.625394397,0.019531674,3.24E-09,7926.629351,1.81E-07,4.61E-10,2.35E-18,7.09E-07,67.06903292,26.74806246,0.53961161
2.47E-05,0.778042209,0.039096861,4.58E-09,35551.68343,2.45E-07,1.62E-09,1.91E-18,9.85E-07,23.58210027,1.619387086,0.072591282
2.84E-05,0.620883024,0.02744511,1.64E-09,11672.89873,1.95E-07,9.41E-10,2.66E-18,3.50E-07,34.76425693,9.628686031,0.327868663
5.55E-05,0.76570321,0.023404485,4.06E-09,27917.10209,5.40E-08,2.99E-09,3.28E-18,9.50E-07,52.0318605,19.88960885,0.383833632
6.95E-05,0.8279073,0.054009415,3.30E-09,37308.22203,5.94E-08,5.72E-10,2.94E-18,7.85E-07,49.99231933,18.74180022,0.423638064
1.16E-05,0.560254025,0.043372109,3.21E-09,46210.5973,3.80E-07,1.44E-09,2.08E-18,3.84E-07,22.6865213,0.385753722,0.034877531
4.71E-05,0.821328883,0.072223917,2.79E-09,30755.50529,1.25E-07,1.86E-09,1.96E-18,4.91E-07,33.92364156,9.173886852,0.208848645
2.79E-05,0.700966587,0.049424871,1.19E-09,27457.90689,4.18E-08,2.37E-09,1.96E-18,5.25E-07,41.79960087,13.2082732,0.896524821
8.49E-05,0.60605554,0.069152587,6.10E-10,30284.74199,1.71E-07,1.46E-09,3.40E-18,9.62E-07,72.85708652,27.96283848,1.107009599
4.79E-05,0.882143904,0.065192673,4.40E-09,48450.75342,2.44E-08,2.72E-09,1.34E-18,7.95E-07,34.6970058,9.63586382,0.217234032
6.13E-05,0.843519639,0.074089162,3.83E-09,26423.6754,3.72E-07,4.33E-10,3.90E-18,8.23E-07,39.45069751,12.86040206,0.317169847
1.85E-05,0.660768192,0.065274672,8.68E-10,30524.07682,7.01E-08,1.99E-09,3.45E-18,8.59E-07,29.78607609,3.89004067,0.45118992
5.77E-05,0.567811333,0.025227973,2.49E-09,17618.83112,2.06E-07,1.19E-09,2.12E-18,5.04E-07,62.18857594,24.55245452,0.465121297
4.35E-05,0.686781766,0.013505704,1.32E-09,35931.97475,2.80E-07,6.05E-10,3.34E-18,9.45E-07,50.24241286,18.67546174,0.545095956
9.28E-05,0.731308507,0.031674057,1.84E-09,49717.08367,3.33E-07,2.91E-09,1.27E-18,7.59E-07,78.79272269,30.44285057,0.885289941
8.74E-05,0.697340228,0.060842796,1.39E-09,17011.16688,3.31E-07,2.62E-09,1.60E-18,4.87E-07,62.97699382,24.16413,0.667781741
2.69E-05,0.818289103,0.016313394,3.26E-09,14058.83262,1.80E-07,1.35E-09,3.14E-18,4.83E-07,25.47183611,3.262327128,0.129688305
4.81E-05,0.854533425,0.058204286,2.61E-09,10836.22265,2.21E-07,1.61E-09,1.27E-18,6.31E-07,37.19226133,11.25039809,0.23380726
9.30E-05,0.892390952,0.026305263,3.60E-09,7786.617309,3.74E-07,1.20E-09,2.73E-18,6.27E-07,67.56882892,26.96733844,0.67840206
8.03E-05,0.850470802,0.063785711,1.13E-09,22390.48001,2.58E-07,3.51E-10,1.30E-18,6.07E-07,65.91758476,25.56593602,0.661910598
4.03E-05,0.846561396,0.074977435,2.83E-09,42190.80885,3.78E-07,5.09E-10,3.43E-18,5.90E-07,28.97229206,5.830105825,0.147740474
7.10E-05,0.63816131,0.077252119,4.30E-09,13184.49468,3.77E-07,6.33E-10,2.49E-18,7.10E-07,45.1232323,16.17423776,0.403095053
6.99E-05,0.517492047,0.064795815,1.55E-09,32112.87072,4.98E-08,2.00E-09,2.17E-18,3.55E-07,63.69701961,24.47766991,0.871082773
3.75E-05,0.725708144,0.028114494,3.23E-09,10344.77151,3.73E-07,2.23E-09,1.24E-18,6.23E-07,38.08262683,11.98886113,0.220502799
9.56E-05,0.809782523,0.011728463,2.83E-09,22223.44765,8.70E-08,1.53E-09,2.77E-18,6.55E-07,81.72561026,32.05170275,0.782460825
4.23E-05,0.562634834,0.012901854,3.63E-09,37970.84718,2.22E-08,1.39E-09,1.69E-18,5.72E-07,56.10672564,21.73721177,1.104055783
7.99E-05,0.571066148,0.057918161,3.35E-09,21269.22527,8.05E-08,8.79E-10,2.26E-18,4.73E-07,58.38428541,22.71458719,0.531795619
2.37E-05,0.686242741,0.031712906,4.97E-09,37789.4105,2.57E-07,7.29E-10,3.59E-18,7.20E-07,24.22483261,2.302340691,0.099540346
2.85E-05,0.801460708,0.022006793,3.19E-09,44982.70693,1.10E-08,6.57E-10,1.99E-18,8.93E-07,29.41820175,5.014655802,0.210824847
1.21E-05,0.762714065,0.065741173,4.50E-09,11069.23909,1.60E-07,1.94E-09,1.41E-18,3.47E-07,21.82357243,0.090637677,0.004467949
3.56E-05,0.522965595,0.040124781,1.25E-09,34430.93574,2.62E-07,1.77E-09,3.25E-18,4.28E-07,46.57462032,16.89340129,0.692080709
5.25E-05,0.734823764,0.010510189,2.82E-09,17564.94957,5.49E-08,3.40E-10,1.84E-18,7.25E-07,56.78275738,22.02314172,0.460405467
2.46E-05,0.841329744,0.050797104,1.45E-09,16223.57379,2.11E-07,2.59E-09,2.00E-18,9.52E-07,25.75409076,2.339086627,0.052457356
6.34E-05,0.697628701,0.018420888,2.16E-09,18263.39461,1.49E-07,1.16E-09,3.78E-18,5.36E-07,62.10906366,24.62093864,0.495174958
5.03E-05,0.805855824,0.050600103,2.92E-09,6748.65339,1.19E-07,5.38E-10,1.09E-18,8.69E-07,43.13362635,14.75942583,0.279771788
8.23E-05,0.595773861,0.03507205,3.54E-09,40294.15106,2.80E-08,3.07E-10,3.60E-18,9.38E-07,71.63945805,28.4934226,0.648644794
5.62E-05,0.746169913,0.03334981,1.27E-09,25455.27244,4.93E-08,1.60E-09,3.98E-18,6.85E-07,54.10566389,20.63542857,0.62624282
6.45E-05,0.676066594,0.060194764,2.87E-09,19404.37327,3.68E-08,6.24E-10,2.70E-18,3.19E-07,50.46224882,18.90398198,0.396131785
1.24E-05,0.892042942,0.010130228,3.05E-09,28421.78432,3.05E-07,1.95E-09,2.50E-18,8.05E-07,22.05768138,0.124838603,0.071158879
9.31E-05,0.623950776,0.013944098,3.26E-09,24569.37102,2.18E-07,1.35E-09,3.58E-18,9.22E-07,84.00521656,32.90699624,0.79427638
5.05E-05,0.724325494,0.010717326,2.37E-09,47054.23072,1.59E-07,9.54E-10,1.80E-18,6.70E-07,55.96451768,21.63206282,0.43063185
2.90E-05,0.727542813,0.075433202,2.02E-09,22302.69034,1.22E-07,1.47E-09,1.42E-18,6.97E-07,30.61684179,6.180808396,0.130642643
8.53E-05,0.863751025,0.077516699,3.76E-09,15570.30188,2.60E-07,2.66E-09,2.90E-18,3.45E-07,41.22777979,13.93977793,0.454341318
5.51E-05,0.587345527,0.016437422,1.55E-09,41638.52194,1.97E-07,2.99E-09,3.67E-18,7.22E-07,63.47181502,25.11709046,0.488119818
6.08E-05,0.786422266,0.06969412,2.98E-09,23758.7326,3.61E-07,1.46E-09,2.08E-18,5.57E-07,40.63907247,13.50053844,0.319964577
2.78E-05,0.768628336,0.015513241,2.92E-09,32797.91899,2.57E-08,1.71E-09,2.10E-18,5.75E-07,29.73405151,5.729698708,0.179631793
1.52E-05,0.698784143,0.057773426,1.88E-09,47286.19189,3.86E-07,4.81E-10,2.59E-18,2.73E-07,25.12570852,1.55091401,0.015787378
6.81E-05,0.669650279,0.027502216,1.20E-09,35737.49449,2.63E-07,4.38E-10,3.62E-18,2.72E-07,69.42410564,27.41346423,0.877231866
7.44E-05,0.684802744,0.076906609,3.01E-09,24869.51902,3.86E-07,1.58E-09,1.98E-18,7.55E-07,44.73708479,15.82043145,0.415759972
8.85E-05,0.552050833,0.034011797,4.25E-09,12905.8991,2.03E-07,2.13E-09,2.72E-18,6.68E-07,69.35113408,27.65846249,0.665396524
6.11E-05,0.902606606,0.052684105,4.42E-09,7724.890846,3.36E-07,1.34E-09,3.82E-18,5.12E-07,41.71113775,14.25184174,0.334845458
8.54E-05,0.721681105,0.064003205,1.96E-09,14572.60077,9.14E-08,2.95E-09,1.48E-18,7.90E-07,58.72307807,22.37358522,0.613105473
8.57E-05,0.608257273,0.019394034,1.77E-09,43633.80215,1.95E-07,2.83E-09,2.68E-18,6.56E-07,81.18576075,31.67577501,0.820350597
2.95E-05,0.812218938,0.04813332,3.99E-09,20631.24471,2.36E-07,2.39E-09,2.42E-18,4.67E-07,25.64768187,3.404716799,0.097689062
1.83E-05,0.71662618,0.058722292,2.15E-09,33096.22132,7.36E-08,1.33E-09,2.74E-18,4.37E-07,24.12832585,0.929104125,0.020329798
2.12E-05,0.559210021,0.034913544,1.31E-09,39458.85892,2.55E-07,1.92E-09,2.84E-18,8.90E-07,34.59211398,8.926280645,0.634445492
6.80E-05,0.70739786,0.029573795,4.45E-09,35156.26165,3.49E-08,1.07E-09,2.65E-18,5.99E-07,59.92208294,23.62981503,0.496850235
5.09E-05,0.770373279,0.053320842,1.58E-09,33545.68904,2.38E-07,7.02E-10,1.97E-18,4.11E-07,46.35546819,16.3972733,0.341688476
7.66E-05,0.780604633,0.069568499,1.05E-09,6189.711705,3.50E-07,8.88E-10,1.36E-18,6.66E-07,58.52434265,22.3150894,0.578218382
3.66E-05,0.895396636,0.059576577,2.40E-09,35303.8066,2.02E-07,4.27E-10,2.23E-18,6.68E-07,29.20357061,5.239524419,0.119444248
7.06E-05,0.664096718,0.021382364,4.02E-09,36759.02469,3.55E-08,1.04E-09,1.01E-18,7.29E-07,73.66783262,29.07167138,1.090574795
7.00E-05,0.885696041,0.034702438,3.61E-09,32212.71896,2.00E-07,8.41E-10,2.80E-18,9.27E-07,53.40684666,20.55729367,0.463625417
9.87E-05,0.594601066,0.041793354,1.46E-09,33964.65719,2.87E-07,1.05E-09,2.72E-18,5.32E-07,82.00266022,31.36002221,1.019864262
7.39E-05,0.741441162,0.044072449,4.45E-09,19459.76794,1.78E-07,1.45E-09,1.52E-18,3.91E-07,55.55815898,21.55065739,0.483962267
2.93E-05,0.838313605,0.054964541,2.63E-09,44661.77614,1.42E-07,7.83E-10,2.22E-18,6.12E-07,25.97168449,2.838484405,0.071867009
5.19E-05,0.702354094,0.074023039,2.24E-09,34817.71539,2.96E-07,1.68E-09,2.58E-18,8.76E-07,38.25989715,11.99566472,0.259347455
9.59E-05,0.569876002,0.064910273,1.60E-09,31031.40656,5.22E-08,1.55E-09,2.11E-18,9.60E-07,74.46806517,28.25432924,1.014039878
8.61E-05,0.759502198,0.028423057,3.04E-09,38612.56643,3.62E-07,2.02E-09,1.08E-18,8.14E-07,71.83733832,28.38136124,0.649180488
3.41E-05,0.764102989,0.01901802,1.66E-09,47091.4109,3.92E-07,2.03E-09,1.73E-18,5.59E-07,37.88265308,11.36086752,0.238947016
1.33E-05,0.600244306,0.033123104,4.00E-09,28647.34196,5.72E-09,1.36E-09,3.36E-18,5.80E-07,21.71361153,0.117774269,0.067368771
8.85E-05,0.836018319,0.013205736,2.50E-09,33485.62783,4.43E-09,6.93E-10,2.20E-18,7.52E-07,83.96258613,32.82339917,1.615363184
6.55E-05,0.622409438,0.055633573,9.78E-10,25934.79356,2.79E-07,2.70E-09,2.79E-18,5.82E-07,59.20571602,22.72326136,0.693132493
2.28E-05,0.738618809,0.037471175,2.47E-09,44266.63797,1.29E-07,1.08E-09,2.17E-18,7.78E-07,25.04124351,1.963861977,0.074869767
9.86E-05,0.631333217,0.07322402,1.18E-09,47890.71214,2.48E-07,3.68E-10,1.01E-18,3.08E-07,97.60977716,35.26106662,1.063416201
1.26E-05,0.895276906,0.024352437,2.33E-09,42740.13947,2.68E-07,1.42E-09,1.90E-18,5.19E-07,24.30948969,1.139978427,0.049881919
1.18E-05,0.848760774,0.074419327,6.56E-10,39398.28586,3.61E-07,2.06E-09,1.62E-18,9.30E-07,32.55275577,7.044953923,0.158570276
1.61E-05,0.893378148,0.033848561,3.53E-09,17888.89622,3.13E-07,2.35E-09,3.19E-18,5.45E-07,21.39916998,0.026012558,0.026790259
4.35E-05,0.737612208,0.079407968,3.56E-09,30315.31609,1.26E-07,2.28E-09,3.52E-18,9.07E-07,30.76850493,7.147594769,0.17774119
7.99E-05,0.85889598,0.045355356,3.37E-09,11418.12493,2.49E-07,1.29E-09,3.27E-18,6.99E-07,53.51410697,20.64231897,0.509877049
7.49E-05,0.611579031,0.030119926,4.37E-09,12475.73932,6.87E-08,2.90E-09,3.12E-18,3.21E-07,64.43599474,25.67821967,0.554211052
1.86E-05,0.751604698,0.067885358,1.80E-09,22342.35415,1.90E-07,1.66E-09,2.05E-18,6.51E-07,24.98989975,1.46840991,0.012613142
8.80E-05,0.654157114,0.066344837,3.65E-09,47319.00486,3.77E-07,2.21E-09,2.78E-18,5.64E-07,50.60810299,19.07451849,0.535858441
2.03E-05,0.535616157,0.035354827,2.25E-09,47524.76316,2.49E-08,7.77E-10,2.88E-18,5.73E-07,33.64267883,8.127489191,0.823299556
9.97E-05,0.68014767,0.04320445,4.39E-09,14127.78103,3.80E-07,1.18E-09,1.92E-18,2.64E-07,68.48527863,27.24219423,0.714148752
9.16E-05,0.897037853,0.069433609,2.02E-09,8006.890764,1.62E-07,6.98E-10,2.04E-18,9.09E-07,53.35465209,20.19544577,0.559140262
8.16E-05,0.894337666,0.025450612,1.63E-09,17394.7191,9.10E-08,2.40E-09,1.10E-18,7.67E-07,73.68543383,28.94626986,1.107896495
2.82E-05,0.591265661,0.050513103,2.32E-09,38630.28124,2.30E-07,1.75E-09,2.25E-18,5.48E-07,31.11368147,7.161924424,0.134918218
4.83E-05,0.524756367,0.056110221,1.23E-09,9108.447175,2.26E-07,2.67E-09,2.33E-18,5.43E-07,52.88571677,20.11726797,0.575044043
5.18E-05,0.617233538,0.032001713,4.80E-09,10250.37405,1.74E-07,3.75E-10,3.32E-18,6.15E-07,52.41111808,20.09296466,0.365274207
6.04E-05,0.641278149,0.031177061,1.36E-09,33886.27192,3.23E-07,2.32E-09,1.64E-18,2.86E-07,65.74507971,25.78786464,0.986631023
6.86E-05,0.527577243,0.014049735,8.98E-10,9469.328567,1.06E-08,2.95E-09,1.58E-18,4.10E-07,133.4166473,45.54336952,2.404886969
4.50E-05,0.890598761,0.024723773,1.87E-09,6087.872956,1.90E-07,1.95E-09,3.04E-18,4.30E-07,39.39689083,12.81837609,0.261815016
7.32E-05,0.690852992,0.053035254,3.21E-09,36963.50789,3.18E-07,2.02E-09,2.07E-18,8.31E-07,52.83832103,20.16743172,0.462669262
5.17E-05,0.750118569,0.059776,3.90E-09,27396.81121,1.73E-08,1.90E-09,1.42E-18,4.74E-07,41.92367803,14.08626155,0.281019605
6.05E-05,0.588767186,0.038171692,4.41E-09,25752.27065,4.43E-08,1.96E-09,3.09E-18,4.55E-07,55.09164002,21.3867781,0.422039895
1.05E-05,0.550364873,0.023232019,2.10E-09,18929.00019,2.14E-07,8.95E-10,1.93E-18,7.07E-07,25.96087865,1.701479872,0.564072407
8.93E-05,0.624237546,0.014507509,3.15E-09,8803.482972,1.26E-07,4.55E-10,1.85E-18,5.83E-07,84.1494019,32.83515196,0.771731632
6.27E-05,0.869768734,0.066006027,2.76E-09,24600.25235,5.71E-08,8.23E-10,1.77E-18,5.89E-07,44.27188143,15.37292732,0.341473308
9.45E-05,0.525458456,0.071439433,4.73E-09,39253.15324,1.08E-09,2.87E-09,2.40E-18,9.74E-07,56.31720706,21.42428264,0.622808207
1.81E-05,0.61552066,0.05989582,6.28E-10,13354.03264,4.54E-08,2.33E-09,2.54E-18,9.67E-07,34.21688094,6.484388464,1.001180587
7.92E-05,0.563815454,0.060381842,4.51E-09,12959.9784,4.83E-09,9.24E-10,3.43E-18,4.02E-07,54.85750096,21.20023062,0.513599818
4.11E-05,0.865287785,0.046674547,3.79E-09,34305.09769,3.11E-07,1.09E-09,2.31E-18,6.82E-07,32.72816587,8.502881038,0.190540866
2.02E-05,0.533668498,0.045154622,2.90E-09,23878.28493,3.03E-07,2.31E-09,1.74E-18,3.06E-07,25.34865674,2.776905052,0.090701791
3.79E-05,0.644182737,0.079266471,1.10E-09,37412.22415,3.84E-07,1.52E-09,3.70E-18,2.98E-07,34.12187011,9.013472987,0.169837773
6.50E-05,0.705901746,0.05438413,2.52E-09,11278.42031,1.52E-07,8.87E-10,2.91E-18,7.54E-07,49.62501906,18.55488746,0.398718653
4.60E-05,0.648323023,0.022147076,4.25E-09,25605.08032,1.67E-07,2.04E-09,1.49E-18,3.01E-07,49.84925704,18.73120712,0.339806864
6.89E-05,0.876279155,0.07811428,2.35E-09,33213.70266,3.52E-07,1.26E-09,1.27E-18,4.32E-07,44.20657296,15.21073304,0.364683212
5.90E-05,0.511759256,0.035731483,3.90E-09,30886.91197,9.96E-08,6.42E-10,3.57E-18,2.60E-07,59.54542643,23.47851143,0.444547853
6.57E-05,0.606370215,0.071387967,1.60E-09,18323.48974,3.21E-07,1.84E-09,1.81E-18,7.51E-07,51.76976971,19.16408848,0.438048704
9.23E-05,0.769148039,0.038810645,7.96E-10,28902.25351,3.44E-09,2.82E-09,2.61E-18,4.44E-07,98.30939155,37.15514698,2.251803195
7.93E-05,0.901846602,0.020639375,4.02E-09,32611.23909,5.05E-08,1.15E-09,3.19E-18,8.64E-07,62.89330667,25.0028717,0.590331955
5.98E-05,0.797074598,0.078659842,3.16E-09,36594.86807,4.28E-08,2.94E-09,1.40E-18,7.49E-07,40.04935223,12.83427658,0.300006866
6.60E-05,0.520855023,0.05593289,2.71E-09,37681.68098,1.87E-07,1.25E-09,2.95E-18,5.23E-07,54.43838761,20.91462054,0.431448231
4.13E-05,0.567465822,0.073061071,6.89E-10,34892.29921,2.29E-07,4.24E-10,2.89E-18,7.82E-07,72.14937384,28.39219653,0.808608933
7.73E-05,0.829063387,0.044715161,3.97E-09,40575.24496,2.52E-07,2.56E-09,3.83E-18,6.73E-07,52.66144596,20.21912814,0.491750992
9.38E-05,0.602058993,0.048310783,1.79E-09,35529.36698,6.84E-08,1.14E-09,1.05E-18,4.64E-07,86.72378647,32.71714969,1.465431194
2.99E-05,0.624867555,0.011453445,3.06E-09,23170.61032,1.22E-07,2.11E-09,3.50E-18,9.75E-07,36.52936212,11.0462097,0.236633946
2.65E-05,0.710399274,0.064990054,1.12E-09,15292.58841,1.55E-07,2.76E-09,1.74E-18,6.93E-07,35.07848889,9.138747026,0.337746127
9.35E-05,0.834044651,0.018505204,2.30E-09,18656.82589,1.98E-07,2.00E-09,3.89E-18,6.42E-07,74.51101118,29.59864133,0.724909405
1.71E-05,0.69155343,0.057275043,4.19E-09,41779.34271,3.44E-07,2.82E-09,2.81E-18,4.03E-07,21.44553169,0.03576095,0.016136803
9.85E-05,0.830054145,0.029879552,4.42E-09,7404.499274,8.20E-08,2.18E-09,3.38E-18,9.25E-07,70.37775375,28.07496526,0.721671013
3.08E-05,0.812903223,0.02235179,3.16E-09,26535.98173,3.43E-07,1.23E-09,3.53E-18,5.19E-07,28.83445794,5.782524037,0.159842676
4.78E-05,0.86131259,0.071051411,3.34E-09,23940.14915,3.75E-07,2.74E-09,2.56E-18,8.66E-07,31.93407322,7.961648248,0.204304447
2.16E-05,0.513263998,0.020302455,3.02E-09,35111.85717,7.51E-08,2.46E-09,1.77E-18,4.02E-07,35.3916594,9.964848255,0.70031484
8.32E-05,0.704737589,0.070937406,3.62E-09,19209.59854,3.22E-07,2.98E-09,2.14E-18,7.37E-07,45.95988561,16.6146275,0.47674796
3.78E-05,0.575169436,0.044827249,4.00E-09,8517.367886,1.82E-08,2.52E-09,2.86E-18,8.53E-07,39.02708375,12.60875166,0.221640391
3.48E-05,0.582453879,0.034580909,2.68E-09,44935.86498,1.09E-07,2.85E-09,1.10E-18,4.97E-07,45.70910595,16.36005562,0.748363101
4.37E-05,0.5754143,0.060284973,4.72E-09,24718.48899,1.77E-07,9.22E-10,3.53E-18,2.70E-07,39.61386176,12.96197754,0.236743747
5.02E-05,0.62900183,0.022656833,1.78E-09,6495.366973,2.40E-08,7.44E-10,2.21E-18,6.47E-07,62.72496024,24.85256316,1.371365768
1.46E-05,0.632819721,0.076336687,4.10E-09,45307.9652,2.92E-07,1.32E-09,1.37E-18,2.52E-07,23.08004961,0.568351225,0.00450618
8.98E-05,0.557037819,0.074775211,1.78E-09,40535.68224,1.03E-07,2.69E-09,2.36E-18,8.63E-07,59.99109678,22.59129075,0.64030744
2.22E-05,0.674887395,0.018202943,2.53E-09,41807.68113,3.83E-07,2.99E-09,3.29E-18,7.36E-07,25.2577348,3.062589208,0.128873906
2.44E-05,0.856831543,0.05982187,1.45E-09,8246.041326,3.53E-07,1.77E-09,2.13E-18,9.63E-07,24.09206696,1.2609011,0.028971065
4.65E-05,0.882609286,0.0776352,1.48E-09,44474.66016,3.36E-07,5.96E-10,2.75E-18,6.52E-07,34.45977412,9.050798482,0.188840233
6.25E-05,0.531385661,0.063949702,8.92E-10,27578.82626,3.44E-07,8.44E-10,1.81E-18,6.58E-07,87.84255424,33.56961783,0.971791909
9.61E-05,0.610853089,0.07590025,3.72E-09,12370.25233,3.08E-07,6.12E-10,2.37E-18,6.28E-07,53.44064547,20.49102727,0.598221811
1.96E-05,0.656605411,0.05748251,7.51E-10,9779.615136,3.40E-07,1.06E-09,3.00E-18,9.03E-07,28.49587194,3.300682065,0.369874397
4.51E-05,0.527283172,0.039240972,3.78E-09,6977.189714,2.93E-07,8.07E-10,1.27E-18,4.35E-07,49.17441372,18.32647679,0.305057447
5.97E-05,0.729567953,0.023879937,2.17E-09,31649.58825,1.73E-07,2.58E-09,2.44E-18,9.41E-07,57.6935736,22.54866106,0.439089039
7.19E-05,0.809021606,0.062968047,3.58E-09,13071.25941,3.30E-07,1.15E-09,1.34E-18,3.05E-07,47.2668268,17.2476715,0.417980315
9.43E-05,0.69353652,0.012883629,1.25E-09,7154.037214,2.05E-07,2.73E-09,1.14E-18,4.99E-07,96.29781527,36.23684495,1.692158149
2.83E-05,0.78950211,0.079691409,4.92E-09,42263.46815,2.02E-08,2.56E-09,1.72E-18,3.99E-07,23.50743094,1.428316994,0.054434546
6.11E-05,0.688492322,0.024129563,4.09E-09,12749.581,1.36E-07,1.22E-09,3.03E-18,2.72E-07,57.90150587,22.76378093,0.441999864
8.43E-05,0.861913426,0.046939829,4.54E-09,36637.08208,2.64E-07,1.46E-09,3.39E-18,7.73E-07,54.09688895,20.93574549,0.541579745
9.05E-05,0.84411786,0.047945806,3.52E-09,20853.39963,7.08E-08,2.54E-09,2.24E-18,4.52E-07,57.33286258,22.35402619,0.592172316
1.23E-05,0.522715977,0.045570673,1.17E-09,20822.20494,1.88E-08,5.43E-10,1.15E-18,8.72E-07,39.57962221,8.88921756,1.396299571
7.15E-05,0.823756485,0.061603844,3.31E-09,37355.07105,2.09E-10,2.65E-09,1.80E-18,2.59E-07,94.5640191,37.57555406,0.462089041
8.56E-05,0.670073061,0.029951651,4.01E-09,12685.40586,1.06E-07,8.77E-10,1.67E-18,3.64E-07,70.00810314,27.80815381,0.65167
8.83E-05,0.650642402,0.039870798,1.51E-09,18531.46101,1.61E-07,2.50E-09,1.03E-18,3.54E-07,81.1523798,31.20740699,1.293961912
5.00E-05,0.840615354,0.015423384,1.09E-09,10038.08644,1.31E-07,2.96E-09,3.89E-18,8.06E-07,49.08990097,18.26252008,0.348433681
1.20E-05,0.839125459,0.032158912,2.54E-09,6000.17397,1.44E-07,2.72E-09,1.59E-18,4.12E-07,22.27089178,0.201957604,0.024401695
1.58E-05,0.805233933,0.027846391,4.96E-09,13720.48561,3.14E-07,3.89E-10,3.00E-18,7.06E-07,21.48381127,0.039028559,0.046455967
6.40E-05,0.605692572,0.049628073,4.32E-09,44425.81066,2.39E-07,9.02E-10,1.61E-18,8.79E-07,54.49456477,20.99045787,0.421458489
2.05E-05,0.821787587,0.062201231,3.48E-09,34470.4435,3.05E-07,3.80E-10,3.84E-18,4.15E-07,21.98847619,0.128334664,0.009555101
7.92E-05,0.723765908,0.034823558,2.23E-09,24260.62966,7.69E-08,2.61E-09,1.63E-18,6.34E-07,67.98939549,26.72790721,0.731235268
4.01E-05,0.542820469,0.016643283,3.36E-09,45977.83052,2.60E-07,2.68E-09,1.93E-18,7.64E-07,50.78998438,19.2327025,0.33659479
7.09E-05,0.674383372,0.03763688,4.92E-09,6493.475348,2.27E-07,1.87E-09,1.13E-18,3.87E-07,58.06504083,22.78753128,0.482712517
7.29E-05,0.523742108,0.039780017,3.36E-09,7439.801772,2.86E-07,4.30E-10,2.64E-18,5.27E-07,65.06219814,25.89500022,0.537221516
2.75E-05,0.528217441,0.068737886,4.55E-09,40130.39076,2.76E-07,6.78E-10,2.86E-18,3.93E-07,28.72292644,5.697442934,0.109316151
8.44E-05,0.899611286,0.0351356,2.78E-09,46782.79317,1.79E-07,2.08E-09,1.84E-18,6.94E-07,61.54787267,24.21601987,0.581922009
3.83E-05,0.675493594,0.075997423,8.72E-10,15755.14609,1.66E-07,1.83E-09,2.97E-18,5.58E-07,44.07719946,15.44593605,0.341513759
6.23E-05,0.852626438,0.025928728,2.44E-09,17941.88978,3.32E-07,2.62E-09,2.32E-18,9.41E-07,53.24379455,20.45672286,0.419090787
9.24E-05,0.548170357,0.023984112,2.62E-09,27143.07193,1.46E-07,2.69E-09,3.07E-18,9.83E-07,80.25045979,31.48086431,0.762672095
8.38E-05,0.74953928,0.03222979,7.08E-10,17308.6386,2.33E-07,4.11E-10,2.09E-18,2.74E-07,91.21664397,34.53319324,1.542639655
1.45E-05,0.883472416,0.064189984,2.88E-09,28182.68292,7.61E-08,3.93E-10,1.78E-18,8.54E-07,25.45903431,1.674741803,0.00698414
2.42E-05,0.592527265,0.0707516,9.54E-10,29950.56008,1.37E-07,2.26E-09,3.55E-18,8.96E-07,35.12162645,9.173399257,0.291680318
7.70E-05,0.662980118,0.06266845,1.90E-09,43244.19482,1.27E-07,1.22E-09,1.28E-18,8.81E-07,64.67777242,24.94724808,0.729786052
9.46E-05,0.644848771,0.041019552,4.63E-09,26600.3354,2.62E-08,2.13E-09,3.89E-18,4.59E-07,67.0035679,26.6850632,0.681751574
1.65E-05,0.752066237,0.047678007,4.51E-09,30585.46672,8.81E-08,1.16E-09,3.70E-18,3.88E-07,21.43704303,0.03853069,0.01715963
7.45E-05,0.89283446,0.017647928,4.96E-09,44009.75072,3.15E-08,2.96E-09,1.77E-18,6.54E-07,62.63283659,24.84786796,0.555914193
3.54E-05,0.746612672,0.055985818,2.21E-09,48032.62063,6.95E-08,1.42E-09,3.06E-18,6.81E-07,31.68191015,7.535354538,0.15339334
2.89E-05,0.791252694,0.025703603,1.29E-09,16564.34996,1.54E-07,1.88E-09,3.61E-18,7.24E-07,29.31187077,5.482748057,0.144992457
8.51E-05,0.642019617,0.03806459,2.51E-09,22144.02711,1.87E-07,1.30E-09,1.50E-18,7.20E-07,71.20573071,27.95226596,0.68679432
1.60E-05,0.581076532,0.048743061,1.84E-09,40655.20107,2.31E-09,9.77E-10,2.82E-18,2.84E-07,30.7485561,4.452302455,1.061931399
2.04E-05,0.50241227,0.042166112,2.77E-09,21120.59289,6.46E-08,1.38E-09,1.76E-18,8.16E-07,34.4515959,9.139009413,0.530112652
1.63E-05,0.832323213,0.023493261,3.72E-09,25842.80494,3.93E-07,2.89E-09,1.15E-18,5.05E-07,22.75790089,0.417818219,0.04161283
2.26E-05,0.670833253,0.012235151,1.67E-09,37656.87719,1.14E-08,1.77E-09,3.45E-18,3.16E-07,32.94156862,7.541184685,1.205683573
5.41E-05,0.508929423,0.056833367,1.70E-09,14876.29002,3.15E-07,1.19E-09,2.20E-18,8.75E-07,53.36035661,20.17884496,0.502625997
5.21E-05,0.727409381,0.07526494,4.34E-09,46449.98398,1.48E-08,2.68E-09,3.97E-18,7.71E-07,35.30102202,10.20220272,0.246041328
5.63E-05,0.600075683,0.037917262,4.53E-09,43442.44526,1.41E-07,1.42E-09,3.14E-18,6.36E-07,52.77961574,20.2528158,0.386768265
9.42E-05,0.522087276,0.051803967,1.15E-09,41529.26761,3.96E-07,1.54E-09,2.28E-18,7.98E-07,80.06574033,30.28036108,1.098310808
4.33E-05,0.728110587,0.040689667,4.07E-09,26386.15754,3.00E-07,2.43E-09,1.20E-18,7.87E-07,40.2448811,13.2983063,0.244154804
4.99E-05,0.847267124,0.063314781,4.68E-09,10485.19717,1.01E-07,1.22E-09,1.48E-18,6.40E-07,35.55314656,10.36622005,0.238688961
6.94E-05,0.661852641,0.039958183,3.14E-09,34849.22669,3.99E-07,2.77E-09,2.66E-18,9.36E-07,56.43207839,22.00815754,0.468751429
1.13E-05,0.850637468,0.028883839,1.57E-09,49324.41672,3.91E-07,9.47E-10,3.39E-18,3.59E-07,24.26602111,1.072360096,0.046923946
2.96E-05,0.856457182,0.058264319,1.86E-09,11605.27182,1.38E-07,8.63E-10,1.53E-18,6.76E-07,28.02043461,4.098589082,0.076854027
4.76E-05,0.830321479,0.064608992,1.23E-09,41644.09943,2.25E-07,2.69E-09,1.14E-18,2.58E-07,44.93187164,15.63217836,0.386969506
5.34E-05,0.794872308,0.075030796,2.43E-09,30828.76147,3.09E-07,2.86E-09,1.50E-18,3.89E-07,37.47643299,11.38249098,0.256258814
4.04E-05,0.79335732,0.035493069,9.19E-10,16797.62048,3.68E-07,2.55E-09,1.54E-18,4.74E-07,47.69555952,17.3134216,0.709295876
9.12E-05,0.509843688,0.070069591,1.94E-09,20422.2821,4.11E-08,5.78E-10,2.79E-18,7.01E-07,68.61308482,26.37574705,0.799985554
5.54E-05,0.889031374,0.064312712,4.72E-09,40057.11715,2.82E-07,2.07E-09,2.63E-18,3.97E-07,36.31907326,10.89146823,0.27066817
9.00E-05,0.684195273,0.068503155,4.20E-09,13635.60031,1.33E-07,1.76E-09,3.12E-18,2.62E-07,49.53853618,18.58799913,0.539972733
9.69E-05,0.621684546,0.071847023,2.48E-09,44545.05751,1.55E-08,6.47E-10,3.72E-18,2.66E-07,61.68117781,23.84329049,0.641540892
1.37E-05,0.861045543,0.062562124,2.93E-09,26461.48711,1.64E-07,2.30E-09,1.26E-18,5.02E-07,24.1737582,1.09928627,0.005875318
6.12E-05,0.634486918,0.042706499,3.39E-09,21987.11771,3.33E-07,2.01E-09,2.31E-18,5.21E-07,52.53888115,20.1021731,0.40166798
1.40E-05,0.622623948,0.067186101,3.03E-09,45186.368,1.87E-07,2.08E-09,1.96E-18,7.66E-07,23.08214827,0.522581002,0.009221433
5.50E-05,0.676781857,0.027147837,1.50E-09,36321.28051,3.04E-07,2.06E-09,1.33E-18,8.61E-07,62.10115967,24.27319835,0.956929723
5.43E-05,0.621479229,0.061150991,2.45E-09,48535.53665,2.34E-07,2.00E-09,2.04E-18,3.61E-07,45.96952993,16.41308888,0.315070879
1.63E-05,0.756272323,0.047411852,1.81E-09,22865.74669,2.53E-07,2.59E-09,2.01E-18,9.56E-07,24.26853075,1.097330089,0.021954736
4.59E-05,0.799126296,0.076699016,1.04E-09,23536.37153,2.36E-08,1.69E-09,2.06E-18,8.00E-07,50.55950206,18.81010865,0.725582014
6.09E-05,0.633587727,0.026969262,4.95E-09,24361.43604,3.98E-07,2.78E-09,2.99E-18,3.39E-07,58.11855257,22.87834265,0.437360472
8.07E-05,0.565667809,0.045463434,4.64E-09,11920.35571,1.21E-08,2.88E-09,3.00E-18,3.46E-07,59.7394608,23.55382801,0.559269953
3.41E-05,0.846110863,0.076073144,4.83E-09,37150.67664,2.48E-07,2.21E-09,3.93E-18,6.62E-07,24.78311989,2.737479343,0.092571464
4.97E-05,0.748660781,0.054216087,1.98E-09,35872.9705,2.28E-07,8.60E-10,2.05E-18,3.69E-07,43.72924028,15.06410907,0.27861674
4.66E-05,0.679399195,0.011830671,2.25E-09,49092.72616,2.95E-07,1.38E-09,3.74E-18,2.96E-07,51.93875027,19.82432829,0.378179212
3.18E-05,0.748025588,0.042439471,4.64E-09,21055.85513,2.73E-07,1.43E-09,3.81E-18,8.89E-07,29.28195788,6.109090637,0.136814099
9.80E-05,0.906802697,0.029463897,6.26E-10,30543.69678,3.25E-08,1.36E-09,1.58E-18,6.24E-07,108.3378424,39.45359418,2.100533801
1.99E-05,0.576713818,0.068962923,2.28E-09,48232.13436,1.80E-07,1.84E-09,3.46E-18,3.23E-07,22.73782583,0.667613128,0.041243227
7.53E-05,0.786939674,0.021252323,6.54E-10,43515.72748,3.40E-08,2.14E-09,2.78E-18,8.97E-07,92.20497503,35.44946188,2.02395496
4.06E-05,0.757044977,0.061278156,8.48E-10,47591.82089,3.28E-07,5.11E-10,1.55E-18,9.77E-07,56.84767518,21.72169944,0.571193388
4.39E-05,0.791678235,0.022447318,1.50E-09,17703.19176,1.83E-07,2.16E-09,1.62E-18,2.82E-07,46.88679609,16.81451119,0.616647531
8.65E-05,0.637251174,0.011169183,6.20E-10,44681.84871,3.45E-07,1.57E-09,1.66E-18,5.77E-07,116.2250984,41.24411026,1.943723188
3.92E-05,0.614648611,0.042786903,2.83E-09,10953.28077,3.29E-07,2.12E-09,1.88E-18,2.80E-07,39.74377222,13.02058541,0.228190613
5.29E-05,0.852532067,0.076568521,4.12E-09,32748.73896,3.28E-07,1.10E-09,2.00E-18,6.44E-07,34.20941501,9.479180116,0.240729532
6.91E-05,0.826987053,0.035209414,2.29E-09,13579.86351,1.64E-07,2.35E-09,3.97E-18,9.83E-07,53.65196315,20.68648947,0.451930134
7.81E-05,0.814072974,0.046466144,2.52E-09,31266.27338,1.44E-07,1.18E-09,2.48E-18,9.06E-07,56.38062368,21.8620762,0.509038643
6.76E-05,0.66073774,0.074240675,2.07E-09,39994.98112,2.98E-07,2.02E-09,3.28E-18,2.76E-07,44.11784133,15.44955661,0.375157374
5.10E-05,0.655166241,0.019998712,8.79E-10,21666.17503,3.59E-08,5.86E-10,3.47E-18,4.64E-07,77.87274092,30.82573572,1.793927269
5.94E-05,0.540345332,0.061736194,1.07E-09,10454.48593,1.63E-07,2.94E-09,3.70E-18,5.94E-07,52.14600665,19.50585754,0.520154829
8.21E-05,0.542135849,0.047481568,4.03E-09,23464.89073,1.36E-07,1.41E-09,2.90E-18,5.96E-07,61.12233032,24.16390662,0.572651357
5.08E-05,0.713138618,0.015228102,2.21E-09,10739.64221,2.68E-07,1.01E-09,1.44E-18,7.95E-07,55.14178396,21.27845147,0.404168694
4.47E-05,0.700282942,0.02702853,2.96E-09,24999.73665,2.47E-07,2.75E-09,3.18E-18,4.33E-07,45.11759767,16.19194031,0.290924109
4.20E-05,0.760016094,0.018264367,9.18E-10,37509.30425,2.66E-07,1.24E-09,2.75E-18,6.04E-07,49.08835611,18.13373458,0.974186232
5.47E-05,0.754496267,0.079866902,4.14E-09,14438.89943,1.76E-07,1.76E-09,1.91E-18,4.63E-07,35.243492,10.16569897,0.257209984
9.29E-05,0.772556766,0.049806332,2.34E-09,28851.63521,3.03E-07,5.68E-10,1.99E-18,3.18E-07,65.60858676,25.73929099,0.641012715
4.67E-05,0.646532638,0.047310605,2.12E-09,20567.82969,3.01E-07,1.91E-09,3.47E-18,9.49E-07,42.83530631,14.84287496,0.274649457
6.35E-05,0.50034986,0.076962212,2.23E-09,25256.38684,3.13E-07,1.13E-09,1.60E-18,8.40E-07,51.83752409,19.20666878,0.417229324
7.21E-05,0.881882519,0.027587671,1.02E-09,42081.41503,1.92E-07,1.17E-09,3.46E-18,7.39E-07,63.42445386,24.86454245,0.574565482
7.52E-05,0.643228352,0.055461727,3.67E-09,32388.61135,8.36E-08,1.41E-09,2.96E-18,4.04E-07,53.39646731,20.48595214,0.480617662
9.54E-05,0.515111787,0.077064224,1.33E-09,29675.78485,5.09E-08,3.66E-10,3.24E-18,9.48E-07,75.13835836,28.47784414,0.95039204
9.74E-05,0.805719675,0.060503993,3.65E-09,17154.28009,2.67E-07,1.79E-09,1.96E-18,2.78E-07,54.78392925,21.13825837,0.616138951
6.17E-05,0.737114083,0.028980035,3.86E-09,22594.44977,3.84E-07,4.17E-10,1.55E-18,6.18E-07,57.0185715,22.27447365,0.439701897
3.85E-05,0.518482949,0.074150066,3.74E-09,43096.14935,2.24E-07,2.26E-09,2.62E-18,9.13E-07,34.29198136,9.551700171,0.18092549
4.54E-05,0.862409807,0.06190139,6.36E-10,28236.4454,2.53E-07,2.88E-09,1.35E-18,8.38E-07,55.15488014,20.82560091,0.640644683
8.70E-05,0.792167448,0.074360485,2.99E-09,24769.17819,3.27E-07,2.12E-09,1.38E-18,3.75E-07,48.27914631,17.5902428,0.503860747
1.11E-05,0.574290062,0.062786061,4.67E-09,40758.38911,1.26E-08,9.57E-10,1.47E-18,4.31E-07,24.98628665,1.345036559,0.112293858
5.11E-05,0.868064893,0.067311376,3.34E-09,33367.378,1.85E-07,1.75E-09,2.82E-18,5.99E-07,34.54382287,9.707599467,0.237272298
8.52E-05,0.818785499,0.038186615,2.65E-09,20279.37704,6.60E-08,5.44E-10,2.02E-18,6.20E-07,66.0102667,26.03652754,0.607061539
9.17E-05,0.692641489,0.053149888,1.14E-09,9213.855516,2.71E-07,2.60E-09,2.76E-18,9.13E-07,65.21645803,25.27066639,0.676794775
8.46E-05,0.857539543,0.060046722,1.72E-09,15863.25984,1.25E-07,2.93E-09,3.08E-18,5.31E-07,50.63033457,18.93408611,0.51181968
4.85E-05,0.899309269,0.070547687,1.36E-09,46926.30492,2.75E-08,2.64E-09,1.29E-18,7.47E-07,48.29272223,17.41448146,0.662968525
4.02E-05,0.530969673,0.027897389,4.08E-09,31323.04317,1.91E-07,2.80E-09,3.10E-18,9.97E-07,47.17147576,17.34263542,0.296093296
9.95E-05,0.52517423,0.06248501,4.33E-09,28350.90869,3.57E-07,1.78E-09,1.42E-18,6.22E-07,61.03870664,23.87504028,0.665207623
8.81E-05,0.544099003,0.044205551,2.80E-09,28100.75389,1.30E-07,1.49E-09,3.26E-18,7.75E-07,65.9855396,26.09630747,0.637726828
9.11E-05,0.541265266,0.07248014,8.00E-10,27757.26307,2.32E-07,7.71E-10,2.50E-18,2.90E-07,81.54143773,31.29310692,1.095240198
7.05E-05,0.668215467,0.034331397,4.11E-09,45592.0203,4.62E-08,2.20E-09,1.39E-18,9.81E-07,62.75874807,24.70593668,0.516541809
7.85E-05,0.583125524,0.02254882,4.48E-09,18051.22373,1.13E-07,2.23E-09,3.64E-18,3.80E-07,71.36571954,28.51914493,0.626069274
5.57E-05,0.61265559,0.05105803,2.00E-09,14624.89592,1.74E-07,2.35E-09,1.08E-18,3.38E-07,55.28166023,21.01032216,0.644084166
9.98E-05,0.87850392,0.010242564,3.14E-09,10071.57816,3.65E-07,1.05E-09,1.25E-18,9.88E-07,83.86419462,32.71097846,0.808428156
8.48E-05,0.845697654,0.065377884,2.58E-09,40820.90567,1.59E-07,2.27E-09,3.40E-18,8.42E-07,47.63397957,17.46139269,0.496268067
3.26E-05,0.693834912,0.026814133,3.11E-09,38060.81114,1.26E-07,1.93E-09,2.85E-18,5.34E-07,34.35751757,9.599076476,0.199040322
6.01E-05,0.53446199,0.062711597,9.06E-10,16282.79521,3.48E-07,1.95E-09,3.50E-18,3.13E-07,55.18658111,20.88050527,0.576436809
9.58E-05,0.595364362,0.058547199,4.88E-09,42561.59645,2.57E-07,1.69E-09,3.47E-18,3.49E-07,58.15415213,22.84107539,0.632111597
1.31E-05,0.538781126,0.056369151,3.91E-09,27004.53456,2.75E-07,3.15E-10,3.65E-18,4.51E-07,21.8715127,0.100701879,0.020621009
8.95E-05,0.810010511,0.053829299,2.57E-09,41457.8428,3.94E-08,6.08E-10,2.57E-18,9.76E-07,61.95559462,24.2179835,0.599808
5.02E-05,0.607016646,0.038347787,3.28E-09,33246.88866,2.11E-07,1.82E-09,1.67E-18,9.90E-07,50.28190506,18.87484032,0.337375361
4.21E-05,0.584969137,0.022232119,1.12E-09,48018.32598,1.40E-07,2.96E-09,3.03E-18,4.84E-07,56.74641311,21.97637326,1.227971494
3.32E-05,0.600826382,0.026522443,3.57E-09,16033.28643,2.72E-07,2.38E-09,3.41E-18,5.23E-07,38.31773461,12.17746745,0.217405826
7.71E-05,0.504614439,0.059121083,2.86E-09,23574.34313,6.79E-08,2.60E-09,1.19E-18,4.27E-07,64.29055649,24.83315085,0.771672794
7.81E-05,0.69015307,0.073425964,4.24E-09,48602.67277,9.06E-08,2.48E-09,3.46E-18,7.13E-07,44.12374307,15.60227372,0.436333337
6.07E-05,0.532559297,0.012750368,3.51E-09,48245.72869,2.49E-07,2.76E-09,3.02E-18,7.50E-07,69.29641773,27.67580719,0.534011427
3.61E-05,0.547221704,0.044282522,3.63E-09,42189.62925,8.45E-08,2.39E-09,1.61E-18,9.44E-07,40.43142774,13.32683533,0.233851383
3.49E-05,0.560564774,0.067610653,9.89E-10,49668.63456,2.81E-07,9.09E-10,1.04E-18,3.20E-07,64.6710633,25.17999808,0.718840076
7.75E-05,0.660068596,0.049940477,3.48E-09,46082.47171,9.19E-08,2.04E-09,2.64E-18,7.49E-07,56.15555506,21.78787473,0.511739741
1.02E-05,0.802170215,0.032638462,1.54E-09,6296.723123,1.95E-07,8.93E-10,2.85E-18,7.68E-07,23.59404986,0.742951613,0.033290082
2.97E-05,0.831308742,0.039329015,1.51E-09,9801.669676,1.20E-07,1.33E-09,1.59E-18,3.77E-07,32.19688676,7.231794846,0.358792883
9.21E-05,0.755100285,0.065851457,4.27E-09,32447.64375,4.70E-08,1.35E-09,3.95E-18,4.15E-07,51.45478152,19.55627152,0.564292613
1.28E-05,0.536266172,0.041253779,1.01E-09,23019.68805,2.89E-07,2.71E-09,2.23E-18,2.66E-07,28.94639191,3.149098369,0.696167337
6.38E-05,0.690376612,0.073760602,2.09E-09,25359.50271,9.73E-08,2.19E-09,3.86E-18,8.08E-07,41.81004367,14.15488121,0.343416068
4.31E-05,0.742541822,0.072948941,7.17E-10,6404.623503,1.75E-07,2.60E-09,3.73E-18,7.31E-07,37.31673386,11.13450759,0.278454111
8.12E-05,0.881432137,0.038966387,3.50E-09,41337.91556,2.13E-07,3.86E-10,1.82E-18,9.16E-07,60.56526192,23.84140328,0.557580009
5.37E-05,0.856008821,0.064357343,2.98E-09,19070.35149,1.41E-07,1.34E-09,1.80E-18,8.98E-07,38.08203409,11.89461806,0.267552872
1.57E-05,0.85770265,0.013070362,9.58E-10,35448.37789,3.23E-07,2.91E-09,3.71E-18,1.00E-06,25.38630625,1.604791054,0.082766441
2.26E-05,0.568502539,0.02103317,3.11E-09,32338.02674,1.65E-07,2.11E-09,1.94E-18,7.08E-07,29.00128035,5.707413548,0.165979954
8.00E-05,0.721859589,0.049345007,4.69E-09,6141.294646,2.20E-07,2.41E-09,2.56E-18,3.96E-07,53.69872813,20.74520088,0.508191096
7.30E-05,0.842183241,0.020697256,3.68E-09,9327.566904,3.56E-07,8.13E-10,2.52E-18,8.18E-07,61.18387854,24.27399749,0.530558489
9.06E-05,0.829345718,0.056257619,3.84E-09,47542.10519,3.07E-07,2.34E-09,3.57E-18,3.78E-07,52.47192469,20.09766713,0.564496976
4.95E-05,0.642841653,0.030596688,4.58E-09,45411.1486,3.90E-07,1.20E-09,2.30E-18,3.76E-07,49.64356239,18.64671928,0.342194883
2.62E-05,0.688031285,0.079957915,3.69E-09,42419.71784,5.64E-08,8.13E-10,3.21E-18,5.81E-07,23.61625674,1.577737092,0.054570342
2.73E-05,0.569596695,0.055778816,3.28E-09,43461.83162,3.06E-07,2.37E-09,1.79E-18,9.58E-07,29.51236252,6.206220908,0.119041832
5.23E-05,0.681805765,0.032761904,4.43E-09,33287.62229,2.18E-07,1.06E-09,2.17E-18,9.15E-07,49.76505246,18.69559487,0.351274975
7.47E-05,0.82267766,0.047227411,1.33E-09,42898.22897,8.85E-08,2.63E-09,2.55E-18,4.94E-07,60.41525199,23.36090376,0.661238081
8.63E-05,0.501827217,0.056505449,4.44E-09,47673.17485,3.17E-07,4.94E-10,2.35E-18,6.71E-07,62.62001633,24.72904891,0.595921318
2.88E-05,0.765014837,0.036868465,3.25E-09,45636.19657,1.13E-07,2.78E-09,2.80E-18,8.13E-07,27.71772263,4.929750352,0.123584254
4.87E-05,0.776151247,0.025841978,2.64E-09,17869.56262,3.29E-07,1.87E-09,3.86E-18,9.59E-07,45.66483258,16.50309024,0.313223856
4.69E-05,0.534943079,0.075758468,3.73E-09,23283.74716,7.95E-08,1.97E-09,2.92E-18,3.94E-07,37.45305241,11.58440428,0.235870521
3.72E-05,0.546676197,0.070597654,3.59E-09,11544.74651,2.30E-07,6.02E-10,1.45E-18,6.49E-07,36.18908736,10.69574639,0.18232958
9.26E-05,0.610231307,0.066779697,1.43E-09,28465.50872,2.10E-07,2.81E-09,1.59E-18,6.60E-07,68.20066211,25.87619616,0.799317309
7.21E-05,0.851581712,0.037177288,2.45E-09,41704.17231,9.86E-08,1.50E-09,3.66E-18,8.64E-07,54.86708208,21.21921866,0.477615262
8.15E-05,0.504566017,0.072211169,3.93E-09,25483.77803,2.89E-08,9.81E-10,2.47E-18,5.95E-07,53.38269987,20.21749719,0.510630497
3.21E-05,0.835765834,0.048905292,1.91E-09,45142.93319,1.45E-07,2.33E-09,1.29E-18,9.69E-07,32.53878158,7.389812813,0.206182825
8.40E-05,0.630238924,0.029141067,1.22E-09,10396.92824,3.81E-07,2.37E-09,3.54E-18,4.88E-07,72.20628027,28.53226889,0.649893322
5.35E-05,0.652429589,0.026219508,1.93E-09,16870.67268,5.88E-08,1.86E-09,1.33E-18,5.50E-07,63.0447453,24.78549609,1.23949516
3.81E-05,0.623155784,0.070424148,3.73E-09,16642.05454,3.63E-07,2.48E-09,3.38E-18,9.64E-07,32.01356165,8.034301238,0.166137844
9.66E-05,0.682241129,0.031800156,2.18E-09,24658.72407,9.37E-08,1.61E-09,1.47E-18,4.43E-07,84.05190107,32.16443618,1.186555029
4.97E-05,0.819583262,0.035824025,9.96E-10,13827.3849,1.20E-07,1.03E-09,1.57E-18,6.14E-07,59.9920352,23.2985228,1.066798674
5.83E-05,0.681045028,0.071998639,3.33E-09,22660.8147,2.37E-07,1.52E-09,2.33E-18,8.33E-07,40.68878688,13.5470842,0.309126701
5.21E-05,0.76841315,0.030222754,3.08E-09,31803.72915,3.96E-07,3.11E-10,1.33E-18,3.66E-07,50.18175521,18.73131762,0.353483621
9.74E-05,0.80275685,0.06198892,4.86E-09,42990.67115,3.95E-07,2.97E-09,3.83E-18,3.67E-07,51.54950136,19.65101953,0.597614565
4.43E-05,0.582041313,0.038364258,2.94E-09,42945.38633,3.92E-07,1.13E-09,2.02E-18,7.40E-07,46.99969501,17.15704072,0.294674457
6.16E-05,0.556662249,0.013932966,4.13E-09,8683.098435,5.77E-08,2.68E-09,3.37E-18,8.60E-07,67.74706838,27.07943139,0.518092046
2.59E-05,0.786710724,0.072420403,1.56E-09,16536.92176,6.36E-08,7.88E-10,3.66E-18,5.76E-07,24.77566758,1.682560441,0.037623398
2.06E-05,0.745526603,0.034592998,3.94E-09,6238.829355,1.93E-08,9.37E-10,1.30E-18,9.88E-07,23.63682029,0.654446543,0.060632141
9.04E-05,0.798039568,0.018933394,1.37E-09,38911.11789,1.08E-07,2.43E-09,1.07E-18,4.17E-07,90.84140781,34.79581132,1.610714653
1.48E-05,0.647457629,0.055716499,3.89E-09,46276.55722,1.14E-07,2.51E-09,2.10E-18,8.45E-07,22.22225266,0.159506258,0.017447252
2.30E-05,0.812492586,0.075478223,4.26E-09,19944.57451,3.37E-07,2.31E-09,2.12E-18,7.42E-07,21.50026224,0.040963804,0.018390201
7.73E-05,0.581667846,0.020394419,4.74E-09,8383.630695,2.08E-07,2.63E-09,3.29E-18,3.04E-07,71.89038381,28.73911457,0.611225763
5.12E-05,0.655207183,0.015614351,1.96E-09,19679.02522,1.65E-07,1.32E-09,2.37E-18,9.17E-07,57.53386931,22.44732329,0.432644334
7.63E-05,0.763456935,0.061099291,1.95E-09,36372.05767,5.33E-08,1.23E-09,1.41E-18,7.88E-07,62.30510995,23.99561601,0.731166358
9.49E-05,0.842571481,0.033069209,3.21E-09,7616.198448,2.46E-07,1.24E-09,3.02E-18,9.37E-07,66.63599693,26.55444825,0.678285871
8.78E-05,0.720705337,0.05477406,3.09E-09,14323.29893,2.94E-07,2.25E-09,3.93E-18,9.27E-07,54.10794217,20.92255649,0.556872985
9.14E-05,0.886317207,0.047865708,7.28E-10,33672.33963,3.76E-07,1.02E-09,1.83E-18,9.54E-07,75.70799803,29.26882457,0.952282272
3.10E-05,0.651903105,0.029028076,9.70E-10,14014.96622,8.29E-08,1.29E-09,3.13E-18,5.65E-07,47.24803187,16.927263,1.127128945
8.09E-05,0.796387021,0.034204676,1.66E-09,6992.828584,1.21E-07,5.52E-10,1.68E-18,8.68E-07,69.88136589,27.51565191,0.847444106
2.60E-05,0.689269931,0.043885224,9.44E-10,23136.76886,3.01E-07,1.64E-09,2.91E-18,4.21E-07,34.71924657,8.976548287,0.480279969
8.60E-05,0.747739183,0.043015674,3.79E-09,33864.50334,3.85E-08,2.61E-09,3.25E-18,4.91E-07,59.10189528,23.22175036,0.579596042
9.78E-05,0.714585081,0.044751492,2.69E-09,36302.53883,1.57E-07,2.49E-09,3.06E-18,3.22E-07,65.93092463,26.06540577,0.687564888
4.72E-05,0.803867904,0.021005345,1.72E-09,44561.55444,1.47E-07,2.27E-09,3.48E-18,7.33E-07,46.30080563,16.76641281,0.323777319
9.71E-05,0.781389813,0.066360222,2.10E-09,18450.21384,3.87E-07,2.38E-09,3.79E-18,4.08E-07,51.54973095,19.55412476,0.593076474
1.14E-05,0.905603404,0.078176797,4.81E-09,25894.01476,1.45E-08,2.10E-09,1.40E-18,6.79E-07,23.04099389,0.467527201,0.002099109
6.33E-05,0.518052797,0.061400161,4.28E-09,48466.6027,1.03E-07,2.50E-09,2.79E-18,5.87E-07,48.36390649,17.90973542,0.38439139
1.79E-05,0.586220366,0.061458421,2.37E-09,41087.68123,2.85E-07,3.27E-10,3.01E-18,9.73E-07,23.83563753,0.847276662,0.031832433
4.94E-05,0.708349042,0.050425117,3.59E-09,13866.13614,2.59E-07,4.15E-10,1.92E-18,7.05E-07,43.41389667,15.17077817,0.28402834
4.24E-05,0.512644638,0.011343426,9.97E-10,47831.90608,1.27E-07,5.62E-10,2.81E-18,6.39E-07,89.34268696,34.5526624,1.768194086
7.05E-05,0.647604511,0.036469289,4.39E-09,13288.8175,2.09E-07,1.28E-09,3.98E-18,4.21E-07,58.8288442,23.20572931,0.487583402
1.75E-05,0.605136928,0.048629284,2.48E-09,32977.99473,1.30E-08,1.79E-09,3.16E-18,2.91E-07,23.62789514,0.729016268,0.119436343
6.46E-05,0.761259405,0.017257638,4.59E-09,27822.48309,1.06E-07,2.53E-09,1.95E-18,6.73E-07,60.77356302,24.05903129,0.483074106
2.08E-05,0.672516028,0.051249077,4.06E-09,16931.12915,3.59E-07,7.66E-10,2.78E-18,2.79E-07,21.82309433,0.315876457,0.04030971
2.91E-05,0.588253144,0.041738268,1.75E-09,17754.55965,8.54E-08,7.21E-10,1.07E-18,7.47E-07,52.60789206,19.86427974,1.008724884
3.59E-05,0.667517151,0.043548275,4.94E-09,23850.56795,4.01E-08,8.69E-10,1.68E-18,8.73E-07,35.45961544,10.28780741,0.195856808
1.53E-05,0.503197371,0.020865956,3.95E-09,40962.60031,1.62E-07,1.37E-09,3.13E-18,7.83E-07,21.67727391,0.073599343,0.122708012
8.92E-05,0.779706661,0.05131668,1.37E-09,39049.86389,3.72E-07,2.77E-09,1.99E-18,7.15E-07,65.13299406,25.2045986,0.615419398
3.30E-05,0.707059892,0.038625291,2.39E-09,20154.77956,1.43E-07,8.28E-10,2.42E-18,3.29E-07,32.81138424,8.384656914,0.171944228
3.63E-05,0.631195518,0.058385055,1.68E-09,35984.95751,2.77E-07,1.93E-09,2.47E-18,6.13E-07,36.25237939,10.54365844,0.193015983
2.49E-05,0.589458324,0.010386092,1.47E-09,38450.73682,7.20E-08,1.31E-09,4.00E-18,2.67E-07,37.11344348,10.74850443,0.990434523
2.71E-05,0.543368604,0.078391197,2.10E-09,45096.15548,1.48E-07,1.81E-09,1.54E-18,3.78E-07,40.18027103,13.05249478,0.215776286
3.36E-05,0.80806936,0.066897976,4.89E-09,35397.76441,1.84E-07,9.67E-10,3.41E-18,8.17E-07,26.1586825,3.796053798,0.10677474
7.86E-05,0.626710399,0.02359235,1.55E-09,42471.94088,2.50E-07,2.29E-09,2.15E-18,5.09E-07,79.01533725,30.90415572,1.12852336
7.88E-05,0.894273601,0.077761764,3.80E-09,46877.36193,7.52E-08,2.52E-09,2.43E-18,5.35E-07,40.69992891,13.52556724,0.413971345
9.34E-05,0.548971794,0.067128743,3.17E-09,7176.403958,1.14E-07,2.47E-09,1.00E-18,7.92E-07,61.29696855,23.38749129,0.662206261
1.88E-05,0.720038266,0.044345969,1.26E-09,20075.20958,7.06E-08,2.73E-09,3.02E-18,5.29E-07,26.13249964,1.835933694,0.32715123
5.67E-05,0.596554434,0.040292775,4.36E-09,31997.03412,2.96E-07,2.90E-09,3.11E-18,8.72E-07,51.41257857,19.58054572,0.374211625
4.48E-05,0.597612951,0.05717705,1.90E-09,24970.44372,3.68E-07,2.89E-09,1.16E-18,9.74E-07,46.03403953,16.29872366,0.402056373
6.87E-05,0.86429017,0.071904247,2.27E-09,42738.0444,2.93E-07,6.19E-10,1.58E-18,6.01E-07,47.48625493,17.04134848,0.382366791
4.18E-05,0.841858772,0.038593257,4.96E-09,26120.85821,2.33E-07,2.63E-09,3.23E-18,7.70E-07,35.50763185,10.38383625,0.215839238
6.40E-05,0.656965748,0.032518452,3.22E-09,30141.03187,1.32E-07,2.12E-09,3.12E-18,6.27E-07,57.44359273,22.4962655,0.454349186
7.01E-05,0.807724855,0.011225045,2.08E-09,49381.18805,2.47E-07,2.57E-09,2.10E-18,9.82E-07,67.90600854,27.00901237,0.558746012
2.36E-05,0.729312192,0.03035488,1.65E-09,10131.9905,1.15E-07,2.93E-09,1.20E-18,5.60E-07,33.85143338,8.23544566,0.6934723
3.71E-05,0.592631119,0.036710516,7.88E-10,20519.01437,1.68E-07,1.87E-09,1.40E-18,9.46E-07,71.86706119,28.283534,1.304195452
8.45E-05,0.847856245,0.017436094,3.88E-09,18916.87878,3.27E-08,1.82E-09,2.76E-18,2.99E-07,68.36826789,27.2724108,0.644725149
4.16E-05,0.544728397,0.023354596,1.79E-09,36577.17195,2.08E-07,4.75E-10,1.75E-18,2.95E-07,66.41763802,26.23053418,1.168612931
4.13E-05,0.889986471,0.040096068,2.59E-09,42052.65071,3.38E-07,7.38E-10,1.15E-18,5.86E-07,36.42520317,10.42944786,0.198117257
2.67E-05,0.848369421,0.012528517,7.36E-10,30953.17187,9.34E-08,1.16E-09,1.43E-18,8.88E-07,43.87398567,14.32437734,1.344749874
1.73E-05,0.83504195,0.059223334,1.08E-09,11053.98155,1.48E-07,6.52E-10,3.20E-18,6.70E-07,26.74554952,2.46182147,0.055963755
3.52E-05,0.628429036,0.030168395,1.16E-09,41208.39068,3.73E-07,3.00E-09,3.25E-18,5.42E-07,41.6821112,13.91619051,0.466767665
2.16E-05,0.716218413,0.011061245,4.44E-09,9069.64149,1.78E-07,1.68E-09,3.88E-18,8.36E-07,23.42146713,1.672817557,0.10790069
9.20E-05,0.883685665,0.073853003,4.28E-09,27866.02262,2.16E-07,1.39E-09,2.71E-18,3.70E-07,45.65827766,16.47386212,0.524304389
3.77E-05,0.573643802,0.043619274,4.89E-09,26952.94739,2.54E-07,2.94E-09,2.73E-18,8.26E-07,39.15764105,12.69381829,0.218423604
4.56E-05,0.633969009,0.013019556,2.07E-09,46635.25953,1.10E-07,2.46E-09,1.13E-18,3.70E-07,61.50438293,24.22355112,1.286825328
3.54E-05,0.511364477,0.025779401,3.60E-09,49257.53291,4.61E-08,1.91E-09,1.93E-18,4.47E-07,46.00164615,16.54821048,0.548727655
1.00E-04,0.773980359,0.041949676,7.41E-10,26628.833,2.04E-07,1.82E-09,3.99E-18,6.65E-07,80.50228678,30.85544771,1.128590761
5.30E-05,0.784423962,0.063896434,2.04E-09,24080.77986,6.01E-08,1.40E-09,3.04E-18,6.58E-07,40.15030556,13.10355479,0.27633446
1.41E-05,0.743957912,0.076664046,4.17E-09,8169.707835,3.25E-07,9.75E-10,2.36E-18,7.56E-07,21.43844314,0.036654253,0.002223467
7.17E-05,0.50062302,0.077639227,1.99E-09,22481.39189,3.98E-07,2.17E-09,3.72E-18,9.44E-07,45.53320983,16.27794521,0.408877782
4.44E-05,0.775525187,0.037072341,1.58E-09,36195.26582,3.05E-08,2.45E-09,2.49E-18,4.07E-07,45.64250798,15.96304326,0.749316198
7.51E-05,0.797182298,0.045864852,2.00E-09,39780.79823,1.37E-07,2.23E-09,2.45E-18,8.27E-07,56.63025074,21.87971072,0.49074335
3.95E-05,0.502934476,0.011863844,2.60E-09,46017.74455,3.69E-07,2.28E-09,1.95E-18,4.06E-07,54.2331154,20.91487966,0.450708628
2.55E-05,0.870811366,0.070010223,2.06E-09,23676.39778,3.14E-07,1.71E-09,3.61E-18,3.52E-07,22.2165244,0.337825568,0.02628055
6.96E-05,0.681607701,0.040812321,9.67E-10,49865.03841,1.41E-08,2.65E-09,3.75E-18,3.14E-07,73.44001542,28.78482218,1.554043991
3.16E-05,0.707886636,0.024196541,1.62E-09,39665.44166,2.92E-07,2.75E-09,1.44E-18,7.32E-07,38.77080149,11.97420104,0.592263731
3.01E-05,0.900531137,0.070693876,2.17E-09,16749.60563,6.74E-08,1.00E-09,3.84E-18,6.97E-07,23.32291343,1.241786238,0.049713876
3.29E-05,0.597787577,0.038777581,1.73E-09,29728.53264,1.67E-07,5.06E-10,3.92E-18,9.26E-07,36.93965876,11.04940576,0.211010737
9.47E-05,0.721234411,0.04455237,2.89E-09,49436.87175,4.88E-08,1.29E-09,3.10E-18,9.93E-07,67.09522536,26.46601505,0.674899709
2.80E-05,0.705297083,0.048200715,6.99E-10,29145.78746,2.19E-07,2.65E-09,3.82E-18,9.38E-07,37.43708176,10.6679157,0.592982269
1.74E-05,0.873861869,0.068230363,4.77E-09,25072.03572,3.62E-07,2.18E-09,1.24E-18,7.18E-07,22.17063439,0.155602059,0.00383893
4.27E-05,0.50954621,0.051904614,6.65E-10,25161.87236,3.71E-07,6.87E-10,1.43E-18,2.77E-07,87.24546637,33.43732934,1.156364145
9.51E-05,0.783827139,0.028645458,2.75E-09,48738.82105,1.56E-07,1.02E-09,1.45E-18,4.82E-07,77.86249738,30.40612081,0.738848832
8.12E-05,0.792611695,0.062136931,2.34E-09,21380.27705,8.01E-08,1.64E-09,3.79E-18,4.05E-07,49.54073079,18.48006694,0.487849223
9.39E-05,0.571585263,0.07461722,9.10E-10,36484.325,3.71E-07,2.84E-09,2.48E-18,9.14E-07,67.67750301,25.45853959,0.774762596
1.02E-05,0.729999425,0.06234245,3.81E-09,41882.34758,9.44E-08,1.43E-09,1.04E-18,8.05E-07,25.15415603,1.564339484,0.011193741
7.89E-05,0.834292816,0.050723264,1.08E-09,20306.40623,3.15E-07,1.03E-09,2.18E-18,7.34E-07,62.4284304,24.22222544,0.627641617
2.10E-05,0.771295163,0.054655874,4.86E-09,11615.94537,2.78E-07,2.16E-09,3.22E-18,2.82E-07,21.35641007,0.000771043,0.025921908
7.56E-05,0.553373572,0.044641546,4.23E-09,26041.44404,2.41E-07,1.88E-09,1.42E-18,3.83E-07,61.28284871,24.1319768,0.52987901
9.40E-05,0.781895297,0.064745543,4.60E-09,47450.05522,1.04E-07,2.76E-09,2.30E-18,8.12E-07,51.02590419,19.28941214,0.572265691
6.54E-05,0.767912675,0.042946534,7.70E-10,30074.21014,1.35E-07,1.25E-09,1.39E-18,8.78E-07,84.38429433,32.35048558,1.344907021
8.59E-05,0.807039673,0.058590586,2.72E-09,32631.70768,1.11E-07,1.88E-09,2.74E-18,5.85E-07,52.61673151,19.99136365,0.532437735
5.46E-05,0.866480783,0.066551729,3.10E-09,43725.70947,1.02E-07,7.17E-10,2.62E-18,2.63E-07,38.27491681,12.02708005,0.273101558
9.55E-05,0.906357992,0.068138408,3.48E-09,34014.11976,2.23E-07,1.33E-09,1.02E-18,8.87E-07,54.94824239,20.82757861,0.587109234
7.36E-05,0.591883092,0.055510593,4.09E-09,23260.20085,3.39E-07,4.84E-10,3.49E-18,9.70E-07,55.74786046,21.71712942,0.483161121
5.79E-05,0.855585017,0.037766537,3.85E-09,44738.44526,1.94E-07,1.40E-09,2.67E-18,9.47E-07,46.20082591,16.774495,0.354602065
3.65E-05,0.655851051,0.018824676,1.86E-09,43022.02677,2.12E-07,2.17E-09,2.07E-18,3.33E-07,43.86952225,15.20620683,0.46308468
9.68E-05,0.75919703,0.036271674,2.71E-09,31686.01009,3.66E-07,1.38E-09,3.85E-18,3.53E-07,68.85092531,27.38720072,0.702748584
5.91E-05,0.733989244,0.06316188,3.92E-09,41936.9079,4.86E-08,3.21E-10,2.88E-18,4.98E-07,45.90089709,16.54486505,0.341441942
8.88E-05,0.874592965,0.075281946,8.26E-10,13018.31997,2.69E-07,5.33E-10,1.63E-18,3.48E-07,64.84516127,24.96797607,0.673899932
5.93E-05,0.584085658,0.015810984,4.71E-09,36437.79612,1.02E-07,1.24E-09,3.11E-18,6.59E-07,64.33968843,25.6381472,0.502549133
7.15E-05,0.814600968,0.069029287,1.24E-09,37108.67857,1.34E-07,1.95E-09,3.66E-18,7.81E-07,48.12718529,17.3935884,0.409699709
1.97E-05,0.558264888,0.053240928,3.37E-09,14484.36849,2.47E-07,1.58E-09,2.31E-18,6.24E-07,22.7451881,1.016974544,0.061097655
4.46E-05,0.580242748,0.057024993,3.81E-09,19362.28634,2.75E-07,1.87E-09,3.30E-18,3.28E-07,40.09013901,13.24977813,0.244613184
6.21E-05,0.583712477,0.069321727,3.24E-09,39107.96749,4.00E-07,2.64E-09,2.91E-18,9.50E-07,43.46066137,15.19527378,0.34692413
1.49E-05,0.692256293,0.029355965,2.85E-09,17531.15666,7.27E-08,1.80E-09,3.79E-18,9.89E-07,21.50836809,0.054512932,0.046192153
4.38E-05,0.699246371,0.042615386,2.75E-09,27384.18138,1.82E-07,1.92E-09,1.64E-18,7.93E-07,41.99822169,14.25216024,0.25711922
5.75E-05,0.869931051,0.058012133,1.01E-09,28761.7061,2.81E-07,1.72E-09,1.88E-18,7.22E-07,49.07624883,17.75252236,0.432215805
7.82E-05,0.539554643,0.062916889,4.54E-09,29594.08704,3.82E-07,1.73E-09,1.68E-18,5.26E-07,52.68187434,20.11260671,0.491260287
3.04E-05,0.788228558,0.069332192,2.63E-09,11965.7841,3.33E-08,2.78E-09,3.35E-18,8.10E-07,24.7172787,2.653868854,0.083160026
1.38E-05,0.853204057,0.014880261,4.76E-09,38817.65019,3.81E-07,2.05E-09,1.44E-18,6.95E-07,22.1764415,0.163820998,0.062589641
5.59E-05,0.875091749,0.067949465,1.98E-09,20977.3598,7.87E-08,5.25E-10,3.48E-18,8.40E-07,39.39031594,12.63001199,0.282628463
2.40E-05,0.804457529,0.060726769,3.38E-09,26860.43705,2.13E-07,1.74E-09,1.18E-18,7.73E-07,23.99765605,1.283226284,0.034099377
1.92E-05,0.609222901,0.024539397,2.53E-09,39960.48546,2.23E-07,2.11E-09,1.56E-18,2.94E-07,26.08120489,2.592626348,0.217252168
4.79E-05,0.577214917,0.07908342,4.46E-09,32540.51664,3.35E-07,1.08E-09,1.11E-18,7.04E-07,38.91617496,12.37915914,0.242365608
8.55E-05,0.658847348,0.016832641,2.03E-09,9956.15538,2.15E-07,1.90E-09,3.52E-18,3.42E-07,75.62695611,30.02124545,0.692943142
9.48E-05,0.77355789,0.027252987,3.32E-09,9858.128757,1.69E-07,2.15E-09,1.86E-18,5.16E-07,72.22461073,28.65876633,0.708000134
2.87E-05,0.709659776,0.034491437,4.04E-09,36096.75651,3.76E-07,4.03E-10,2.75E-18,6.37E-07,28.0505283,5.187857794,0.136626213
3.89E-05,0.820397851,0.073440923,8.46E-10,7553.63584,3.19E-08,1.98E-09,3.26E-18,8.77E-07,37.91287127,11.29815697,0.398672321
1.96E-05,0.540801745,0.05255476,3.29E-09,42642.15376,2.43E-07,3.36E-10,1.90E-18,5.25E-07,25.3438272,2.602210683,0.095914432
3.84E-05,0.810875993,0.043098884,6.94E-10,29534.36976,7.40E-08,1.09E-09,3.87E-18,2.61E-07,46.0917966,16.14229319,0.981226781
5.71E-05,0.747069534,0.027753207,2.67E-09,14803.60579,1.12E-07,5.58E-10,1.21E-18,3.01E-07,57.15688297,22.0984121,0.554553336
4.70E-05,0.826381848,0.059467678,2.68E-09,32240.20396,2.59E-07,9.88E-10,3.17E-18,8.87E-07,35.59116454,10.38383618,0.226267245
2.52E-05,0.641437965,0.079784742,3.43E-09,7066.550119,2.02E-07,2.80E-09,3.23E-18,4.55E-07,23.25705982,1.539592865,0.057011914
9.63E-05,0.866195397,0.014562568,6.77E-10,24455.51773,3.54E-07,1.40E-09,3.68E-18,8.83E-07,87.33962425,33.58328256,1.258343673
7.54E-05,0.793666616,0.056598899,3.87E-09,21833.11566,2.11E-08,1.79E-09,1.05E-18,6.84E-07,55.20145985,20.99777553,0.489555323
2.01E-05,0.798603218,0.058075228,9.29E-10,35220.20499,4.38E-08,1.47E-09,3.38E-18,3.87E-07,30.43418302,4.586627558,0.490491665
9.36E-05,0.897444331,0.040713773,4.54E-09,15386.89671,4.77E-08,2.62E-09,2.34E-18,7.91E-07,60.07567841,23.70057487,0.632132326
8.33E-05,0.678086254,0.03245843,8.05E-10,48124.82376,5.61E-08,7.91E-10,2.60E-18,9.02E-07,96.58259339,36.41577498,1.910873037
8.36E-05,0.736497032,0.015768292,2.80E-09,7698.753045,2.82E-07,1.59E-09,3.44E-18,4.24E-07,72.16149476,28.83381615,0.648550361
2.41E-05,0.818996211,0.077171624,3.77E-09,18276.51171,9.37E-09,2.15E-09,3.31E-18,6.75E-07,21.57579228,0.102225449,0.021898179
1.39E-05,0.695408382,0.075575934,3.23E-09,11723.70675,2.52E-07,1.56E-09,3.43E-18,6.37E-07,21.41006642,0.030551626,0.002532263
1.51E-05,0.844604393,0.05616215,1.40E-09,8737.378989,8.18E-09,8.53E-10,3.17E-18,4.18E-07,27.0142801,2.808560008,0.361064126
7.38E-05,0.832026386,0.076240865,3.68E-09,28292.39599,2.98E-07,2.93E-09,1.32E-18,9.65E-07,41.5787373,13.98727104,0.391026697
8.02E-05,0.740956497,0.072648308,3.78E-09,38281.91333,2.20E-07,6.23E-10,3.11E-18,3.51E-07,47.96574222,17.70109698,0.470893686
9.90E-05,0.70952009,0.056915543,4.52E-09,13147.69686,8.37E-08,1.50E-09,3.30E-18,8.70E-07,58.46614892,22.98802726,0.650047207
3.31E-05,0.772155696,0.056378939,2.03E-09,19784.38637,3.60E-07,1.73E-09,3.32E-18,4.88E-07,28.20128779,5.281759397,0.123932437
2.94E-05,0.567009486,0.046204003,2.55E-09,30411.91709,1.21E-07,1.45E-09,3.99E-18,9.42E-07,32.28013567,8.198275399,0.155838556
6.63E-05,0.731706566,0.051656759,2.70E-09,45360.56082,1.24E-07,1.54E-09,3.30E-18,7.01E-07,50.02542327,18.74911598,0.408873557
9.41E-05,0.765333181,0.03849083,8.40E-10,33416.58532,2.26E-07,2.20E-09,3.13E-18,3.85E-07,78.84224101,30.35516794,1.148714758
3.25E-05,0.528866473,0.036238874,4.57E-09,9386.602527,2.74E-07,2.83E-09,1.94E-18,7.75E-07,38.15527501,12.07831938,0.200510669
6.73E-05,0.817878936,0.070146879,3.87E-09,37882.06738,1.17E-07,2.61E-09,1.69E-18,6.90E-07,41.7987873,14.14904391,0.360544347
9.89E-05,0.659645603,0.079210182,1.61E-09,48180.98811,7.66E-08,1.45E-09,2.70E-18,8.47E-07,63.05910497,23.86341442,0.681038794
3.03E-05,0.601705,0.035965792,2.70E-09,11998.53753,2.56E-07,4.71E-10,3.26E-18,5.51E-07,33.29115541,8.886843759,0.177823569
6.28E-05,0.553981106,0.04204018,1.05E-09,20621.81926,6.04E-08,2.49E-09,3.76E-18,6.08E-07,66.00125313,25.82940636,1.148336527
7.34E-05,0.542559792,0.067680072,4.35E-09,47934.08562,3.64E-07,4.64E-10,1.31E-18,7.63E-07,55.96994645,21.52225609,0.469020275
4.28E-05,0.649164021,0.044428587,3.58E-09,22824.24691,3.37E-07,5.83E-10,1.72E-18,8.03E-07,41.95578972,14.3176057,0.253332071
7.64E-05,0.613863707,0.058994052,2.19E-09,7318.547496,1.89E-07,2.26E-09,1.03E-18,6.41E-07,60.17124078,23.151902,0.632536165
6.49E-05,0.653919801,0.073106463,1.59E-09,12283.59319,1.12E-07,2.33E-09,3.33E-18,8.56E-07,44.41561069,15.50667668,0.362445537
9.19E-05,0.554643859,0.012434153,4.94E-09,34492.41041,2.09E-07,4.76E-10,1.02E-18,3.27E-07,91.35795529,35.01670346,0.85064726
8.75E-05,0.636213203,0.067397601,1.15E-09,19723.43409,1.54E-07,2.19E-09,3.88E-18,3.81E-07,58.19870239,22.1395253,0.599161514
1.90E-05,0.766669664,0.033894159,1.25E-09,7215.738743,1.42E-07,1.62E-09,2.38E-18,7.16E-07,25.88201398,1.80722571,0.267536541
6.59E-05,0.871804359,0.075852869,3.19E-09,14647.21568,3.89E-07,1.63E-09,1.30E-18,8.48E-07,39.70183188,12.87120606,0.336248828
2.86E-05,0.808607433,0.078510544,4.75E-09,29642.50762,1.08E-07,1.78E-09,2.41E-18,5.79E-07,22.86062192,1.200936922,0.052915051
4.08E-05,0.799983802,0.037694366,3.46E-09,18590.34201,8.07E-08,6.36E-10,3.21E-18,6.46E-07,35.75626855,10.51566464,0.217593396
9.82E-05,0.636479346,0.046090317,4.62E-09,32924.31146,2.64E-07,1.32E-09,3.32E-18,5.93E-07,66.41198098,26.45321377,0.696483346
6.39E-05,0.744891811,0.017752656,4.30E-09,15946.62065,3.11E-08,1.48E-09,2.58E-18,8.25E-07,60.34536462,23.86757049,0.480177301
5.13E-05,0.57047707,0.01027754,3.62E-09,49481.87682,6.59E-09,4.88E-10,2.15E-18,8.84E-07,68.73183149,27.35311805,1.548965037
7.23E-05,0.523964149,0.013309886,2.74E-09,13695.34447,2.14E-08,2.38E-09,2.08E-18,2.68E-07,84.18774054,32.91428621,1.518299657
1.82E-05,0.60340643,0.076791026,1.44E-09,8823.387044,2.95E-07,2.81E-09,1.65E-18,8.85E-07,25.49685005,1.798705379,0.081750317
8.79E-05,0.713413042,0.016652491,3.52E-09,42304.16362,9.27E-08,4.96E-10,3.90E-18,4.86E-07,76.92004234,30.50590185,0.728822906
6.06E-05,0.868771695,0.014436887,4.83E-09,22907.5091,8.97E-08,3.07E-10,1.32E-18,3.02E-07,55.56221311,21.57564438,0.454724927
7.32E-05,0.870904604,0.026073651,2.95E-09,6811.906524,3.31E-07,2.14E-09,1.85E-18,4.58E-07,58.39201163,22.96511399,0.505030489
4.88E-05,0.678915548,0.072896353,4.91E-09,23811.28153,9.23E-08,2.43E-09,1.08E-18,4.79E-07,36.99242844,11.21668526,0.239386594
8.19E-05,0.903666597,0.05252178,3.86E-09,43146.28048,1.76E-07,2.58E-09,3.94E-18,9.94E-07,49.41946085,18.54195816,0.497331278
9.07E-05,0.898331814,0.030912664,2.45E-09,41389.99354,2.45E-07,1.26E-09,1.89E-18,2.54E-07,67.49645867,26.66448308,0.655164848
2.21E-05,0.62035649,0.035416254,3.64E-09,6556.207928,1.40E-07,7.62E-10,3.56E-18,2.96E-07,24.09865182,2.199441697,0.092171234
5.15E-05,0.602991918,0.016982457,2.05E-09,44202.56484,6.12E-08,1.07E-09,2.51E-18,8.95E-07,63.06894887,24.85243619,1.148093622
3.22E-05,0.796068669,0.047036707,1.47E-09,40194.87755,1.70E-07,1.01E-09,3.58E-18,7.97E-07,29.99489688,5.802149626,0.126580856
4.75E-05,0.872065666,0.071644185,4.04E-09,16000.68714,3.56E-07,2.54E-09,2.82E-18,4.77E-07,31.29086951,7.528040929,0.198565827
9.19E-05,0.538612772,0.039447654,1.35E-09,29894.4946,3.67E-07,2.88E-09,2.21E-18,5.80E-07,80.24533711,30.68297139,1.139004193
2.76E-05,0.711913636,0.060069344,2.46E-09,39761.31288,7.75E-08,1.21E-09,2.43E-18,3.36E-07,26.96979179,3.616854143,0.085354649
8.73E-05,0.627335431,0.065485953,7.15E-10,17269.64965,2.06E-07,1.28E-09,1.74E-18,5.71E-07,86.66858959,32.7127069,1.229889032
4.16E-05,0.728440061,0.057421751,2.12E-09,29034.96365,2.04E-07,1.63E-09,3.49E-18,3.73E-07,35.17689326,10.10418405,0.201630328
1.66E-05,0.76385576,0.05765211,6.81E-10,15496.58131,2.17E-07,1.62E-09,3.76E-18,8.08E-07,28.4321747,3.482497952,0.27999621
6.42E-05,0.533499208,0.052368377,1.28E-09,30665.06126,3.46E-07,2.36E-09,1.23E-18,7.79E-07,70.89570062,27.5751508,0.94688233
5.41E-05,0.557939455,0.051526242,2.88E-09,7332.016511,1.34E-07,2.29E-09,3.69E-18,7.70E-07,47.16746432,17.32319159,0.332658199
5.89E-05,0.589808882,0.023157332,3.41E-09,9587.383751,3.39E-07,1.04E-09,2.89E-18,4.61E-07,60.72320958,24.0528879,0.454299266
2.64E-05,0.90487626,0.030878523,2.32E-09,11149.62903,9.65E-08,1.69E-09,2.93E-18,5.47E-07,23.24487102,1.324119811,0.072591099
1.94E-05,0.726252485,0.053629765,2.08E-09,32679.92818,3.60E-07,1.44E-09,2.85E-18,9.80E-07,23.0477388,0.511321194,0.024598926
8.63E-05,0.904102753,0.07959706,2.14E-09,8541.83868,2.86E-07,2.31E-09,3.35E-18,4.50E-07,41.02452468,13.78332243,0.45702927
7.10E-05,0.687382795,0.074695667,1.92E-09,7924.760921,1.62E-07,1.50E-09,3.20E-18,3.30E-07,44.34331289,15.6154163,0.396958517
3.15E-05,0.579163823,0.064587393,1.00E-09,37039.61733,6.71E-08,3.44E-10,1.26E-18,3.42E-07,62.43059529,24.38463783,1.100915666
7.58E-05,0.61875984,0.012685486,7.85E-10,15427.11461,1.24E-07,9.83E-10,1.37E-18,8.65E-07,123.3221645,42.99775823,2.020748175
6.82E-05,0.650444739,0.068604901,2.89E-09,44997.60344,2.03E-07,2.07E-09,3.69E-18,7.84E-07,44.95795119,16.02956664,0.387904251
7.48E-05,0.671877467,0.032852712,3.54E-09,34155.44398,1.29E-07,1.00E-09,3.56E-18,8.28E-07,62.79660299,24.93274782,0.546359266
6.01E-05,0.547778773,0.063211383,2.55E-09,40330.09561,9.99E-08,7.94E-10,2.06E-18,8.24E-07,54.14270641,20.50642822,0.470237528
7.69E-05,0.782556658,0.043494933,2.64E-09,32467.22737,1.96E-07,8.83E-10,1.70E-18,4.17E-07,60.04311626,23.46980075,0.519558123
1.10E-05,0.663737564,0.01198697,2.94E-09,40391.18621,3.70E-07,2.76E-09,3.80E-18,3.55E-07,21.4893227,0.043323875,0.080852204
2.74E-05,0.685651804,0.07114524,1.03E-09,24400.18745,3.40E-07,1.64E-09,2.63E-18,2.62E-07,32.81646468,7.800646358,0.179051152
6.57E-05,0.867781309,0.070323407,3.49E-09,43741.21169,3.19E-07,2.86E-09,1.75E-18,4.41E-07,39.91471957,13.0512196,0.340265575
3.50E-05,0.519275491,0.061676811,4.09E-09,34675.53993,1.97E-07,1.51E-09,1.98E-18,4.81E-07,35.53101815,10.36023314,0.177021089
6.77E-05,0.840021234,0.020835299,1.19E-09,49815.4897,1.47E-07,2.36E-09,3.71E-18,5.10E-07,62.49623884,24.60852808,0.514246204
2.57E-05,0.640230551,0.040542623,3.07E-09,12231.61381,1.00E-07,2.79E-09,1.46E-18,3.94E-07,28.3129938,5.162318394,0.120173731
5.15E-05,0.828585865,0.010584127,4.78E-09,23364.47133,7.67E-09,1.74E-09,3.31E-18,8.03E-07,50.25711662,18.97900047,0.381854499
1.30E-05,0.562194715,0.054088675,2.82E-09,14265.25475,7.14E-08,2.71E-09,2.33E-18,8.01E-07,22.08002276,0.140733713,0.024082204
9.92E-05,0.628172309,0.048944622,3.33E-09,41980.31793,7.88E-08,1.85E-09,3.23E-18,8.15E-07,66.36750044,26.25362452,0.703366899
2.48E-05,0.757671384,0.049866089,2.76E-09,46850.55595,3.78E-07,2.70E-09,1.85E-18,3.62E-07,24.56916851,2.068692884,0.065549302
5.32E-05,0.555044271,0.052219973,1.69E-09,17081.96503,1.84E-07,1.12E-09,3.15E-18,6.16E-07,51.04710742,19.12793592,0.396578118
3.90E-05,0.724538139,0.023723874,6.41E-10,41580.62818,6.56E-08,2.28E-09,2.19E-18,8.99E-07,69.03154444,27.34240819,1.636288585
2.35E-05,0.646389152,0.016222905,1.94E-09,46394.10971,1.41E-07,1.46E-09,2.03E-18,8.83E-07,33.23284883,7.926417074,0.679632811
1.79E-05,0.811692148,0.071765757,3.92E-09,49592.20671,3.97E-07,2.55E-09,2.55E-18,9.07E-07,21.68901963,0.057831657,0.004250338
7.35E-05,0.898652656,0.024886453,4.13E-09,35334.55266,2.74E-07,2.10E-09,1.78E-18,4.65E-07,58.43150005,22.96794661,0.517828508
5.27E-05,0.853687229,0.045664149,3.74E-09,44367.29375,2.37E-07,9.93E-10,2.60E-18,2.51E-07,41.20281877,13.89610552,0.293769676
8.30E-05,0.827581676,0.036787261,1.44E-09,42383.39411,1.53E-07,2.53E-09,2.94E-18,8.43E-07,64.54644122,25.36400277,0.584652265
3.94E-05,0.505240239,0.049485611,2.29E-09,13450.12916,9.94E-09,2.58E-09,3.74E-18,4.59E-07,42.43997267,14.52906446,0.327974929
4.10E-05,0.651311369,0.060612521,3.75E-09,30240.11198,1.19E-07,1.89E-09,2.52E-18,9.09E-07,35.67200592,10.45388307,0.203066105
4.92E-05,0.61965241,0.073625519,4.79E-09,15661.00928,3.41E-07,1.76E-09,1.28E-18,8.61E-07,37.56593894,11.64542524,0.246302842
5.24E-05,0.788577644,0.04143947,4.22E-09,33044.1133,2.89E-07,7.40E-10,2.81E-18,8.48E-07,43.846023,15.46273405,0.309847576
8.42E-05,0.537420807,0.035622261,2.55E-09,25974.29131,3.22E-07,7.27E-10,1.89E-18,9.67E-07,75.32048815,29.62622149,0.735129834
2.14E-05,0.776501455,0.074536905,7.74E-10,31541.3642,1.01E-07,1.48E-09,2.73E-18,7.61E-07,31.95298312,5.73554747,0.325821496
3.43E-05,0.784032578,0.04374716,3.42E-09,18409.81446,3.51E-07,4.21E-10,3.71E-18,8.74E-07,29.73048392,6.426916851,0.148754839
4.91E-05,0.7852097,0.040240338,4.15E-09,12416.98847,1.65E-09,7.13E-10,1.51E-18,4.76E-07,45.83527713,16.29257336,0.637971031
9.76E-05,0.815563848,0.075635037,3.05E-09,26140.07378,2.35E-07,1.30E-09,3.33E-18,5.53E-07,48.35574022,17.89977203,0.573581391
8.96E-05,0.665064893,0.036543007,2.89E-09,18821.59016,3.74E-07,2.44E-09,2.14E-18,7.28E-07,66.74471859,26.46558964,0.648056028
1.88E-05,0.748965714,0.064480516,9.34E-10,35049.93567,1.70E-07,1.89E-09,1.72E-18,6.45E-07,31.7280168,5.832740042,0.38063243
7.28E-05,0.598522813,0.078279259,4.80E-09,29303.48547,1.72E-07,1.41E-09,1.62E-18,4.45E-07,44.91119991,15.94864154,0.410037651
1.89E-05,0.578643394,0.055352174,3.64E-09,12135.49209,1.45E-07,7.34E-10,2.06E-18,4.72E-07,22.31405613,0.300215229,0.044888299
9.60E-05,0.8393941,0.025079291,9.37E-10,19855.58592,3.49E-07,8.21E-10,2.39E-18,4.85E-07,83.28301614,32.16084152,1.09866726
3.98E-05,0.665427032,0.065564309,1.16E-09,16489.89864,2.77E-07,3.59E-10,3.87E-18,7.63E-07,38.16831526,11.66256853,0.228618341
2.66E-05,0.561244588,0.068443897,2.36E-09,43331.75606,1.85E-07,2.32E-09,2.34E-18,8.50E-07,28.29879592,5.106889157,0.10000473
7.24E-05,0.65296372,0.013844739,1.35E-09,19519.77096,5.57E-08,5.47E-10,2.46E-18,8.46E-07,86.41901179,33.64929769,1.770045667
7.43E-05,0.512790776,0.047732761,2.66E-09,45841.2829,1.80E-07,1.21E-09,2.99E-18,8.34E-07,62.10724895,24.42391815,0.52962673
6.19E-05,0.510362371,0.018735155,3.04E-09,6335.091135,2.84E-07,1.63E-09,2.44E-18,8.30E-07,67.88539015,27.1022388,0.512000437
6.68E-05,0.831038856,0.017817684,1.97E-09,11284.52256,3.34E-07,9.34E-10,1.20E-18,8.68E-07,63.65078716,25.10964416,0.509716319
1.59E-05,0.715612475,0.061860315,2.85E-09,37274.56742,2.15E-07,1.49E-09,1.13E-18,6.21E-07,25.52132831,1.898522508,0.013882251
8.49E-05,0.611001876,0.059622539,4.16E-09,14399.8318,3.11E-07,1.12E-09,1.71E-18,4.22E-07,55.58310191,21.52993429,0.548133421
8.71E-05,0.732638099,0.068635767,3.35E-09,45707.11045,3.19E-07,1.90E-09,1.83E-18,8.31E-07,50.48305215,18.85654709,0.523453996
2.17E-05,0.580476201,0.021905441,1.18E-09,19624.16096,2.13E-07,2.34E-09,2.04E-18,9.54E-07,39.83499172,12.09423485,1.043224737
9.72E-05,0.752617088,0.014303265,1.92E-09,48974.63472,3.47E-07,3.20E-10,2.30E-18,6.99E-07,88.95012011,34.22280454,0.842087556
8.93E-05,0.529543179,0.053530096,3.94E-09,28824.03977,2.10E-07,3.43E-10,2.29E-18,3.63E-07,66.39116293,26.25198109,0.633374992
4.96E-05,0.787497983,0.031338816,2.23E-09,47401.75117,3.51E-07,1.57E-09,1.19E-18,6.95E-07,48.91767052,17.95495782,0.328365149
8.19E-05,0.754361109,0.030767756,7.60E-10,30703.15145,1.67E-08,7.48E-10,1.63E-18,3.33E-07,115.7167314,41.47668292,2.202139966
7.75E-05,0.553637212,0.014667078,1.52E-09,36999.53,3.69E-07,6.14E-10,2.77E-18,5.62E-07,86.59305463,33.61945719,1.315123527
8.26E-05,0.813459938,0.012179469,4.69E-09,11206.81745,3.83E-07,2.42E-09,2.47E-18,5.07E-07,71.45516791,28.60669743,0.640267093
5.73E-05,0.673339307,0.018659092,4.56E-09,25733.28242,2.58E-07,9.07E-10,3.10E-18,7.56E-07,57.99324637,22.81196433,0.436181025
7.62E-05,0.837021994,0.061189847,2.51E-09,26693.19596,1.28E-07,8.50E-10,1.19E-18,8.50E-07,55.6320382,21.1283029,0.471254743
9.79E-05,0.593187708,0.042472738,5.00E-09,34332.60185,1.49E-07,5.01E-10,2.21E-18,4.78E-07,73.51098639,29.10532237,0.736998938
5.95E-05,0.87928714,0.024294462,3.67E-09,18129.14757,1.81E-08,2.47E-09,2.96E-18,8.53E-07,50.76845396,19.22664247,0.400091954
9.35E-05,0.866981286,0.049642692,3.14E-09,16394.4004,1.09E-07,2.43E-09,1.56E-18,9.96E-07,58.99176326,22.98382034,0.61451287
7.79E-05,0.638721014,0.063055231,3.39E-09,27183.3894,1.50E-07,2.17E-09,3.59E-18,9.51E-07,49.46314014,18.52770356,0.47148149
9.91E-05,0.706427746,0.051468088,1.61E-09,16116.96597,1.06E-07,1.67E-09,1.17E-18,5.33E-07,79.91601941,30.36662003,1.150317317
5.38E-05,0.618071522,0.017919028,6.85E-10,12078.37609,2.94E-07,2.75E-09,2.53E-18,4.53E-07,77.92001412,30.59525968,1.502137954
1.01E-05,0.789056821,0.037281686,4.85E-09,39552.59315,2.27E-07,6.31E-10,3.36E-18,6.17E-07,21.58326017,0.050900849,0.031874159
6.84E-05,0.51374293,0.078012381,3.80E-09,9988.37713,1.58E-07,1.85E-09,2.41E-18,9.71E-07,43.6265074,15.30106759,0.38058233
8.99E-05,0.761621881,0.051984276,2.56E-09,45807.5708,2.32E-07,1.67E-09,2.35E-18,3.82E-07,59.68364974,23.27193566,0.59569232
6.31E-05,0.799237994,0.031593272,1.49E-09,22979.06158,2.44E-07,2.09E-09,1.05E-18,4.09E-07,62.43174879,24.36354237,0.83580842
5.72E-05,0.615023735,0.017454229,4.18E-09,26206.29272,2.24E-07,1.03E-09,2.98E-18,4.60E-07,60.86640857,24.11909621,0.46193576
3.74E-05,0.521211487,0.045252494,4.62E-09,31123.10524,1.16E-07,2.09E-09,1.24E-18,9.78E-07,41.66228901,14.10796159,0.235123075
2.58E-05,0.851122289,0.017574704,3.57E-09,45491.53424,3.75E-07,1.02E-09,3.44E-18,5.00E-07,23.71243775,1.79034454,0.115584416
8.24E-05,0.693153245,0.015046095,4.74E-09,14790.70798,4.27E-08,2.83E-09,2.15E-18,8.80E-07,73.85528895,29.459413,0.656948882
2.45E-05,0.802601889,0.048567724,1.31E-09,10865.92205,3.10E-07,1.05E-09,3.61E-18,3.67E-07,23.96538052,1.380504453,0.046926271
9.09E-05,0.880506995,0.021860639,1.43E-09,7513.012142,2.16E-07,1.55E-09,3.73E-18,5.74E-07,70.30815974,27.9140135,0.67924941
6.36E-05,0.717844872,0.013751635,4.84E-09,19890.16047,1.07E-07,1.65E-09,2.13E-18,5.18E-07,62.81611674,24.98219211,0.493127779
9.25E-05,0.901318784,0.028012256,3.56E-09,26323.97397,3.10E-07,4.46E-10,2.67E-18,5.36E-07,68.31815709,27.21505315,0.687390978
9.15E-05,0.712442934,0.028472816,1.48E-09,24243.82756,2.64E-07,1.34E-09,3.65E-18,4.89E-07,74.82172851,29.45207153,0.709609833
4.26E-05,0.574102602,0.04756177,4.25E-09,36716.75464,3.79E-07,7.11E-10,2.64E-18,6.51E-07,42.74769171,14.82468684,0.256994229
6.84E-05,0.668780538,0.017170254,3.89E-09,33664.04732,2.72E-07,2.71E-09,1.35E-18,5.85E-07,67.84340006,27.01565044,0.546793951
5.61E-05,0.76054898,0.010001016,2.65E-09,10948.30176,3.97E-07,2.05E-09,2.28E-18,6.26E-07,57.23102956,22.44014277,0.419652898
